run,group,n,match_pct,err_mean,err_median,err_p95,err_max,err_rmse,within_5m_pct,within_10m_pct,along_bias,along_mae,cross_mean,cross_p95,edge_pct,route_pct,nk_error,stuck_pct,jumps_per_km,path_ratio,latency_ms,latency_p95_ms
20261005-152039,input:raw_gps,651,,11.387767899380629,,87.9530818855504,,,,,2.5445627705412783,8.701609436956668,2.8668329814964957,10.135958422311933,,,,,,,,
20261005-152039,input:kalman,651,,13.086587592330135,,89.47781288919853,,,,,2.4368534470418584,10.781531575460374,3.334954992793507,10.97128034833505,,,,,,,,
20261005-152039,native,651,100.0,11.124442196623889,0.0054824711316448504,91.20795313253177,150.00000000000816,32.89740588835749,80.95238095238095,85.09984639016898,2.6429373154629263,9.178157639316996,2.1036225748778667,9.198815549230842,72.35023041474655,75.92233009708738,0.893916892915945,0.0,0.16669166428910429,0.9790980448511901,9.707964669738864,12.1175
20261005-152039,native_kalman,651,100.0,12.79130378961573,2.73409332685179,89.10071744514596,150.03428603362684,32.57694244071198,67.4347158218126,82.02764976958525,2.4124522294443804,10.876958623527072,2.454561629985454,10.425038837093684,68.04915514592933,67.4,1.0747745684908363,0.18148820326678766,0.16669166428910429,0.9829206954259624,7.149188940092166,9.347999999999999
20261005-152039,topo,651,100.0,12.02333486019784,7.647053845181409e-05,97.84810861082002,150.0000000000061,33.5260848880536,70.19969278033794,81.5668202764977,2.8271205111745825,10.42356638119632,1.7404794477850498,10.036192927317874,75.57603686635944,89.70814132104455,0.3017500245330544,5.2631578947368425,0.16669166428910429,0.9570411816741587,24.412715821812597,32.7515
20261005-152039,topo_kalman,651,100.0,13.480134900263923,3.451478135195615,93.2422233384146,150.00000000000665,33.294055663341226,59.907834101382484,78.49462365591397,1.5393176172955825,11.861567630361552,1.8116409849128399,10.059336668352355,72.35023041474655,88.0184331797235,0.30793453490781053,4.3557168784029034,0.16669166428910429,0.9537927874133892,22.756081413210445,28.48
20261005-152039,fuzzy,651,99.23195084485407,18.688339549695385,4.226568999710995,99.29353945620787,150.28918590504108,38.101181376823355,51.30568356374808,62.826420890937015,-6.210218261282053,18.154743560961215,1.048057018766174,8.341710746339619,54.07066052227343,89.40092165898618,0.35673023453599856,26.497277676950997,2.6670666286256686,0.9384823209898009,1.0574439324116744,0.2225
20261005-152039,fuzzy_kalman,651,96.92780337941629,24.38352688428753,6.013809462804147,128.73026614299914,150.28918590504108,46.153906122505376,47.31182795698925,59.907834101382484,-10.660265806182478,24.071997966437408,0.9004476775917573,6.995927441206783,51.1520737327189,85.25345622119816,0.4513842094359581,28.312159709618875,2.33368330004746,0.9282441709971596,1.156173579109063,0.3275
20261005-152039,hmm,651,100.0,10.791253479168692,7.255775915489519e-05,101.59355095142453,150.0000000000061,33.52072699339218,79.56989247311827,88.78648233486943,3.753215652419897,10.226606351668005,0.8765823602751743,6.390630987200508,70.50691244239631,80.3379416282642,0.5833589567454998,1.8148820326678765,0.16669166428910429,1.0004969705893614,32.54115975422427,60.004
20261005-152039,hmm_kalman,651,100.0,11.992817742844142,2.5110189623835306,91.61924911443347,150.03399377151803,32.66283289309492,68.66359447004609,86.78955453149003,2.4068588226377927,11.382492435548816,1.1063757838092247,6.929824436871641,65.43778801843318,75.57603686635944,0.7400063240761947,2.540834845735027,0.16669166428910429,0.9991925518594789,31.109301075268814,61.083
20261005-152039,st,651,100.0,10.577187138702229,7.578347270115527e-05,97.83082330988334,150.0000000000061,32.99067095069388,80.03072196620585,88.17204301075269,3.460008021814766,9.544092397852053,1.1701880808023475,6.670285489444563,72.19662058371736,82.79569892473118,0.6213601125249424,0.5444646098003629,0.16669166428910429,0.9971670465429253,31.227023041474656,60.425
20261005-152039,st_kalman,651,100.0,12.04288650360161,2.896015418354351,89.82546141004576,150.03399377151803,32.32967436120687,67.12749615975423,86.02150537634408,2.1776405504362413,11.089773051556111,1.25489200213401,6.9457214936787395,67.28110599078342,78.64823348694317,0.9335012484598696,1.2704174228675136,0.16669166428910429,0.9936896758659848,33.43272657450077,64.167
20261005-152040,input:raw_gps,718,,5.350097267945335,,20.07964591451339,,,,,0.7736807868923371,2.0464701983701046,3.3682262218938663,12.810649574959449,,,,,,,,
20261005-152040,input:kalman,718,,8.101363491577404,,28.3908802292931,,,,,0.4342572505141129,4.878695903930412,4.442300106194024,13.004500135402967,,,,,,,,
20261005-152040,native,718,100.0,4.756959466990551,0.003874230828238695,24.400388543337453,150.03401832932562,17.207298035507765,81.47632311977716,87.74373259052925,1.0796688296216483,2.4506723837967495,2.4555110832062694,12.70378197965438,74.65181058495821,71.81818181818181,0.9899556224308448,0.0,0.0,0.9678126907996771,20.864887186629527,30.822149999999993
20261005-152040,native_kalman,718,100.0,7.423078411368921,3.319066456041995,27.030750854372336,150.03403023531484,17.889322997680278,60.724233983286915,80.64066852367688,0.24801969657016806,4.821704294506536,3.354659191654057,12.950929592127311,61.28133704735376,56.58362989323843,1.1466204354889715,0.0,0.0,0.9870552902224982,18.40516852367688,26.76485
20261005-152040,topo,718,100.0,5.119355772774909,7.239914292502323e-05,19.806863797550157,150.00000000000182,14.860516163590901,72.28412256267409,83.008356545961,-0.41700001765682654,3.33948808365486,2.164578280793455,10.46300054914144,76.46239554317549,83.28690807799443,0.30430146217003057,3.902439024390244,0.0,0.9540307529260029,1.514474930362117,1.5886999999999998
20261005-152040,topo_kalman,718,100.0,6.830886139007701,3.359159639223118,22.73412114638998,150.0,15.069732799610163,58.35654596100278,78.8300835654596,-1.5432356569404226,4.825722139448949,2.309990032375633,10.472500017865679,74.79108635097494,82.72980501392757,0.2781132445781952,3.902439024390244,0.0,0.9631342462139477,1.34066573816156,1.5183
20261005-152040,fuzzy,718,98.32869080779945,11.309138463019227,1.9369101281712346,52.916330966914245,150.0,24.013616608536783,55.84958217270195,67.68802228412257,-7.940895933478946,10.388976990282712,1.5042657012388594,10.2791837556116,57.938718662952645,83.14763231197772,0.41089485678148174,25.203252032520325,2.6661481783728194,0.9430977110003247,1.0926545961002787,0.39
20261005-152040,fuzzy_kalman,718,97.7715877437326,13.796986811220695,5.979086339491065,60.30050929391004,150.0,25.967566681296983,46.10027855153203,62.39554317548747,-10.042174716202272,13.018048627939558,1.4169753712225106,10.2791837556116,55.15320334261838,84.54038997214485,0.3613380872940589,27.642276422764226,3.166050961817723,0.9411883164650758,0.6563941504178273,0.38409999999999966
20261005-152040,hmm,718,100.0,5.581168142436626,7.406499301540419e-05,20.233413008873534,150.00000000000182,17.46661668679913,76.04456824512535,85.37604456824512,0.6958153366150275,3.371912028825277,2.589686457767581,12.870224221285174,67.68802228412257,73.81615598885794,0.7334314655501406,1.951219512195122,0.3332685222966024,1.0094318624022234,19.91693871866295,75.87319999999998
20261005-152040,hmm_kalman,718,100.0,7.973529125791131,3.373314606898898,27.251434180432973,150.00000000000017,19.15029861269892,61.42061281337048,79.94428969359332,-0.26684695778406275,5.595847576800744,2.9803736903713918,10.494032026720607,63.370473537604454,69.49860724233983,0.7527896808522242,2.113821138211382,0.3332685222966024,1.0280930761293805,20.323143454039,75.97074999999998
20261005-152040,st,718,100.0,4.636257470386063,7.564369699063744e-05,19.35688896279668,150.00000000000182,15.25758756105356,79.38718662952647,87.1866295264624,0.9314062523861644,2.403671881370078,2.5279737060378866,12.562933685444426,70.47353760445682,74.3732590529248,0.7939114411261222,0.975609756097561,0.49990278344490363,0.9993443451330576,20.9161643454039,74.08974999999998
20261005-152040,st_kalman,718,100.0,7.480723806972911,3.239864115708611,19.77531626913754,150.00000000000017,18.381601497869564,62.53481894150418,80.64066852367688,-0.3279343454615969,5.283516423811038,2.7931023143858713,11.13870333592024,64.9025069637883,69.77715877437326,1.0695321273974252,0.975609756097561,0.6665370445932048,1.0259403680091232,22.05789554317549,76.78275
20261005-155952,input:raw_gps,616,,5.940469848421168,,19.464583154395303,,,,,0.6463947641190233,2.2949485460884067,3.7216167704526115,12.1610723353463,,,,,,,,
20261005-155952,input:kalman,616,,10.68102386929388,,30.41732781609616,,,,,-1.0763632863956656,6.838685932953436,5.9379163204047005,18.23519352526004,,,,,,,,
20261005-155952,native,616,100.0,5.0450538116010275,0.007534343989867364,20.50610349167112,150.03402554007047,17.75812801711015,77.43506493506493,91.23376623376623,0.6427086306182936,2.5387873196129744,2.6892721458006674,10.434345488801046,64.77272727272727,62.955465587044536,0.9493519005079707,0.0,0.0,0.9736086289147166,9.573313311688311,11.74075
20261005-155952,native_kalman,616,100.0,10.168062322638939,5.4951605867291295,30.439891703184465,150.03401281331165,20.63325005668119,43.66883116883117,69.31818181818183,-0.9357241021831221,7.100385120834784,4.450050047459473,15.502675491413292,52.435064935064936,47.96747967479675,1.487368628481346,0.3795066413662239,0.16674204372692997,1.0135139964882265,6.6048409090909095,8.23875
20261005-155952,topo,616,100.0,4.9746538826080595,7.720275546076996e-05,15.202702700516568,150.0000000000005,14.95830786983214,67.85714285714286,88.14935064935064,-0.058130609803768975,3.0102875329013896,2.1212327811137044,10.264363295526984,75.81168831168831,81.81818181818181,0.27599185496584355,3.415559772296015,0.0,0.9538496651581618,24.32800487012987,32.14725
20261005-155952,topo_kalman,616,100.0,9.392188931673974,7.013278918873731,30.441832320116895,150.0,17.283221110238376,42.532467532467535,67.85714285714286,-3.59905113537557,6.980438596650629,3.124521991973225,16.2938526190979,62.66233766233766,74.83766233766234,0.4049330005254864,5.882352941176471,0.50022613118079,0.9677528145764446,22.527862012987015,29.6295
20261005-155952,fuzzy,616,98.86363636363636,13.23896274321448,3.4901916067997263,57.767580791234195,150.00000000000068,25.844221618976047,52.27272727272727,63.798701298701296,-10.120334338895116,12.515575863888051,1.1427692670910001,10.02443406908188,55.51948051948052,87.5,0.38896260290768997,27.514231499051235,3.1680988308116693,0.929045921095375,0.9067662337662338,0.20675
20261005-155952,fuzzy_kalman,616,97.8896103896104,18.14901227915013,8.385227966965083,78.26668476193437,150.03567689092324,32.65244084608028,38.63636363636363,54.05844155844156,-13.811451795556998,17.264067819201692,2.2130165943077427,13.2144056813728,51.46103896103896,80.68181818181819,0.4248883342091438,28.27324478178368,3.668324961992459,0.926733792740692,1.3075925324675326,14.73525
20261005-155952,hmm,616,100.0,5.023628910029234,0.007344828965396206,12.314219866756492,150.03402497360526,16.49086584837916,71.5909090909091,90.42207792207793,0.8934694212859368,3.389915500095513,1.9469507143893356,9.598305689458199,63.47402597402598,69.15584415584415,0.6642384830968651,2.4667931688804554,0.16674204372692997,1.0036755908930493,31.340266233766233,62.794
20261005-155952,hmm_kalman,616,100.0,9.93118365726083,5.7945699683205625,31.585373836083832,150.03399377151803,20.301593670199058,46.590909090909086,71.75324675324676,-1.6669458791051797,7.181301923771665,3.7256773357452677,14.564391450353874,54.05844155844156,62.66233766233766,0.8238001401296204,2.4667931688804554,0.50022613118079,1.0331156457155308,32.09639448051948,61.92375
20261005-155952,st,616,100.0,3.516247217257833,8.190309759040533e-05,10.170491671747074,150.03402497360526,13.899394013806377,79.22077922077922,94.15584415584416,1.1718121013531873,2.1846823841452183,1.4992399034259873,9.598305689458199,70.77922077922078,74.67532467532467,0.565565335435278,0.3795066413662239,0.16674204372692997,0.9728324340686432,31.995131493506495,60.685249999999996
20261005-155952,st_kalman,616,100.0,9.437102397555968,5.430671755894069,26.193537068800158,150.03399377151803,19.41190481341883,47.4025974025974,72.24025974025975,-1.933808170358632,7.001479023129891,3.420295371608023,15.060401634720474,57.142857142857146,64.28571428571429,1.1500175162024875,1.8975332068311195,0.33348408745385993,1.0208517185952384,32.750873376623375,61.2385
20261005-155953,input:raw_gps,628,,6.509494881164264,,31.644567963447585,,,,,2.932717833510917,3.137341712079931,3.4710425249218675,11.347086513425134,,,,,,,,
20261005-155953,input:kalman,628,,10.000678997228638,,36.3201009721672,,,,,2.032414355193855,6.7290071913639835,4.731454155890119,11.821863427533867,,,,,,,,
20261005-155953,native,628,100.0,5.71909153644379,0.005341823581258621,30.439891703184465,150.0340190517764,19.26671051387953,82.48407643312102,88.53503184713377,2.9776184962647982,3.2578562304639864,2.5646695934972445,11.133160286335752,74.36305732484077,72.0173535791757,0.7947079173235246,0.0,0.0,0.9760161521937762,25.067762738853503,37.8093
20261005-155953,native_kalman,628,100.0,9.380124733689144,4.135521410774674,30.439891703184465,150.03402332484092,21.453436009643767,55.4140127388535,79.77707006369427,2.037717982810113,6.719397319245525,3.4633568751021584,12.310760600946395,60.031847133757964,57.53138075313807,1.2741329479768793,0.0,0.0,0.9995390490437172,22.217246815286625,33.36845
20261005-155953,topo,628,100.0,6.797224624091809,0.016689224379806872,30.441832320116895,150.00000000000261,19.56447836373495,72.45222929936305,84.39490445859873,1.9943755422675706,4.769582461282266,2.2211992200499,10.393061336876386,77.22929936305732,85.19108280254777,0.3590624452618675,3.6538461538461537,0.16704424316770752,0.9623301518602322,1.7820222929936305,1.8473
20261005-155953,topo_kalman,628,100.0,8.755381010291867,3.846626462106663,30.441832320116895,150.0000000000005,19.56464839556675,56.52866242038217,77.54777070063695,0.06617489694565293,6.767882845542413,2.285393952095786,13.520733551414626,75.31847133757962,85.828025477707,0.30171439831844477,4.230769230769231,0.0,0.9679198420992107,1.5193662420382166,1.9178999999999997
20261005-155953,fuzzy,628,98.2484076433121,11.884961195582061,2.496421634732201,53.84825597412344,150.0,23.80119506067842,54.77707006369427,65.92356687898089,-7.57542703652485,11.24082171170385,1.0011750231512933,9.585924161076521,57.802547770700635,88.53503184713375,0.3553227360308289,26.346153846153847,2.505663647515613,0.9389655647464316,1.2444410828025474,0.47329999999999994
20261005-155953,fuzzy_kalman,628,99.20382165605096,14.855766365589886,6.94232077265489,60.89195190592329,150.0,26.503220130863763,43.63057324840764,60.35031847133758,-8.616341566865595,14.277345596500709,1.0357208687861044,9.38286390342189,53.66242038216561,87.89808917197452,0.4104221404799443,26.346153846153847,3.1738406201864433,0.9463384001463462,0.7316512738853502,0.49049999999999977
20261005-155953,hmm,628,100.0,7.137498872483949,0.10507480125716029,47.00935183940432,150.00000000000261,20.786662208909643,72.29299363057325,86.30573248407643,2.9716089321688326,4.30223326359857,3.040917258856014,10.275858954149836,66.56050955414013,73.88535031847134,0.6118146785776849,1.5384615384615385,0.5011327295031226,1.0281136471629382,23.838428343949047,92.49574999999996
20261005-155953,hmm_kalman,628,100.0,10.00555579800317,4.087493617929955,53.07517410813287,150.00000000000273,22.591337911829754,55.891719745222936,79.61783439490446,1.419692722170727,7.22280729646037,3.3242784789457422,10.836049020091645,65.76433121019109,73.2484076433121,0.6272814853739713,1.9230769230769231,0.33408848633541505,1.0163309613993248,23.990388535031848,96.56639999999996
20261005-155953,st,628,100.0,6.381945019316874,9.451592902021031e-05,43.92788266693166,150.00000000000261,19.848278934583377,73.88535031847134,88.05732484076432,2.958845022190823,3.8382891187715416,2.6646199451756005,10.28441955013442,68.94904458598727,75.1592356687898,0.5358994569977232,0.7692307692307693,0.5011327295031226,0.9959476185539895,24.865859872611466,91.03084999999999
20261005-155953,st_kalman,628,100.0,9.377655877451641,4.322282252465013,54.02306845689468,150.0000000000005,21.31063299995052,53.66242038216561,81.68789808917197,1.3743605363234104,6.4972766741502666,3.329438369420841,10.349708622885124,64.80891719745223,71.3375796178344,0.8379313364862505,0.7692307692307693,0.16704424316770752,1.0009532798522756,25.43779617834395,97.11929999999998
