position,group,overall_score,cat_position,cat_road,cat_behaviour,cat_speed,place_20261005-152039,place_20261005-152040,place_20261005-155952,place_20261005-155953,score_err_mean,score_err_p95,score_within_5m_pct,score_cross_mean,score_edge_pct,score_route_pct,score_nk_error,score_stuck_pct,score_jumps_per_km,score_match_pct,score_latency_ms
1,topo,91.20200082300123,81.35862091102615,97.59888248367662,94.64849907430091,56.12627520961506,1,1,1,1,91.74597228462467,100.0,73.03130768864062,60.65720367083933,100.0,92.79664745102987,100.0,85.31750040101242,98.62799682189033,100.0,56.12627520961506
2,st,84.42364723276283,88.34653465587628,68.92608692332797,95.99832011908423,4.256778826050944,2,4,2,4,100.0,95.15641712689458,93.30204708278067,64.92767441382989,75.78128034617225,65.08842565818304,65.90855476562862,97.58639846191477,90.4085618953379,100.0,4.256778826050944
3,topo_kalman,80.04412687927724,59.40844156529088,87.63162330131628,93.09231577122458,59.67114622373,4,2,5,2,71.03126723438939,91.77602672358877,28.394904738215686,46.43156756496967,78.68964375116143,85.58396147622288,98.62126467656452,83.38551058253488,95.89143673113885,100.0,59.67114622373
4,native,79.35408288113099,84.50235291815123,53.55989572524174,100.0,44.128631290986,5,3,4,3,96.67074350943018,98.02605899486608,100.0,43.31260916830867,79.77420586205781,44.693829673204654,36.21165164046275,100.0,100.0,100.0,44.128631290986
5,hmm,78.83670296493092,81.13394713890968,60.459830989819054,94.91633076606404,5.501809396443036,3,5,3,5,92.57295189252423,89.1739714007615,84.42103454742342,58.36783071492957,60.65170227574451,56.85321489928108,63.874575794431564,92.97179457594996,91.77719772224214,100.0,5.501809396443036
6,hmm_kalman,64.21002851150895,52.733016143857455,45.82022513180508,94.07684425886431,5.6088550152599055,6,6,7,6,67.8960800495315,75.60085689345838,38.786566694672,28.648560937767943,39.724534247835464,43.24301038398573,54.49313076359405,91.82037405548188,90.41015872111105,100.0,5.6088550152599055
7,st_kalman,63.639708890426014,56.28659629544771,39.30872529417173,95.32380508165859,0.0,7,7,6,7,71.29220245727281,83.9178293977313,37.53237820478642,32.4039751220003,45.602070593279706,45.81502430017611,26.509080989059363,95.55700390994315,90.41441133503264,100.0,0.0
8,native_kalman,52.98129841770643,48.76031894157902,10.80919955407802,99.37437675746224,53.9963644896974,8,8,9,8,68.20106359181426,91.68430335147193,35.155908823029904,0.0,32.42759866223406,0.0,0.0,99.4926513620071,98.63047891037962,100.0,53.9963644896974
9,fuzzy,45.368984569640304,50.0418458550691,69.20264732473701,16.862460529114813,99.5907269213122,9,9,8,9,34.86567370506336,39.03435146187443,26.267358253338603,100.0,14.845242461322815,100.0,92.76269951288822,4.533549656218594,10.964268856922155,35.08956307420369,99.5907269213122
10,fuzzy_kalman,27.591606241839855,22.59068597162151,60.184132753898055,0.0,100.0,10,10,10,10,0.0,0.0,0.0,90.36274388648604,0.0,91.42759163686655,89.12480662482761,0.0,0.0,0.0,100.0
