group,runs,avg_n,err_mean_run_std,match_pct,err_mean,err_median,err_p95,err_max,err_rmse,within_5m_pct,within_10m_pct,along_bias,along_mae,cross_mean,cross_p95,edge_pct,route_pct,nk_error,stuck_pct,jumps_per_km,path_ratio,latency_ms,latency_p95_ms
input:raw_gps,4,653.25,2.767980648522561,,7.296957474227849,,39.785469729476674,,,,,1.724339038765889,4.045092473373778,3.3569296246912104,11.613691711510704,,,,,,,,
input:kalman,4,653.25,2.0592665404812664,,10.467413487607514,,46.15153047668875,,,,,0.9567904415885402,7.3069801509270516,4.611656393820588,13.50820935913298,,,,,,,,
native,4,653.25,3.0025633289549063,100.0,6.661386752914814,0.005558217382752383,41.6385842176812,150.02551573029515,21.782385613713735,80.58696136008601,88.15309426539956,1.8357333179919166,4.356368393297677,2.453268849345512,10.867525826005505,71.5344563993182,70.67833277037236,0.9069830832945713,0.0,0.04167291607227607,0.97413387918984,16.30348197672755,23.122425
native_kalman,4,653.25,2.223383208128066,100.0,9.940642314328183,3.9209604450993973,44.252812926471805,150.03408810177356,23.138237876179303,56.81044842819605,77.94089254378456,0.9406164516603849,7.379611339528479,3.4306569360502857,12.797351130395171,60.4493510655265,57.370622580293315,1.2457241451095082,0.14024871115825288,0.08335842700400856,0.995757257795101,13.594111297036646,19.4300125
topo,4,653.25,3.301754654602754,100.0,7.228642284918155,0.00422882420416112,40.82487685725091,150.00000000000276,20.7273468213029,70.69829687487949,84.27985798260201,1.0865913564953895,5.385731114758709,2.061872432435527,10.289154527215672,76.26985502107014,85.00107850494214,0.310276446732699,4.058750711317314,0.08343397686420295,0.956812937904639,13.009304478824554,17.0836875
topo_kalman,4,653.25,2.7975672092915302,100.0,9.614647745309366,4.417635788849782,44.21500228125959,150.0000000000018,21.302914492189128,54.33137750380874,75.68240519478834,-0.8841985695186894,7.608902803000886,2.382886740339371,12.58660571418264,71.28053144140969,82.85348150225511,0.32317379458248424,4.5928195186847125,0.16672944886747357,0.963149922575748,12.03599385159931,15.386425000000001
fuzzy,4,653.25,3.370501780751527,98.6681714149005,13.780350487877788,3.0375230923535392,65.95642679711993,150.07229647626045,27.94005366625365,53.551265768217895,65.05917783818545,-7.961718892545242,13.075029531708957,1.1740667525618318,9.557813183027404,56.332851868851805,87.1458964545244,0.3779776075639998,26.3902287636691,2.7517443213314428,0.937397879457983,1.0753264612701836,0.32313749999999997
fuzzy_kalman,4,653.25,4.766452489775222,97.94820579220256,17.79632308506206,6.830111135478797,82.04735302619171,150.0812156989911,32.8192834451866,43.919760848323136,59.17803432666227,-10.782558471201835,17.15786500251984,1.3915401279770288,9.968095195403269,52.857184104635465,84.59343838678393,0.4120081928547763,27.64345869008016,3.0854749610110215,0.9356261700873184,0.9629528839699433,3.9843375
hmm,4,653.25,2.5974645757541612,100.0,7.133387351029625,0.028141563243681698,45.287633916614716,150.00850624340396,22.06621793437003,74.87459085993149,87.72258432731724,2.0785273356224234,5.322666786046841,2.1135341978220263,9.78375496302343,67.05736756367125,74.29882302285941,0.6482108959925476,1.942839063051248,0.29195873995393984,1.0104295177618932,26.909198262650627,72.79173749999998
hmm_kalman,4,653.25,1.6411708473908586,100.0,9.975771580974818,3.9415992888832365,50.88280780977079,150.01699688575974,23.676515771955664,58.14170902988715,79.52623134330864,0.4731896769798193,7.845612308145398,2.7841763222179066,10.706074233509442,62.15775858116757,70.24634735358725,0.7359694076080027,2.261131518975947,0.3335687010254779,1.0191830587759287,26.879806886214784,73.88597499999999
st,4,653.25,3.099269352292593,100.0,6.27790921141575,8.19615490756021e-05,42.82152165283969,150.00850624340396,20.4989828650343,78.13100953374573,89.39296038345589,2.1305178494362353,4.492683945534723,1.9655054088604555,9.7789861036204,70.59960588834556,76.75087958044261,0.6291840865210164,0.6672029441237293,0.3336173052410151,0.9913228610746538,27.25104468824913,71.5577125
st_kalman,4,653.25,1.8738595626596741,100.0,9.584592146395533,3.9722083856055113,47.45434580121953,150.01699688575917,22.858453418111445,57.68183322150536,80.14758293236316,0.3225646427348557,7.468011293161827,2.6994320143871864,10.873633771801146,63.533846823720275,71.01217154121628,0.9977455571365081,1.2281977887567408,0.3334392598759691,1.0103587605806554,28.419822918160897,74.8268875
