wall_time,phone_timestamp,method,kalman,lat,lon,raw_x,raw_y,filt_x,filt_y,match_x,match_y,actual_x,actual_y,edge_id,raw_dist,score,correction_m,match_ms,phone_speed_mps,sumo_speed_mps,phone_course_deg,accuracy_m
2026-09-10T11:08:54.620,1789002535,native,False,-37.90890681,145.1320219,1726.5176,1575.5092,1726.5176,1575.5092,1726.5176,1575.5092,1722.1289,1574.7433,:3157090491_0,,,0,10.365,2.245,1.256,2.5,4.68
2026-09-10T11:09:00.734,1789002541,native,False,-37.9086944,145.1320598,1729.3731,1599.1461,1729.3731,1599.1461,1729.3731,1599.1461,1727.8004,1588.6762,-1272942443#2,,,0,9.861,4.621,4.227,5.6,4.74
2026-09-10T11:09:04.800,1789002545,native,False,-37.90850578,145.1320856,1731.2259,1620.1223,1731.2259,1620.1223,1731.2259,1620.1223,1730.3157,1609.7871,-1272942443#1,,,0,11.313,5.022,4.889,7.9,4.75
2026-09-10T11:09:08.865,1789002549,native,False,-37.90831408,145.1321039,1732.4034,1641.4255,1732.4034,1641.4255,1732.4034,1641.4255,1732.8163,1630.209,-1272942443#1,,,0,11.59,5.11,5.241,11.4,7.35
2026-09-10T11:09:12.948,1789002553,native,False,-37.90809307,145.1321135,1732.7623,1665.9673,1732.7623,1665.9673,1732.7623,1665.9673,1735.6301,1653.1892,-1272942443#1,,,0,9.934,5.402,5.362,9.3,7.71
2026-09-10T11:09:16.985,1789002557,native,False,-37.90790482,145.1321639,1736.7688,1686.9451,1736.7688,1686.9451,1736.7688,1686.9451,1735.7258,1677.8319,-1272942443#1,,,0,8.92,5.045,5.78,11.2,6.49
2026-09-10T11:09:21.077,1789002561,native,False,-37.9077477,145.1322051,1740.0436,1704.4531,1740.0436,1704.4531,1740.0436,1704.4531,1738.5441,1695.5062,-1272942443#1,,,0,10.061,4.686,4.75,7.3,5.44
2026-09-10T11:09:27.190,1789002567,native,False,-37.90757032,145.1322276,1741.6243,1724.1751,1741.6243,1724.1751,1741.6243,1724.1751,1744.0294,1718.4149,:cluster_11820724987_9351956751_1,,,0,9.103,2.786,3.22,353.7,4.48
2026-09-10T11:09:31.273,1789002571,native,False,-37.90752425,145.1319933,1720.928,1728.8746,1720.928,1728.8746,1720.928,1728.8746,1731.8829,1727.2104,:cluster_579289_605155831_9106614572_9106614573_#2more_0,,,0,11.532,5.294,4.324,279.8,4.02
2026-09-10T11:09:35.352,1789002576,native,False,-37.90749283,145.131628,1688.7382,1731.7179,1688.7382,1731.7179,1688.7382,1731.7179,1708.069,1729.9267,1209653410,,,0,8.755,6.548,6.348,278.3,4.15
2026-09-10T11:09:39.431,1789002580,native,False,-37.90744598,145.1313347,1662.848,1736.3999,1662.848,1736.3999,1662.848,1736.3999,1675.8205,1733.8758,1209653410,,,0,8.389,6.535,6.572,278.1,4.43
2026-09-10T11:09:43.522,1789002584,native,False,-37.90743482,145.1310711,1639.6456,1737.1734,1639.6456,1737.1734,1639.6456,1737.1734,1650.2339,1737.0233,1209653410,,,0,9.458,5.543,6.378,282.5,4.48
2026-09-10T11:09:47.602,1789002588,native,False,-37.90738725,145.1308054,1616.1809,1741.9838,1616.1809,1741.9838,1616.1809,1741.9838,1627.8614,1739.7754,:cluster_605155297_605155316_10,,,0,8.928,5.849,5.828,277.9,4.86
2026-09-10T11:09:51.671,1789002592,native,False,-37.90735952,145.130537,1592.5225,1744.5868,1592.5225,1744.5868,1592.5225,1744.5868,1604.1998,1742.6144,:cluster_9106614563_9109971234_1,,,0,9.226,5.765,5.867,274.2,5.0
2026-09-10T11:09:55.730,1789002596,native,False,-37.90740172,145.1302707,1569.207,1739.4356,1569.207,1739.4356,1569.207,1739.4356,1582.8443,1742.6843,1147258794#2,,,0,8.759,5.918,5.425,247.4,4.86
2026-09-10T11:09:59.802,1789002600,native,False,-37.90758172,145.1300857,1553.3385,1719.1353,1553.3385,1719.1353,1553.3385,1719.1353,1559.2258,1731.3058,985461730,,,0,8.376,6.183,5.988,221.5,4.9
2026-09-10T11:10:03.876,1789002604,native,False,-37.90760943,145.1298189,1529.9416,1715.5894,1529.9416,1715.5894,1529.9416,1715.5894,1541.9885,1716.9977,5094886#2,,,0,10.762,6.12,6.131,263.4,4.82
2026-09-10T11:10:07.958,1789002608,native,False,-37.90756423,145.1296124,1511.691,1720.2409,1511.691,1720.2409,1511.691,1720.2409,1522.4096,1718.283,:9110403639_0,,,0,8.747,5.115,5.565,304.9,4.63
2026-09-10T11:10:14.075,1789002614,native,False,-37.90772286,145.1294545,1498.1558,1702.3603,1498.1558,1702.3603,1498.1558,1702.3603,1499.7802,1713.377,:579296_0,,,0,10.621,5.259,4.187,191.5,4.77
2026-09-10T11:10:18.145,1789002618,native,False,-37.90793824,145.1294164,1495.2887,1678.3936,1495.2887,1678.3936,1495.2887,1678.3936,1496.5064,1690.5935,-10539447#0,,,0,8.741,6.045,5.872,188.8,4.78
2026-09-10T11:10:22.207,1789002622,native,False,-37.90817003,145.1293646,1491.2538,1652.5812,1491.2538,1652.5812,1491.2538,1652.5812,1492.8322,1665.1687,-10539447#0,,,0,8.87,6.413,6.451,188.3,4.77
2026-09-10T11:10:26.291,1789002626,native,False,-37.90840631,145.1293252,1488.3172,1626.2937,1488.3172,1626.2937,1488.3172,1626.2937,1489.0733,1639.158,-10539447#0,,,0,9.071,6.395,6.632,187.8,4.63
2026-09-10T11:10:28.332,1789002629,native,False,-37.90857858,145.1292882,1485.4461,1607.1115,1485.4461,1607.1115,1485.4461,1607.1115,1487.2368,1626.4498,:579297_3,,,0,8.191,6.466,6.395,188.2,4.27
2026-09-10T11:10:32.406,1789002633,native,False,-37.90880577,145.1292417,1481.8592,1581.8192,1481.8592,1581.8192,1481.8592,1581.8192,1482.7883,1594.9345,-4577073#9,,,0,9.354,6.554,6.338,188.5,4.14
2026-09-10T11:10:36.470,1789002637,native,False,-37.90904376,145.1292006,1478.7789,1555.339,1478.7789,1555.339,1478.7789,1555.339,1479.1909,1568.272,-4577073#9,,,0,9.058,6.542,6.863,188.9,4.16
2026-09-10T11:10:40.542,1789002641,native,False,-37.9092745,145.1291489,1474.7482,1529.6435,1474.7482,1529.6435,1474.7482,1529.6435,1475.4888,1542.0702,-4577073#9,,,0,7.62,6.282,6.668,189.1,3.69
2026-09-10T11:10:44.603,1789002645,native,False,-37.90951519,145.129106,1471.5102,1502.8592,1471.5102,1502.8592,1471.5102,1502.8592,1471.9512,1517.0334,-4577073#9,,,0,8.15,6.959,6.503,189.1,4.08
2026-09-10T11:10:48.680,1789002649,native,False,-37.90977783,145.1290574,1467.828,1473.6299,1467.828,1473.6299,1467.828,1473.6299,1469.7321,1487.4087,:cluster_12176407960_33776478_412622428_9553656656_#1more_12,,,0,9.645,7.246,7.323,188.9,5.1
2026-09-10T11:10:52.757,1789002653,native,False,-37.91002136,145.1290042,1463.6886,1446.5129,1463.6886,1446.5129,1463.6886,1446.5129,1464.0289,1460.434,-4577073#4,,,0,8.903,6.956,6.854,189.0,5.36
2026-09-10T11:10:56.836,1789002657,native,False,-37.91026796,145.1289663,1460.9104,1419.082,1460.9104,1419.082,1460.9104,1419.082,1460.4742,1433.3629,-4577073#4,,,0,11.263,6.985,6.764,188.6,4.5
2026-09-10T11:11:00.908,1789002661,native,False,-37.91051662,145.1289136,1456.8248,1391.3959,1456.8248,1391.3959,1456.8248,1391.3959,1456.8355,1405.4144,-4577073#3,,,0,8.65,6.92,6.895,188.4,6.03
2026-09-10T11:11:04.985,1789002665,native,False,-37.91076064,145.1288732,1453.8145,1364.2476,1453.8145,1364.2476,1453.8145,1364.2476,1453.3583,1378.2438,-4577073#3,,,0,10.318,6.716,6.89,187.4,4.89
2026-09-10T11:11:09.079,1789002669,native,False,-37.91100317,145.1288209,1449.7646,1337.2427,1449.7646,1337.2427,1449.7646,1337.2427,1449.9534,1351.6202,:9234596131_0,,,0,10.036,6.767,6.377,188.7,5.46
2026-09-10T11:11:13.171,1789002673,native,False,-37.91126207,145.1287656,1445.472,1308.4162,1445.472,1308.4162,1445.472,1308.4162,1446.9143,1322.6639,-4577073#1,,,0,10.382,6.877,7.255,188.9,4.91
2026-09-10T11:11:17.245,1789002677,native,False,-37.91149985,145.1287287,1442.7583,1281.966,1442.7583,1281.966,1442.7583,1281.966,1442.5966,1296.4885,-4577073#1,,,0,9.548,6.771,6.108,188.9,3.57
2026-09-10T11:11:21.324,1789002681,native,False,-37.91171807,145.1286917,1439.9924,1257.6851,1439.9924,1257.6851,1439.9924,1257.6851,1438.9915,1269.5815,-4577073#1,,,0,10.557,5.945,6.505,188.9,2.78
2026-09-10T11:11:25.411,1789002686,native,False,-37.91192503,145.128661,1437.758,1234.6662,1437.758,1234.6662,1437.758,1234.6662,1435.5487,1243.8264,-4577073#1,,,0,9.21,4.262,4.414,188.8,2.47
2026-09-10T11:11:29.476,1789002690,native,False,-37.91213081,145.1285852,1431.5521,1211.6975,1431.5521,1211.6975,1431.5521,1211.6975,1432.9664,1224.5087,-4577073#1,,,0,9.076,6.07,5.202,188.8,2.34
2026-09-10T11:11:33.552,1789002694,native,False,-37.91235695,145.1285646,1430.2481,1186.5686,1430.2481,1186.5686,1430.2481,1186.5686,1429.6985,1200.0624,:cluster_579298_9139166585_12,,,0,8.561,6.563,6.006,176.2,2.25
2026-09-10T11:11:37.619,1789002698,native,False,-37.91258599,145.1285439,1428.9373,1161.1157,1428.9373,1161.1157,1428.9373,1161.1157,1429.4411,1173.1799,491516483#0,,,0,9.083,6.021,6.536,184.8,2.12
2026-09-10T11:11:41.703,1789002702,native,False,-37.91281212,145.1285644,1431.2366,1136.0598,1431.2366,1136.0598,1431.2366,1136.0598,1428.337,1148.2449,491516483#0,,,0,8.646,6.12,6.388,167.4,2.07
2026-09-10T11:11:45.774,1789002706,native,False,-37.91290272,145.1287809,1450.4773,1126.3885,1450.4773,1126.3885,1450.4773,1126.3885,1439.054,1126.2873,:1087758749_0,,,0,9.597,5.363,5.544,101.7,2.04
2026-09-10T11:11:49.853,1789002710,native,False,-37.91294896,145.1290766,1476.5777,1121.7791,1476.5777,1121.7791,1476.5777,1121.7791,1463.6112,1122.8119,:cluster_6014422831_6077854007_9139166580_13,,,0,9.848,6.629,6.426,98.6,2.02
2026-09-10T11:11:53.931,1789002714,native,False,-37.91298794,145.1293613,1501.6921,1117.9564,1501.6921,1117.9564,1501.6921,1117.9564,1489.8607,1120.4369,1470433046#2,,,0,9.253,6.194,6.561,98.1,2.14
2026-09-10T11:11:58.026,1789002718,native,False,-37.91301289,145.129632,1525.5466,1115.6653,1525.5466,1115.6653,1525.5466,1115.6653,1512.9409,1116.3198,1470433046#2,,,0,9.65,6.054,5.78,98.1,2.33
2026-09-10T11:12:02.086,1789002722,native,False,-37.91304358,145.1298981,1549.0061,1112.7291,1549.0061,1112.7291,1549.0061,1112.7291,1536.8953,1113.3144,1470433046#2,,,0,9.042,5.944,5.702,98.0,3.6
2026-09-10T11:12:06.155,1789002726,native,False,-37.91307134,145.1301551,1571.6624,1110.1021,1571.6624,1110.1021,1571.6624,1110.1021,1560.4594,1110.3581,1470433046#3,,,0,9.95,5.415,5.856,96.8,3.89
2026-09-10T11:12:10.209,1789002730,native,False,-37.91310419,145.1304152,1594.6017,1106.9149,1594.6017,1106.9149,1594.6017,1106.9149,1582.5749,1107.3055,1360476884,,,0,8.915,6.005,5.694,98.7,3.99
2026-09-10T11:12:14.259,1789002734,native,False,-37.91313881,145.1306823,1618.1567,1103.5451,1618.1567,1103.5451,1618.1567,1103.5451,1606.5395,1103.8924,1360476884,,,0,9.407,5.884,6.081,98.4,4.04
2026-09-10T11:12:18.329,1789002739,native,False,-37.91317721,145.1309783,1644.2669,1099.8053,1644.2669,1099.8053,1644.2669,1099.8053,1629.1962,1100.5375,1470433048,,,0,9.64,5.024,5.688,100.7,4.01
2026-09-10T11:12:30.520,1789002751,native,False,-37.91316706,145.130705,1620.2173,1100.4496,1620.2173,1100.4496,1620.2173,1100.4496,1632.3563,1095.5515,1360476884,,,0,9.895,6.419,5.845,282.1,4.15
2026-09-10T11:12:34.585,1789002755,native,False,-37.91313507,145.1304123,1594.4123,1103.4837,1594.4123,1103.4837,1594.4123,1103.4837,1606.5854,1100.6546,-1360476884,,,0,8.923,6.287,6.639,279.3,4.36
2026-09-10T11:12:38.648,1789002759,native,False,-37.91309392,145.1301305,1569.5443,1107.5525,1569.5443,1107.5525,1569.5443,1107.5525,1581.8031,1104.1871,:cluster_5408819666_9141044968_1,,,0,12.827,6.296,6.337,280.6,4.1
2026-09-10T11:12:42.704,1789002763,native,False,-37.91307162,145.1298488,1544.7359,1109.5309,1544.7359,1109.5309,1544.7359,1109.5309,1557.5671,1107.5009,-1470433046#2,,,0,9.87,6.427,5.927,275.0,3.99
2026-09-10T11:12:46.769,1789002767,native,False,-37.91302771,145.1295469,1518.097,1113.8706,1518.097,1113.8706,1518.097,1113.8706,1531.3177,1110.7896,-1470433046#2,,,0,9.199,6.738,6.714,280.0,4.3
2026-09-10T11:12:50.836,1789002771,native,False,-37.91299903,145.1292435,1491.3571,1116.5181,1491.3571,1116.5181,1491.3571,1116.5181,1504.6825,1114.1267,:cluster_6014422831_6077854007_9139166580_20,,,0,10.3,6.653,6.745,278.1,4.66
2026-09-10T11:12:54.891,1789002775,native,False,-37.91296138,145.1289733,1467.5165,1120.219,1467.5165,1120.219,1467.5165,1120.219,1478.3831,1118.7478,-1470433046#0,,,0,9.602,5.576,6.567,278.6,3.98
2026-09-10T11:13:00.994,1789002781,native,False,-37.91314589,145.1287547,1448.7145,1099.3589,1448.7145,1099.3589,1448.7145,1099.3589,1454.4454,1114.8447,-93686025#2,,,0,8.655,6.327,0.0,188.8,2.97
2026-09-10T11:13:05.047,1789002785,native,False,-37.91339986,145.1287149,1445.7825,1071.1071,1445.7825,1071.1071,1445.7825,1071.1071,1447.3034,1085.241,-93686025#0,,,0,9.058,7.063,6.936,187.4,2.43
2026-09-10T11:13:09.123,1789002789,native,False,-37.91360087,145.128781,1452.0413,1048.9187,1452.0413,1048.9187,1452.0413,1048.9187,1444.0848,1058.4659,-93686025#0,,,0,9.847,5.78,6.321,145.8,2.2
2026-09-10T11:13:13.198,1789002793,native,False,-37.91362591,145.1290064,1471.908,1046.5379,1471.908,1046.5379,1471.908,1046.5379,1462.4795,1046.8128,-93686025#0,,,0,8.603,4.728,4.976,99.5,2.13
2026-09-10T11:13:17.274,1789002797,native,False,-37.91365192,145.1292407,1492.5657,1044.0646,1492.5657,1044.0646,1492.5657,1044.0646,1481.2166,1043.9639,-93686034#0,,,0,9.801,5.501,4.838,99.6,2.09
2026-09-10T11:13:21.321,1789002802,native,False,-37.91369232,145.1295618,1520.8828,1040.1479,1520.8828,1040.1479,1520.8828,1040.1479,1503.8422,1040.8208,-93686034#0,,,0,10.706,5.258,5.726,99.4,2.12
2026-09-10T11:13:25.383,1789002806,native,False,-37.91372781,145.1297511,1537.6064,1036.5439,1537.6064,1036.5439,1537.6064,1036.5439,1530.8535,1037.1407,-93686034#0,,,0,8.388,3.644,4.662,109.3,2.09
2026-09-10T11:13:29.447,1789002810,native,False,-37.91390565,145.1297756,1540.1524,1016.8532,1540.1524,1016.8532,1540.1524,1016.8532,1542.641,1029.1198,:588089675_0,,,0,11.269,5.738,4.171,184.8,2.15
2026-09-10T11:13:33.520,1789002814,native,False,-37.91414286,145.1297322,1536.8716,990.4545,1536.8716,990.4545,1536.8716,990.4545,1539.3133,1003.5652,-46129059#3,,,0,8.209,6.647,6.515,187.0,3.12
2026-09-10T11:13:37.590,1789002818,native,False,-37.91436913,145.1296823,1532.9855,965.259,1532.9855,965.259,1532.9855,965.259,1536.0605,976.9218,:cluster_1087758767_13253252981_5408819640_19,,,0,9.334,6.018,6.712,189.7,5.37
2026-09-10T11:13:41.657,1789002822,native,False,-37.91453851,145.1296554,1530.9949,946.4157,1530.9949,946.4157,1530.9949,946.4157,1533.2407,955.877,-46129059#1,,,0,8.643,4.832,4.863,190.4,5.78
2026-09-10T11:13:45.727,1789002826,native,False,-37.91469299,145.1296257,1528.7296,929.2213,1528.7296,929.2213,1528.7296,929.2213,1530.6235,936.061,:563619361_14,,,0,15.471,3.552,5.043,187.7,5.13
2026-09-10T11:13:55.923,1789002836,native,False,-37.91480773,145.1297863,1543.1023,916.7732,1543.1023,916.7732,1543.1023,916.7732,1529.4079,920.6973,44348023#1,,,0,8.561,3.894,2.239,95.2,3.78
2026-09-10T11:13:59.978,1789002840,native,False,-37.91482579,145.1300133,1563.1038,915.1692,1563.1038,915.1692,1563.1038,915.1692,1552.5563,916.2127,44348023#1,,,0,8.6,5.271,4.84,95.9,3.45
2026-09-10T11:14:04.023,1789002844,native,False,-37.91481665,145.1302638,1585.0992,916.6255,1585.0992,916.6255,1585.0992,916.6255,1573.1066,913.8136,1038136215,,,0,12.472,5.627,5.179,96.1,3.5
2026-09-10T11:14:08.099,1789002848,native,False,-37.91483965,145.1305248,1608.0978,914.5333,1608.0978,914.5333,1608.0978,914.5333,1596.2883,913.1107,139327110#0,,,0,8.09,5.675,5.659,98.7,3.66
2026-09-10T11:14:12.177,1789002852,native,False,-37.91487065,145.1308049,1632.7903,911.5874,1632.7903,911.5874,1632.7903,911.5874,1620.1273,910.1799,139327110#0,,,0,9.836,6.147,6.123,98.4,3.84
2026-09-10T11:14:16.242,1789002856,native,False,-37.91490605,145.1310839,1657.3944,908.1507,1657.3944,908.1507,1657.3944,908.1507,1644.8981,907.1345,139327110#0,,,0,8.444,6.19,6.236,97.8,3.82
2026-09-10T11:14:20.318,1789002860,native,False,-37.91493298,145.1313641,1682.0906,905.656,1682.0906,905.656,1682.0906,905.656,1669.5065,904.3116,:cluster_10216473063_27606983_563623900_90889748_22,,,0,9.427,6.241,6.156,97.0,3.91
2026-09-10T11:14:22.355,1789002863,native,False,-37.91500275,145.1315679,1700.1604,898.2735,1700.1604,898.2735,1700.1604,898.2735,1682.4901,904.417,:563623079_2,,,0,8.86,6.321,6.241,98.5,8.32
2026-09-10T11:14:26.431,1789002867,native,False,-37.91503922,145.1318545,1725.4389,894.7319,1725.4389,894.7319,1725.4389,894.7319,1712.1656,896.5378,1209622645,,,0,9.217,6.588,6.106,99.2,8.03
2026-09-10T11:14:30.510,1789002871,native,False,-37.9150792,145.1321567,1752.0871,890.8277,1752.0871,890.8277,1752.0871,890.8277,1739.1768,892.8574,1209622645,,,0,9.601,6.707,6.944,99.7,6.52
2026-09-10T11:14:34.594,1789002875,native,False,-37.91511867,145.1324465,1777.6516,886.9583,1777.6516,886.9583,1777.6516,886.9583,1764.8384,889.3609,569766862#0,,,0,8.274,6.442,6.387,99.8,3.78
2026-09-10T11:14:38.674,1789002879,native,False,-37.91516006,145.1327474,1804.1996,882.8951,1804.1996,882.8951,1804.1996,882.8951,1790.9332,884.8953,569766862#0,,,0,7.377,6.578,6.651,99.8,3.43
2026-09-10T11:14:42.722,1789002883,native,False,-37.91520093,145.1330483,1830.7407,878.8899,1830.7407,878.8899,1830.7407,878.8899,1816.7836,881.0516,569766862#0-AddedOffRampEdge,,,0,7.708,7.003,6.52,99.7,3.51
2026-09-10T11:14:46.780,1789002887,native,False,-37.91524203,145.1333569,1857.959,874.8727,1857.959,874.8727,1857.959,874.8727,1844.3817,876.9461,569766862#0-AddedOffRampEdge,,,0,8.002,7.035,6.938,99.4,3.57
2026-09-10T11:14:50.837,1789002891,native,False,-37.91528443,145.1336803,1886.4894,870.7375,1886.4894,870.7375,1886.4894,870.7375,1872.4041,872.7826,569766862#0-AddedOffRampEdge,,,0,8.329,7.23,7.241,99.2,6.1
2026-09-10T11:14:54.898,1789002895,native,False,-37.91532473,145.1339939,1914.1438,866.8172,1914.1438,866.8172,1914.1438,866.8172,1900.2092,868.6514,569766862#0-AddedOffRampEdge,,,0,8.197,6.995,7.079,99.2,3.83
2026-09-10T11:14:58.977,1789002899,native,False,-37.91530064,145.1343133,1942.17,870.0529,1942.17,870.0529,1942.17,870.0529,1928.0089,865.1862,44348588#0,,,0,7.576,6.695,6.96,92.7,2.78
2026-09-10T11:15:03.057,1789002903,native,False,-37.91521102,145.134568,1964.364,880.4458,1964.364,880.4458,1964.364,880.4458,1954.704,875.4643,44348588#1,,,0,7.709,5.932,6.061,57.1,2.34
2026-09-10T11:15:07.127,1789002907,native,False,-37.91500731,145.1347309,1978.2326,903.3364,1978.2326,903.3364,1978.2326,903.3364,1974.7557,889.4029,139332152#2,,,0,8.695,6.565,6.467,16.9,2.18
2026-09-10T11:15:11.178,1789002911,native,False,-37.91479097,145.1348145,1985.0935,927.4903,1985.0935,927.4903,1985.0935,927.4903,1981.64,916.0592,:616063777_1,,,0,8.216,6.029,6.515,16.9,2.09
2026-09-10T11:15:15.251,1789002915,native,False,-37.9145978,145.134879,1990.3354,949.0379,1990.3354,949.0379,1990.3354,949.0379,1988.073,937.9145,:92052896_0,,,0,8.026,5.696,5.564,13.0,2.06
2026-09-10T11:15:19.323,1789002919,native,False,-37.91439834,145.1348996,1991.7108,971.2079,1991.7108,971.2079,1991.7108,971.2079,1986.9757,960.4751,:9141044985_1,,,0,8.678,5.237,5.831,13.8,2.01
2026-09-10T11:15:23.400,1789002924,native,False,-37.91442697,145.1351963,2017.8541,968.5525,2017.8541,968.5525,2017.8541,968.5525,2006.3065,975.6068,988996007#0,,,0,8.142,6.027,4.93,118.9,2.01
2026-09-10T11:15:27.451,1789002928,native,False,-37.91448365,145.1354897,2043.7767,962.7789,2043.7767,962.7789,2043.7767,962.7789,2029.9739,964.3857,:cluster_13391064294_588089890_588090168_16,,,0,8.584,6.873,6.168,103.2,2.0
2026-09-10T11:15:31.500,1789002932,native,False,-37.91452732,145.1358309,2073.8621,958.5337,2073.8621,958.5337,2073.8621,958.5337,2059.9912,961.0589,:588089888_5,,,0,8.133,7.593,7.43,100.3,2.0
2026-09-10T11:15:35.553,1789002936,native,False,-37.91457125,145.1361781,2104.4883,954.2687,2104.4883,954.2687,2104.4883,954.2687,2090.307,956.6327,46129091#1,,,0,8.696,7.664,7.751,99.2,3.34
2026-09-10T11:15:39.610,1789002940,native,False,-37.91460415,145.1364187,2125.7095,951.0417,2125.7095,951.0417,2125.7095,951.0417,2116.8844,952.224,:cluster_588089885_588090142_611527863_3,,,0,8.61,4.682,6.347,98.2,2.99
2026-09-10T11:15:45.714,1789002946,native,False,-37.91448689,145.1365876,2140.2992,964.3499,2140.2992,964.3499,2140.2992,964.3499,2137.053,954.5584,-630680455#1,,,0,8.456,4.615,3.359,15.0,3.25
2026-09-10T11:15:49.760,1789002950,native,False,-37.91429204,145.136628,2143.4124,986.0427,2143.4124,986.0427,2143.4124,986.0427,2141.1022,975.3026,-630680455#0,,,0,8.286,5.437,5.361,8.4,3.37
2026-09-10T11:15:53.822,1789002954,native,False,-37.91408497,145.1366831,2147.8052,1009.1167,2147.8052,1009.1167,2147.8052,1009.1167,2145.875,997.5074,-10585186,,,0,8.705,5.865,5.808,13.2,3.45
2026-09-10T11:15:57.866,1789002958,native,False,-37.91389341,145.1367446,2152.7823,1030.4818,2152.7823,1030.4818,2152.7823,1030.4818,2150.8807,1020.7561,:cluster_611527850_92044126_12,,,0,8.347,4.945,5.956,13.0,3.54
2026-09-10T11:16:01.940,1789002962,native,False,-37.9137548,145.1368011,2157.4425,1045.9611,2157.4425,1045.9611,2157.4425,1045.9611,2154.6299,1039.001,:cluster_611527850_92044126_8,,,0,8.888,3.937,4.217,19.1,3.58
2026-09-10T11:16:08.006,1789002968,native,False,-37.91354374,145.1368144,2158.1433,1069.4047,2158.1433,1069.4047,2158.1433,1069.4047,2158.2634,1059.3592,-10585197#1,,,0,9.724,4.784,3.404,359.1,3.73
2026-09-10T11:16:12.082,1789002972,native,False,-37.91335199,145.1368339,2159.4317,1090.7172,2159.4317,1090.7172,2159.4317,1090.7172,2157.1914,1080.2091,10585197#1,,,0,9.164,5.276,5.108,3.0,4.09
2026-09-10T11:16:18.191,1789002978,native,False,-37.91318598,145.1368825,2163.3337,1109.2237,2163.3337,1109.2237,2163.3337,1109.2237,2160.1958,1105.7577,-10585197#1,,,0,8.788,2.348,3.075,29.5,4.35
2026-09-10T11:16:24.307,1789002984,native,False,-37.91302047,145.1369802,2171.5594,1127.7615,2171.5594,1127.7615,2171.5594,1127.7615,2167.659,1118.4433,-116895895#8,,,0,8.753,4.732,3.474,14.8,4.59
2026-09-10T11:16:26.331,1789002987,native,False,-37.91288549,145.1370614,2178.3952,1142.8814,2178.3952,1142.8814,2178.3952,1142.8814,2170.5047,1128.0732,:611527813_w0,,,0,8.652,5.583,4.732,28.9,4.75
2026-09-10T11:16:30.389,1789002991,native,False,-37.91267671,145.1371537,2186.0507,1166.2107,2186.0507,1166.2107,2186.0507,1166.2107,2185.5341,1153.6442,116895895#9,,,0,8.288,6.279,5.994,12.4,4.72
2026-09-10T11:16:34.443,1789002995,native,False,-37.91246505,145.1372386,2193.0445,1189.847,2193.0445,1189.847,2193.0445,1189.847,2187.8958,1178.89,116895895#10,,,0,8.389,5.909,6.314,22.3,4.77
2026-09-10T11:16:38.491,1789002999,native,False,-37.91226741,145.1373101,2198.8932,1211.9043,2198.8932,1211.9043,2198.8932,1211.9043,2197.7147,1200.9473,-48114467,,,0,9.601,5.206,5.944,11.4,5.03
2026-09-10T11:16:42.575,1789003003,native,False,-37.91210553,145.1373952,2206.0158,1230.0166,2206.0158,1230.0166,2206.0158,1230.0166,2204.548,1218.9232,116895895#12,,,0,8.881,5.314,4.558,20.7,4.79
2026-09-10T11:16:46.635,1789003007,native,False,-37.91190733,145.1374746,2212.5573,1252.1493,2212.5573,1252.1493,2212.5573,1252.1493,2211.28,1240.2948,116895895#12,,,0,9.856,5.633,5.572,18.4,4.7
2026-09-10T11:16:50.705,1789003011,native,False,-37.91172515,145.1375549,2219.2088,1272.5054,2219.2088,1272.5054,2219.2088,1272.5054,2217.6924,1262.2828,116895895#12,,,0,8.781,5.136,5.467,17.2,4.67
2026-09-10T11:16:54.770,1789003015,native,False,-37.91154249,145.1375905,2221.9317,1292.837,2221.9317,1292.837,2221.9317,1292.837,2222.2685,1283.15,116895895#12,,,0,8.691,4.682,5.331,3.9,4.74
2026-09-10T11:17:04.963,1789003025,native,False,-37.91174897,145.1375519,2218.9989,1269.8572,2218.9989,1269.8572,2218.9989,1269.8572,2223.7493,1280.4204,116895895#12,,,0,8.625,5.462,4.381,197.8,4.65
2026-09-10T11:17:09.046,1789003029,native,False,-37.91191202,145.1372751,2195.0292,1251.278,2195.0292,1251.278,2195.0292,1251.278,2218.475,1257.587,48114467,,,0,9.936,6.107,5.891,196.6,19.14
2026-09-10T11:17:13.117,1789003033,native,False,-37.9120798,145.1372121,2189.8565,1232.5493,2189.8565,1232.5493,2189.8565,1232.5493,2200.5485,1238.7232,48114467,,,0,9.216,4.379,5.485,195.9,20.18
2026-09-10T11:17:17.171,1789003037,native,False,-37.91222878,145.1373532,2202.5915,1216.2662,2202.5915,1216.2662,2202.5915,1216.2662,2198.364,1224.7212,116895895#12,,,0,8.543,3.074,3.668,219.3,4.38
2026-09-10T11:17:25.314,1789003045,native,False,-37.91204765,145.1372977,2197.3169,1236.2682,2197.3169,1236.2682,2197.3169,1236.2682,2196.6995,1227.8634,48114467,,,0,9.856,4.206,3.393,9.4,4.29
2026-09-10T11:17:29.402,1789003050,native,False,-37.91185142,145.1373794,2204.0645,1258.1859,2204.0645,1258.1859,2204.0645,1258.1859,2201.6613,1249.0093,48114467,,,0,9.353,4.64,4.462,18.7,4.23
2026-09-10T11:17:35.492,1789003056,native,False,-37.91163337,145.1374264,2207.7133,1282.4643,2207.7133,1282.4643,2207.7133,1282.4643,2208.2895,1271.8076,48114467,,,0,8.004,4.789,3.593,14.9,4.32
2026-09-10T11:17:39.548,1789003060,native,False,-37.91148798,145.1374263,2207.3809,1298.597,2207.3809,1298.597,2207.3809,1298.597,2213.7373,1290.9027,48114467,,,0,9.046,3.301,4.687,347.5,4.64
2026-09-10T11:17:47.650,1789003068,native,False,-37.91138663,145.1372871,2194.9182,1309.5987,2194.9182,1309.5987,2194.9182,1309.5987,2198.282,1307.827,36667189#3,,,0,8.488,2.011,2.482,300.3,4.51
2026-09-10T11:17:57.825,1789003078,native,False,-37.91134464,145.1370774,2176.3888,1313.8903,2176.3888,1313.8903,2176.3888,1313.8903,2183.3627,1309.1981,:1621070598_1,,,0,8.507,4.036,2.259,291.7,4.29
2026-09-10T11:18:01.902,1789003082,native,False,-37.91130627,145.1368718,2158.2283,1317.7862,2158.2283,1317.7862,2158.2283,1317.7862,2167.7124,1316.8964,-36667189#1,,,0,8.805,4.657,4.673,281.4,4.14
2026-09-10T11:18:05.951,1789003086,native,False,-37.91127395,145.1366921,2142.357,1321.0569,2142.357,1321.0569,2142.357,1321.0569,2149.4315,1318.6005,-36667189#1,,,0,9.781,3.742,4.401,281.4,4.08
2026-09-10T11:18:12.052,1789003092,native,False,-37.91115708,145.1365258,2127.4801,1333.7334,2127.4801,1333.7334,2127.4801,1333.7334,2131.2306,1324.8053,-73530943#5,,,0,8.811,4.503,3.283,338.4,4.07
2026-09-10T11:18:16.106,1789003096,native,False,-37.91093089,145.1365584,2129.8449,1358.8904,2129.8449,1358.8904,2129.8449,1358.8904,2128.812,1346.1144,-73530943#5,,,0,9.771,6.357,5.813,7.1,4.09
2026-09-10T11:18:20.184,1789003100,native,False,-37.9107039,145.1366066,2133.5728,1384.1629,2133.5728,1384.1629,2133.5728,1384.1629,2132.4604,1371.5106,-73530943#5,,,0,9.08,6.279,6.412,10.2,3.93
2026-09-10T11:18:24.250,1789003104,native,False,-37.91049437,145.1366436,2136.3599,1407.4778,2136.3599,1407.4778,2136.3599,1407.4778,2136.0101,1396.197,-73530943#5,,,0,10.167,5.598,6.209,9.2,4.11
2026-09-10T11:18:28.329,1789003108,native,False,-37.91039415,145.1368098,2150.7514,1418.8907,2150.7514,1418.8907,2150.7514,1418.8907,2140.3501,1416.5415,:588089866_2,,,0,10.169,4.968,4.905,73.6,4.05
2026-09-10T11:18:30.359,1789003111,native,False,-37.9103919,145.1370249,2169.6619,1419.5186,2169.6619,1419.5186,2169.6619,1419.5186,2150.6417,1417.765,36667190#1,,,0,9.961,6.228,0.0,84.6,4.0
2026-09-10T11:18:34.434,1789003115,native,False,-37.91038367,145.1373464,2197.9029,1420.9968,2197.9029,1420.9968,2197.9029,1420.9968,2183.3423,1421.6277,36667190#1,,,0,9.972,7.2,6.782,93.8,4.19
2026-09-10T11:18:38.501,1789003119,native,False,-37.91040063,145.1376218,2222.1518,1419.5988,2222.1518,1419.5988,2222.1518,1419.5988,2210.894,1418.9248,36667190#1,,,0,9.092,5.75,6.544,91.6,3.6
2026-09-10T11:18:42.574,1789003123,native,False,-37.9103211,145.1378638,2243.2528,1428.8485,2243.2528,1428.8485,2243.2528,1428.8485,2233.8948,1421.0889,36667190#1,,,0,7.702,5.903,5.646,55.0,3.02
2026-09-10T11:18:46.649,1789003127,native,False,-37.91019201,145.1380918,2263.011,1443.573,2263.011,1443.573,2263.011,1443.573,2253.7651,1435.614,:1594523607_4,,,0,10.355,6.059,6.219,56.2,2.69
2026-09-10T11:18:50.710,1789003131,native,False,-37.91010712,145.1382871,2279.9978,1453.3359,2279.9978,1453.3359,2279.9978,1453.3359,2272.4813,1448.5811,:1594523614_0,,,0,8.886,4.592,5.423,55.6,2.21
2026-09-10T11:18:56.814,1789003137,native,False,-37.91001599,145.1384705,2295.9199,1463.7705,2295.9199,1463.7705,2295.9199,1463.7705,2294.25,1456.059,146181190,,,0,9.931,3.052,3.413,55.6,2.09
2026-09-10T11:19:02.928,1789003143,native,False,-37.90990074,145.138614,2308.2776,1476.8106,2308.2776,1476.8106,2308.2776,1476.8106,2309.7219,1469.538,299173860#1,,,0,12.409,2.704,3.291,7.9,2.07
2026-09-10T11:19:06.998,1789003147,native,False,-37.90977808,145.1384862,2296.771,1490.1976,2296.771,1490.1976,2296.771,1490.1976,2301.4613,1482.8218,146181188#2,,,0,7.947,4.323,3.917,325.5,2.06
2026-09-10T11:19:11.043,1789003151,native,False,-37.90963069,145.1384246,2291.0262,1506.4442,2291.0262,1506.4442,2291.0262,1506.4442,2292.507,1498.2213,:9207197687_w0,,,0,8.314,4.299,4.611,356.4,2.05
2026-09-10T11:19:15.074,1789003155,native,False,-37.90945818,145.1384667,2294.3487,1525.6611,2294.3487,1525.6611,2294.3487,1525.6611,2293.6713,1515.5387,:268380669_10,,,0,8.295,4.958,4.607,6.9,2.04
2026-09-10T11:19:19.143,1789003159,native,False,-37.9092812,145.1384565,2293.0598,1545.2814,2293.0598,1545.2814,2293.0598,1545.2814,2294.8161,1535.3028,46410623#1,,,0,8.233,5.15,4.772,353.2,2.03
2026-09-10T11:19:23.202,1789003163,native,False,-37.90908129,145.1383568,2283.8497,1567.2897,2283.8497,1567.2897,2283.8497,1567.2897,2286.8563,1555.3719,46410623#1,,,0,8.537,6.03,5.748,340.7,2.03
2026-09-10T11:19:27.274,1789003167,native,False,-37.90888206,145.1384091,2288.0098,1589.4886,2288.0098,1589.4886,2288.0098,1589.4886,2283.4242,1578.9584,46410623#1,,,0,8.676,5.746,5.826,21.4,2.02
2026-09-10T11:19:31.355,1789003172,native,False,-37.90865127,145.1385842,2302.8895,1615.4064,2302.8895,1615.4064,2302.8895,1615.4064,2291.7477,1601.1164,-46410623#1,,,0,8.311,5.883,5.819,34.5,2.02
2026-09-10T11:19:35.412,1789003176,native,False,-37.90851555,145.1387505,2317.2066,1630.758,2317.2066,1630.758,2317.2066,1630.758,2310.8808,1622.8612,-46410623#1,,,0,8.67,5.064,5.419,44.8,2.01
2026-09-10T11:19:39.492,1789003180,native,False,-37.90839376,145.138909,2330.8759,1644.5504,2330.8759,1644.5504,2330.8759,1644.5504,2324.7162,1637.8742,-46410623#0,,,0,8.09,4.663,5.045,46.0,2.02
2026-09-10T11:19:43.565,1789003184,native,False,-37.9082956,145.1390466,2342.7542,1655.6839,2342.7542,1655.6839,2342.7542,1655.6839,2336.6949,1651.0623,:310326092_3,,,0,6.948,3.835,4.444,42.1,2.02
2026-09-10T11:19:49.683,1789003190,native,False,-37.90813547,145.1388769,2327.4817,1673.1556,2327.4817,1673.1556,2327.4817,1673.1556,2337.0061,1666.7993,46410626#2,,,0,7.502,5.193,4.285,292.2,2.05
2026-09-10T11:19:53.753,1789003194,native,False,-37.90805319,145.1386823,2310.1909,1681.9439,2310.1909,1681.9439,2310.1909,1681.9439,2321.0022,1679.8716,46410626#2,,,0,9.273,4.599,5.208,306.4,2.05
2026-09-10T11:19:57.818,1789003198,native,False,-37.90790009,145.1386052,2303.0737,1698.797,2303.0737,1698.797,2303.0737,1698.797,2306.7862,1689.3603,46410626#1,,,0,8.017,4.588,3.991,334.0,2.04
2026-09-10T11:20:01.898,1789003202,native,False,-37.90772029,145.1384638,2290.2435,1718.5002,2290.2435,1718.5002,2290.2435,1718.5002,2296.7701,1707.4069,46410626#0,,,0,9.385,5.978,5.421,322.5,2.03
2026-09-10T11:20:05.966,1789003206,native,False,-37.90760563,145.1383182,2277.1818,1730.9685,2277.1818,1730.9685,2277.1818,1730.9685,2282.8327,1724.7321,46410626#0,,,0,7.912,4.307,4.935,307.0,2.02
2026-09-10T11:20:10.039,1789003210,native,False,-37.90759571,145.1381219,2259.9015,1731.7239,2259.9015,1731.7239,2259.9015,1731.7239,2268.0068,1729.2435,46410626#0,,,0,8.849,4.189,4.325,270.2,2.02
2026-09-10T11:20:24.294,1789003224,native,False,-37.90746386,145.1379608,2245.4484,1746.0726,2245.4484,1746.0726,2245.4484,1746.0726,2252.6388,1742.0403,-310292416#2,,,0,8.219,3.358,0.934,301.4,2.02
2026-09-10T11:20:28.361,1789003229,native,False,-37.90741715,145.1376664,2219.4604,1750.7381,2219.4604,1750.7381,2219.4604,1750.7381,2230.8117,1749.0708,-310292416#2,,,0,8.492,5.616,4.973,272.0,2.18
2026-09-10T11:20:32.414,1789003233,native,False,-37.9074336,145.1374265,2198.4108,1748.4912,2198.4108,1748.4912,2198.4108,1748.4912,2208.136,1749.4069,-310292416#2,,,0,10.093,4.564,5.795,262.5,2.5
2026-09-10T11:20:40.544,1789003241,native,False,-37.90744229,145.1372302,2181.1632,1747.1817,2181.1632,1747.1817,2181.1632,1747.1817,2184.2719,1745.4977,-310292416#2,,,0,10.177,1.548,2.05,269.3,3.26
2026-09-10T11:20:46.653,1789003247,native,False,-37.90761376,145.1371555,2174.9836,1728.0246,2174.9836,1728.0246,2174.9836,1728.0246,2176.721,1736.9011,-46410634#0,,,0,8.942,4.333,3.39,187.7,3.47
2026-09-10T11:20:50.731,1789003251,native,False,-37.90779203,145.1371475,2174.6749,1708.2284,2174.6749,1708.2284,2174.6749,1708.2284,2175.1885,1718.4815,-46410634#0,,,0,8.907,5.021,4.77,181.4,3.64
2026-09-10T11:20:54.798,1789003255,native,False,-37.90794951,145.1371449,2174.794,1690.7493,2174.794,1690.7493,2174.794,1690.7493,2175.3028,1698.8978,-46410634#0,,,0,8.783,4.186,4.69,179.0,3.76
2026-09-10T11:21:00.898,1789003261,native,False,-37.90813887,145.137122,2173.2,1669.6962,2173.2,1669.6962,2173.2,1669.6962,2173.6812,1675.0906,:268380646_w0,,,0,8.956,2.921,3.73,195.3,4.12
2026-09-10T11:21:11.046,1789003271,native,False,-37.90795559,145.1370127,2163.1805,1689.8414,2163.1805,1689.8414,2163.1805,1689.8414,2173.4064,1681.1534,46410633#3,,,0,8.582,4.172,3.491,352.6,4.33
2026-09-10T11:21:21.184,1789003281,native,False,-37.9080844,145.1367897,2143.8602,1675.1563,2143.8602,1675.1563,2143.8602,1675.1563,2152.8677,1682.7406,5094891#0,,,0,11.055,5.53,4.569,226.7,4.34
2026-09-10T11:21:25.262,1789003285,native,False,-37.90810962,145.1365158,2119.8391,1671.8767,2119.8391,1671.8767,2119.8391,1671.8767,2132.6564,1669.0603,5094891#1,,,0,9.626,6.055,5.818,273.0,4.23
2026-09-10T11:21:29.341,1789003289,native,False,-37.90802943,145.136232,2094.7059,1680.2768,2094.7059,1680.2768,2094.7059,1680.2768,2108.073,1676.9066,1209653407,,,0,8.829,6.659,6.391,291.2,4.01
2026-09-10T11:21:31.365,1789003292,native,False,-37.9079785,145.136015,2075.5149,1685.5459,2075.5149,1685.5459,2075.5149,1685.5459,2095.0452,1681.3198,1209653407,,,0,8.966,6.499,6.659,281.0,4.65
2026-09-10T11:21:35.439,1789003296,native,False,-37.90794316,145.1357207,2049.5628,1688.9502,2049.5628,1688.9502,2049.5628,1688.9502,2062.6851,1686.8282,24801549#0,,,0,9.496,6.541,6.363,277.8,4.01
2026-09-10T11:21:39.516,1789003300,native,False,-37.90791177,145.1354322,2024.1351,1691.926,2024.1351,1691.926,2024.1351,1691.926,2036.8252,1690.0116,24801549#1,,,0,8.305,6.44,6.408,277.8,3.54
2026-09-10T11:21:43.602,1789003304,native,False,-37.90788106,145.1351673,2000.7712,1694.8682,2000.7712,1694.8682,2000.7712,1694.8682,2011.9746,1693.1144,24801549#1,,,0,11.455,5.719,6.184,278.2,3.36
2026-09-10T11:21:47.688,1789003308,native,False,-37.90785275,145.1349202,1978.9819,1697.5752,1978.9819,1697.5752,1978.9819,1697.5752,1989.9107,1695.747,:cluster_12594322007_592653429_592653430_592653431_11,,,0,9.568,5.628,5.651,278.2,3.77
2026-09-10T11:21:51.743,1789003312,native,False,-37.90785064,145.1346478,1955.0328,1697.3302,1955.0328,1697.3302,1955.0328,1697.3302,1967.0232,1698.5415,24801549#3,,,0,9.953,5.853,5.933,275.5,3.59
2026-09-10T11:21:55.821,1789003316,native,False,-37.90782226,145.1344137,1934.3874,1700.0669,1934.3874,1700.0669,1934.3874,1700.0669,1944.899,1701.4376,24801549#4,,,0,8.939,5.244,5.281,277.9,3.7
2026-09-10T11:21:59.874,1789003320,native,False,-37.90778701,145.1341546,1911.5319,1703.5226,1911.5319,1703.5226,1911.5319,1703.5226,1923.1691,1704.0555,24801549#4,,,0,9.642,5.683,5.628,280.0,3.72
2026-09-10T11:22:03.940,1789003324,native,False,-37.90776125,145.1338971,1888.8355,1705.9283,1888.8355,1705.9283,1888.8355,1705.9283,1900.2057,1706.7159,24801549#4,,,0,9.201,5.535,5.752,276.1,3.84
2026-09-10T11:22:08.008,1789003328,native,False,-37.90772916,145.1336486,1866.9129,1709.0522,1866.9129,1709.0522,1866.9129,1709.0522,1878.0299,1709.2851,:9106614569_0,,,0,9.635,5.486,5.528,277.5,3.85
2026-09-10T11:22:12.084,1789003332,native,False,-37.90770957,145.1334429,1848.7824,1710.8636,1848.7824,1710.8636,1848.7824,1710.8636,1858.1245,1711.6405,1209653409#0,,,0,11.77,4.646,4.618,275.3,3.81
2026-09-10T11:22:16.141,1789003336,native,False,-37.90782684,145.1333279,1838.9373,1697.6487,1838.9373,1697.6487,1838.9373,1697.6487,1841.0553,1706.4471,-5094896#1,,,0,8.823,4.226,4.412,198.0,3.94
2026-09-10T11:22:20.216,1789003340,native,False,-37.90797133,145.1332927,1836.1621,1681.5527,1836.1621,1681.5527,1836.1621,1681.5527,1838.1512,1688.9453,:cluster_592653437_9237664413_1,,,0,8.178,3.914,4.357,192.6,4.3
2026-09-10T11:22:26.318,1789003346,native,False,-37.9081519,145.1332445,1832.3225,1661.431,1832.3225,1661.431,1832.3225,1661.431,1835.1081,1667.1031,5094896#0,,,0,9.037,3.144,3.426,192.7,4.86
2026-09-10T11:22:30.383,1789003351,native,False,-37.90832277,145.1332506,1833.2432,1642.4812,1833.2432,1642.4812,1833.2432,1642.4812,1832.2618,1649.8516,4577074#0,,,0,10.301,3.936,3.672,166.0,5.36
2026-09-10T11:22:34.465,1789003355,native,False,-37.9084225,145.1334137,1847.8025,1631.7022,1847.8025,1631.7022,1847.8025,1631.7022,1838.4233,1634.8712,4577074#2,,,0,9.371,4.575,4.215,123.9,5.21
2026-09-10T11:22:38.555,1789003359,native,False,-37.90845088,145.1335985,1864.1113,1628.878,1864.1113,1628.878,1864.1113,1628.878,1856.7338,1626.2473,4577074#2,,,0,10.289,3.689,4.415,93.9,4.96
2026-09-10T11:22:42.633,1789003363,native,False,-37.9084549,145.1338016,1881.9805,1628.7889,1881.9805,1628.7889,1881.9805,1628.7889,1871.966,1626.3098,4577074#2,,,0,9.967,4.722,3.851,92.4,5.43
2026-09-10T11:22:46.709,1789003367,native,False,-37.90847061,145.1340247,1901.6227,1627.4381,1901.6227,1627.4381,1901.6227,1627.4381,1892.1244,1626.0055,4577074#2,,,0,9.821,4.727,5.024,97.7,5.51
2026-09-10T11:22:50.782,1789003371,native,False,-37.90853195,145.1342485,1921.4411,1621.0259,1921.4411,1621.0259,1921.4411,1621.0259,1910.32,1621.4636,4577074#2,,,0,9.791,5.37,5.042,108.1,5.33
2026-09-10T11:22:54.853,1789003375,native,False,-37.9085913,145.134473,1941.3076,1614.8348,1941.3076,1614.8348,1941.3076,1614.8348,1931.0576,1615.2098,4577074#2,,,0,9.462,4.956,5.354,108.4,5.27
2026-09-10T11:22:58.943,1789003379,native,False,-37.90864739,145.1346531,1957.2651,1608.9277,1957.2651,1608.9277,1957.2651,1608.9277,1949.8123,1608.7343,4577074#2,,,0,11.097,3.167,5.1,113.9,5.29
2026-09-10T11:23:05.048,1789003385,native,False,-37.90883049,145.1347111,1962.7691,1588.7128,1962.7691,1588.7128,1962.7691,1588.7128,1961.7043,1597.7863,405414870#0,,,0,9.087,4.538,3.778,177.3,5.67
2026-09-10T11:23:09.132,1789003389,native,False,-37.90899737,145.1347163,1963.6,1570.2039,1963.6,1570.2039,1963.6,1570.2039,1962.3937,1578.8675,:cluster_26582434_9215816595_0,,,0,10.073,4.496,4.729,176.1,5.3
2026-09-10T11:23:13.188,1789003393,native,False,-37.9091582,145.1347941,1970.8004,1552.4937,1970.8004,1552.4937,1970.8004,1552.4937,1963.8636,1559.2224,:588090419_0,,,0,10.225,4.544,5.03,156.5,4.69
2026-09-10T11:23:17.235,1789003397,native,False,-37.90933153,145.1348773,1978.4954,1533.407,1978.4954,1533.407,1978.4954,1533.407,1972.8704,1542.3515,:588090556_0,,,0,10.318,5.323,4.977,164.8,4.19
2026-09-10T11:23:21.314,1789003401,native,False,-37.90950811,145.134894,1980.3539,1513.8417,1980.3539,1513.8417,1980.3539,1513.8417,1976.7385,1523.4914,998107627#1,,,0,8.938,4.593,0.0,185.5,3.88
2026-09-10T11:23:25.395,1789003406,native,False,-37.9097236,145.1348804,1979.642,1489.9062,1979.642,1489.9062,1979.642,1489.9062,1976.8871,1500.4873,998107627#2,,,0,9.303,5.144,4.769,183.9,3.6
2026-09-10T11:23:29.478,1789003410,native,False,-37.90990039,145.1348532,1977.6452,1470.2412,1977.6452,1470.2412,1977.6452,1470.2412,1976.9426,1479.9807,998107627#2,,,0,9.546,4.743,5.09,180.5,3.46
2026-09-10T11:23:33.535,1789003414,native,False,-37.91004313,145.134873,1979.6981,1454.4362,1979.6981,1454.4362,1979.6981,1454.4362,1976.9856,1461.3727,998107627#4,,,0,10.315,3.389,4.251,173.3,3.22
2026-09-10T11:23:39.637,1789003420,native,False,-37.91007754,145.1351097,2000.587,1451.0348,2000.587,1451.0348,2000.587,1451.0348,1987.2151,1444.5235,998107635#1,,,0,10.33,4.545,3.254,90.0,2.89
2026-09-10T11:23:43.713,1789003424,native,False,-37.9101239,145.1353626,2022.9258,1446.3349,2022.9258,1446.3349,2022.9258,1446.3349,2010.5026,1443.871,-403774582#2,,,0,8.67,5.916,5.316,97.2,2.73
2026-09-10T11:23:47.785,1789003428,native,False,-37.91012645,145.1355783,2041.8912,1446.4319,2041.8912,1446.4319,2041.8912,1446.4319,2032.9767,1441.0068,988580237#0,,,0,8.774,4.229,5.273,97.8,2.61
2026-09-10T11:23:53.879,1789003434,native,False,-37.90999368,145.1356649,2049.2137,1461.3167,2049.2137,1461.3167,2049.2137,1461.3167,2046.9882,1446.1823,:9137640172_3,,,0,10.736,2.293,2.933,27.9,2.53
2026-09-10T11:23:57.944,1789003438,native,False,-37.91016206,145.1357738,2059.1551,1442.8237,2059.1551,1442.8237,2059.1551,1442.8237,2053.349,1458.4901,403774582#4,,,0,8.76,3.003,2.548,100.9,19.28
2026-09-10T11:24:02.018,1789003442,native,False,-37.90983805,145.1358294,2063.3265,1478.8755,2063.3265,1478.8755,2063.3265,1478.8755,2062.9349,1453.617,-773028723,,,0,8.586,5.267,3.863,356.4,2.4
2026-09-10T11:24:06.109,1789003446,native,False,-37.90962757,145.135844,2064.1435,1502.2567,2064.1435,1502.2567,2064.1435,1502.2567,2064.1609,1490.3242,-773028723,,,0,10.256,5.979,5.85,2.8,2.33
2026-09-10T11:24:10.168,1789003450,native,False,-37.90941404,145.1358462,2063.8632,1525.9555,2063.8632,1525.9555,2063.8632,1525.9555,2064.335,1514.2042,-773028723,,,0,9.128,5.917,6.014,2.3,2.6
2026-09-10T11:24:14.251,1789003454,native,False,-37.90920885,145.1358447,2063.2792,1548.721,2063.2792,1548.721,2063.2792,1548.721,2064.5058,1537.6417,-773028723,,,0,9.893,5.645,5.896,358.7,2.63
2026-09-10T11:24:20.309,1789003460,native,False,-37.90909699,145.1359749,2074.4763,1561.363,2074.4763,1561.363,2074.4763,1561.363,2066.2609,1561.1338,298236180#1,,,0,9.168,3.547,3.048,92.3,3.91
2026-09-10T11:24:24.365,1789003465,native,False,-37.90928326,145.1360713,2083.3653,1540.8628,2083.3653,1540.8628,2083.3653,1540.8628,2083.7888,1551.3802,773028722,,,0,9.258,5.051,4.332,179.8,3.95
2026-09-10T11:24:28.443,1789003469,native,False,-37.90947955,145.1360637,2083.1338,1519.0679,2083.1338,1519.0679,2083.1338,1519.0679,2083.8234,1530.0464,773028722,,,0,9.887,5.455,5.401,180.2,3.66
2026-09-10T11:24:32.514,1789003473,native,False,-37.90967803,145.1360504,2082.3993,1497.0208,2082.3993,1497.0208,2082.3993,1497.0208,2083.611,1507.8606,773028722,,,0,8.972,5.405,5.561,180.7,3.43
2026-09-10T11:24:36.583,1789003477,native,False,-37.90985548,145.1360508,2082.8278,1477.3301,2082.8278,1477.3301,2082.8278,1477.3301,2083.4075,1486.613,773028722,,,0,8.703,4.631,5.214,182.1,3.54
2026-09-10T11:24:42.692,1789003483,native,False,-37.91002129,145.1360468,2082.8455,1458.9242,2082.8455,1458.9242,2082.8455,1458.9242,2083.1843,1463.3019,773028722,,,0,8.766,2.38,3.161,182.2,3.63
2026-09-10T11:24:48.788,1789003489,native,False,-37.91008491,145.1362928,2104.616,1452.2967,2104.616,1452.2967,2104.616,1452.2967,2096.3683,1453.7865,-298236187#1,,,0,8.777,4.396,4.025,100.4,3.82
2026-09-10T11:24:54.896,1789003495,native,False,-37.90992375,145.1363791,2111.8425,1470.3323,2111.8425,1470.3323,2111.8425,1470.3323,2112.4043,1461.5467,-298236187#0,,,0,8.459,4.248,3.459,356.7,3.91
2026-09-10T11:25:01.001,1789003501,native,False,-37.90975949,145.1363835,2111.8641,1488.5671,2111.8641,1488.5671,2111.8641,1488.5671,2112.7038,1484.9618,:3021408819_0,,,0,8.782,2.065,3.224,8.4,3.84
2026-09-10T11:25:09.140,1789003509,native,False,-37.90997426,145.1364238,2115.8903,1464.8061,2115.8903,1464.8061,2115.8903,1464.8061,2115.7681,1474.31,298236187#0,,,0,8.769,4.586,3.841,180.8,4.15
2026-09-10T11:25:15.239,1789003515,native,False,-37.91010291,145.1362808,2103.6007,1450.2782,2103.6007,1450.2782,2103.6007,1450.2782,2111.5612,1451.1905,-298236187#1,,,0,8.611,3.892,3.251,261.5,4.13
2026-09-10T11:25:19.318,1789003519,native,False,-37.91006799,145.1360619,2084.2741,1453.7684,2084.2741,1453.7684,2084.2741,1453.7684,2094.2888,1452.6099,:3021408831_2,,,0,9.255,4.96,4.514,280.6,3.94
2026-09-10T11:25:23.376,1789003524,native,False,-37.91003613,145.1357942,2060.6748,1456.8335,2060.6748,1456.8335,2060.6748,1456.8335,2069.1789,1456.2407,:cluster_3021408830_9137640151_6,,,0,9.34,4.2,5.073,278.3,3.77
2026-09-10T11:25:31.493,1789003532,native,False,-37.91015503,145.1356393,2047.3185,1443.3669,2047.3185,1443.3669,2047.3185,1443.3669,2050.2009,1449.6742,988580237#0,,,0,9.012,3.081,2.657,193.8,4.02
2026-09-10T11:25:37.600,1789003538,native,False,-37.91015138,145.1353653,2023.2166,1443.2904,2023.2166,1443.2904,2023.2166,1443.2904,2032.711,1441.0434,-403774582#2,,,0,8.694,4.718,4.124,278.5,4.4
2026-09-10T11:25:41.683,1789003542,native,False,-37.91012351,145.135127,2002.2105,1445.9637,2002.2105,1445.9637,2002.2105,1445.9637,2012.7152,1443.5971,-403774582#1,,,0,9.011,5.242,5.17,275.9,4.66
2026-09-10T11:25:45.745,1789003546,native,False,-37.91012343,145.1348994,1982.1949,1445.5723,1982.1949,1445.5723,1982.1949,1445.5723,1992.0854,1445.0477,:9199366844_w0,,,0,9.767,4.922,5.135,266.6,4.6
2026-09-10T11:25:49.813,1789003550,native,False,-37.91017878,145.1346982,1964.6293,1439.0764,1964.6293,1439.0764,1964.6293,1439.0764,1974.0156,1441.4638,1004615767#2,,,0,8.687,4.807,0.0,249.7,4.49
2026-09-10T11:25:55.927,1789003556,native,False,-37.91028904,145.1345033,1947.7404,1426.499,1947.7404,1426.499,1947.7404,1426.499,1952.3822,1430.5945,1004615767#1,,,0,9.364,3.062,3.297,229.3,4.18
2026-09-10T11:26:02.047,1789003562,native,False,-37.91029326,145.1342821,1928.3091,1425.6416,1928.3091,1425.6416,1928.3091,1425.6416,1934.8779,1423.2759,:9409570916_w0,,,0,8.902,3.499,3.731,286.3,4.05
2026-09-10T11:26:06.130,1789003566,native,False,-37.91029255,145.1340807,1910.5928,1425.366,1910.5928,1425.366,1910.5928,1425.366,1919.8054,1423.6953,1004615766#2,,,0,9.455,4.62,4.117,270.2,4.03
2026-09-10T11:26:10.208,1789003570,native,False,-37.91028658,145.1338689,1891.9629,1425.656,1891.9629,1425.656,1891.9629,1425.656,1901.0886,1424.2219,1004615766#2,,,0,10.818,4.65,4.595,272.0,3.95
2026-09-10T11:26:14.287,1789003574,native,False,-37.91028219,145.1336652,1874.0421,1425.7839,1874.0421,1425.7839,1874.0421,1425.7839,1883.0543,1424.7293,:9223325770_0,,,0,10.546,4.536,4.412,272.2,3.93
2026-09-10T11:26:18.367,1789003579,native,False,-37.9102729,145.1333899,1849.8222,1426.33,1849.8222,1426.33,1849.8222,1426.33,1858.9663,1425.411,1004615766#3,,,0,10.287,4.621,4.742,274.5,3.99
2026-09-10T11:26:22.416,1789003583,native,False,-37.91025857,145.1331788,1831.226,1427.5491,1831.226,1427.5491,1831.226,1427.5491,1839.9306,1425.8909,10801654#0,,,0,10.364,4.396,4.856,273.8,3.92
2026-09-10T11:26:26.458,1789003587,native,False,-37.91032602,145.1330021,1815.844,1419.7534,1815.844,1419.7534,1815.844,1419.7534,1823.5261,1425.272,310292424,,,0,9.13,3.813,4.05,271.0,7.19
2026-09-10T11:26:30.518,1789003591,native,False,-37.91031796,145.1328044,1798.4446,1420.2996,1798.4446,1420.2996,1798.4446,1420.2996,1807.4131,1424.2617,10801654#1,,,0,9.66,4.589,3.97,273.0,5.87
2026-09-10T11:26:34.588,1789003595,native,False,-37.91030667,145.1325801,1778.6987,1421.1573,1778.6987,1421.1573,1778.6987,1421.1573,1788.4492,1422.4454,10801654#1,,,0,9.986,4.866,4.88,273.9,3.16
2026-09-10T11:26:38.644,1789003599,native,False,-37.91028273,145.13239,1761.9333,1423.4792,1761.9333,1423.4792,1761.9333,1423.4792,1769.7504,1422.6492,10801654#1,,,0,9.097,4.006,4.453,274.8,2.95
2026-09-10T11:26:42.726,1789003603,native,False,-37.91026508,145.1321714,1742.6807,1425.0529,1742.6807,1425.0529,1742.6807,1425.0529,1752.5581,1423.5475,10801654#3,,,0,9.775,4.881,4.609,276.7,2.77
2026-09-10T11:26:46.792,1789003607,native,False,-37.91026233,145.1319665,1724.6619,1424.9964,1724.6619,1424.9964,1724.6619,1424.9964,1733.5961,1426.0365,:9298348946_w0,,,0,9.089,4.401,4.641,276.9,4.5
2026-09-10T11:26:50.844,1789003611,native,False,-37.91024074,145.1317525,1705.7949,1427.0147,1705.7949,1427.0147,1705.7949,1427.0147,1715.2096,1428.3078,10801654#6,,,0,9.368,4.429,4.887,277.8,3.84
2026-09-10T11:26:56.948,1789003617,native,False,-37.91021137,145.1314882,1682.4988,1429.8085,1682.4988,1429.8085,1682.4988,1429.8085,1693.5767,1429.878,-11527061#5,,,0,9.912,5.103,3.605,278.4,2.13
2026-09-10T11:27:01.026,1789003621,native,False,-37.91017974,145.1312163,1658.5206,1432.8397,1658.5206,1432.8397,1658.5206,1432.8397,1670.4439,1433.0766,-11527061#3,,,0,8.178,5.845,5.908,278.4,2.12
2026-09-10T11:27:05.201,1789003625,native,False,-37.91013269,145.1309458,1634.632,1437.5835,1634.632,1437.5835,1634.632,1437.5835,1646.5833,1436.2499,-11527061#3,,,0,9.104,5.763,5.916,279.2,2.65
2026-09-10T11:27:09.277,1789003629,native,False,-37.91010448,145.1306902,1612.1041,1440.263,1612.1041,1440.263,1612.1041,1440.263,1623.4405,1439.3262,-11527061#3,,,0,8.892,5.623,5.749,279.6,7.51
2026-09-10T11:27:13.336,1789003633,native,False,-37.91007383,145.1304533,1591.2063,1443.2461,1591.2063,1443.2461,1591.2063,1443.2461,1601.8475,1442.1616,-11527061#2,,,0,9.114,5.582,5.439,279.6,11.88
2026-09-10T11:27:17.398,1789003638,native,False,-37.91003236,145.1301295,1562.6457,1447.2776,1562.6457,1447.2776,1562.6457,1447.2776,1580.5343,1446.6828,-11527061#0,,,0,8.396,5.711,5.847,283.0,9.11
2026-09-10T11:27:21.461,1789003642,native,False,-37.91000917,145.1299135,1543.5995,1449.4696,1543.5995,1449.4696,1543.5995,1449.4696,1552.6535,1447.7572,-11527061#0,,,0,8.47,4.468,5.076,276.6,8.0
2026-09-10T11:27:27.567,1789003648,native,False,-37.90996403,145.1297288,1527.2682,1454.1526,1527.2682,1454.1526,1527.2682,1454.1526,1529.3472,1450.3966,:102748017_1,,,0,8.728,3.607,3.793,343.5,6.77
2026-09-10T11:27:29.588,1789003650,native,False,-37.90981782,145.1297467,1528.514,1470.4085,1528.514,1470.4085,1528.514,1470.4085,1527.2686,1454.1526,:cluster_33776489_9553656653_1,,,0,8.882,4.824,3.607,4.6,6.49
2026-09-10T11:27:33.646,1789003654,native,False,-37.90961314,145.1297765,1530.6814,1493.1731,1530.6814,1493.1731,1530.6814,1493.1731,1529.3209,1481.7444,-1164319799#0,,,0,9.393,5.73,5.454,6.9,6.09
2026-09-10T11:27:37.713,1789003658,native,False,-37.90942338,145.1298223,1534.286,1514.3104,1534.286,1514.3104,1534.286,1514.3104,1532.872,1504.052,-1164319799#0,,,0,8.841,5.171,5.327,9.5,5.49
2026-09-10T11:27:41.762,1789003662,native,False,-37.90923441,145.1298406,1535.4685,1535.3124,1535.4685,1535.3124,1535.4685,1535.3124,1536.1138,1524.4161,:412622441_5,,,0,9.088,5.367,5.202,3.9,5.08
2026-09-10T11:27:45.820,1789003666,native,False,-37.90904034,145.1298882,1539.2231,1556.9306,1539.2231,1556.9306,1539.2231,1556.9306,1539.232,1545.139,-45897352#1,,,0,9.604,5.71,5.188,10.4,4.85
2026-09-10T11:27:49.855,1789003670,native,False,-37.90884629,145.1299231,1541.8616,1578.5254,1541.8616,1578.5254,1541.8616,1578.5254,1542.498,1568.1363,-45897352#1,,,0,9.558,5.136,5.786,7.5,4.68
2026-09-10T11:27:55.946,1789003676,native,False,-37.90867731,145.1300151,1549.5675,1597.438,1549.5675,1597.438,1549.5675,1597.438,1544.0664,1592.6264,:cluster_313428767_33776544_585124792_585124793_16,,,0,8.296,3.008,3.243,51.6,4.6
2026-09-10T11:28:00.032,1789003680,native,False,-37.90871239,145.1302356,1569.0381,1593.9348,1569.0381,1593.9348,1569.0381,1593.9348,1558.9629,1596.4314,:cluster_313428767_33776544_585124792_585124793_14,,,0,8.643,5.055,4.163,100.5,4.7
2026-09-10T11:28:04.088,1789003684,native,False,-37.9087381,145.1304818,1590.7412,1591.5165,1590.7412,1591.5165,1590.7412,1591.5165,1579.8198,1592.1689,-250248456,,,0,9.354,5.376,5.437,100.8,4.47
2026-09-10T11:28:08.160,1789003688,native,False,-37.90878225,145.1307029,1610.277,1587.0063,1610.277,1587.0063,1610.277,1587.0063,1600.8781,1589.0001,-250248456,,,0,9.432,4.838,5.182,96.9,4.52
2026-09-10T11:28:12.236,1789003692,native,False,-37.90880253,145.1309304,1630.3219,1585.1571,1630.3219,1585.1571,1630.3219,1585.1571,1619.7553,1586.1536,-250248456,,,0,9.417,5.346,4.826,97.5,4.59
2026-09-10T11:28:16.309,1789003696,native,False,-37.90883121,145.1311628,1650.8185,1582.385,1650.8185,1582.385,1650.8185,1582.385,1641.3093,1583.0923,-250248456,,,0,9.248,4.911,5.506,99.7,4.68
2026-09-10T11:28:20.378,1789003701,native,False,-37.90885718,145.1314319,1674.5305,1579.9773,1674.5305,1579.9773,1674.5305,1579.9773,1665.3871,1579.6586,-250248456,,,0,9.477,4.492,4.941,97.3,4.55
2026-09-10T11:28:24.467,1789003705,native,False,-37.90888369,145.1316283,1691.8585,1577.3814,1691.8585,1577.3814,1691.8585,1577.3814,1683.2511,1577.6631,-250248456,,,0,9.902,4.344,4.373,99.1,4.08
2026-09-10T11:28:30.567,1789003711,native,False,-37.90891637,145.1318871,1714.6809,1574.2115,1714.6809,1574.2115,1714.6809,1574.2115,1706.8797,1575.3214,:cluster_9139137366_9351956757_0,,,0,9.938,3.834,3.61,99.1,3.53
