gps_x,gps_y,gt_x,gt_y,lon,lat
473.7291117,1267.162459,476.93,1284.79,145.13198726173027,-37.90901455454441
473.0268462,1272.159309,476.93,1284.79,145.1319804155997,-37.90896941496369
471.7866339,1275.069598,476.93,1284.79,145.1319669777577,-37.90894297451234
477.7709816,1282.304613,476.93,1284.79,145.1320366666742,-37.90887888002193
475.7362837,1288.214475,477.3118565,1288.028709,145.1320148791262,-37.9088252752965
478.0171809,1294.462773,478.0697274,1294.456577,145.1320422358616,-37.90876940086211
479.4925256,1302.843308,479.064506,1302.893773,145.1320609194223,-37.9086941733143
480.8408586,1312.132408,480.1834854,1312.212917,145.13207836584652,-37.908610738265224
482.7968747,1319.726018,481.1286354,1319.930327,145.1321023351348,-37.908542686277684
484.386391,1329.440501,482.3242743,1329.693048,145.1321226205554,-37.908455462799694
485.8438453,1338.927075,483.4904622,1339.215293,145.13214135250252,-37.908370268537865
488.5022528,1349.223895,484.7721613,1349.680719,145.1321739234061,-37.90827799214462
492.4236756,1357.199581,485.78,1357.91,145.1322203254982,-37.90820685303073
495.9601828,1366.703132,486.0039295,1365.263893,145.1322626991894,-37.90812188104937
496.0361873,1377.028582,485.3053289,1378.73971,145.1322659154094,-37.908028880630525
501.9220752,1387.699555,487.1106644,1390.061362,145.13233526638675,-37.90793381621671
500.604022,1395.907974,488.3544285,1397.861278,145.13232215040708,-37.90785963492252
504.0006814,1405.973356,491.1787143,1411.264962,145.13236306172985,-37.907769576543465
503.9163697,1412.936043,492.5040034,1415.852281,145.13236368909813,-37.90770683976173
497.0367919,1417.84959,493.2609351,1418.814447,145.13228659052356,-37.90766133574821
495.2116133,1426.083739,493.1417578,1425.231445,145.1322677147041,-37.90758683113957
489.4098469,1433.965083,488.1451384,1428.846025,145.13220354659035,-37.907514786968015
481.3095856,1438.204802,480.3647901,1430.075408,145.13211241621408,-37.9074751325339
466.7370764,1433.414382,466.537183,1431.647844,145.13194564224543,-37.90751565539891
454.5943196,1434.911206,454.3642938,1433.042414,145.13180792579166,-37.907499979661004
442.4691842,1436.462887,442.2319776,1434.535756,145.13167042224978,-37.90748381277975
430.4012506,1436.268973,430.3676643,1435.99611,145.1315331713487,-37.9074833808017
415.104785,1440.120866,414.8324458,1437.908308,145.13136013561203,-37.907445920111996
404.4142589,1439.37781,404.3915669,1439.193454,145.13123842010341,-37.90745068330738
395.9850461,1442.126178,395.754914,1440.256522,145.13114321041883,-37.907424403177245
375.4958763,1443.386937,375.4186672,1442.759669,145.1309105458845,-37.90740934562029
363.839385,1444.867675,363.7555832,1444.170951,145.1307783548315,-37.90739390141891
352.7059294,1447.383398,352.4865019,1445.507949,145.1306523464585,-37.90736922816335
340.6594751,1448.35672,340.6960473,1446.219859,145.13051560616665,-37.90735828414997
330.0232991,1448.921344,330.8540458,1444.93376,145.1303948068907,-37.90735127640804
316.5734906,1441.69195,317.2628533,1440.413953,145.13024024074323,-37.90741397050802
305.4285499,1433.311363,307.976275,1431.575725,145.13011161704304,-37.907487451075255
297.0604525,1420.276327,296.5019474,1421.425252,145.13001350297813,-37.90760336161484
287.927023,1419.860716,288.1086715,1418.600529,145.1299095653306,-37.90760545509013
278.1815983,1420.716308,277.7489454,1418.869619,145.1297989595295,-37.907595986587154
268.9183396,1424.977404,267.9475504,1423.445485,145.1296946125698,-37.907555927566094
261.8516459,1430.831872,261.5907685,1426.625224,145.12961560308494,-37.90750191200004
251.4426413,1421.91827,251.4359245,1421.924408,145.12949522428613,-37.90758032640258
251.7787016,1410.822969,248.9720735,1411.222061,145.12949651398677,-37.90768033613389
248.7183179,1400.988832,247.5246329,1401.161334,145.12945947532455,-37.90776837110208
248.9675343,1387.39599,245.6055873,1387.881831,145.1294592078159,-37.90789086354684
247.1318233,1375.931151,243.9451223,1376.391667,145.12943572099513,-37.907993809596185
244.6890716,1363.55454,242.143173,1363.922453,145.12940512427363,-37.90810485935731
240.9224136,1348.967768,240.0012804,1349.100883,145.1293589708858,-37.90823557942028
238.6681106,1332.424314,237.6133457,1332.57674,145.1293295658462,-37.908384199075805
236.7243891,1322.123897,236.1155017,1322.211888,145.12930511628906,-37.90847663618215
235.2652209,1309.831686,234.3699324,1309.955195,145.1292857214317,-37.90858710340184
231.7416228,1293.572242,232.1363466,1293.519982,145.12924194936596,-37.908732935138026
231.7991545,1282.376961,230.6806482,1282.525048,145.1292400490734,-37.908833795135365
229.9978889,1269.091913,228.8316693,1269.256672,145.12921653790673,-37.90895314418582
227.4317213,1257.723872,227.2068464,1257.755641,145.1291847673245,-37.90905508611837
228.2622209,1244.995171,225.4600236,1245.391055,145.1291913055021,-37.909169899237305
226.0159884,1232.237242,223.6489456,1232.571649,145.12916285522604,-37.90928441941698
222.2310967,1219.606263,221.8253425,1219.663586,145.12911693956494,-37.90939751781488
220.1764105,1201.975983,219.3431351,1202.093705,145.12908955508246,-37.90955596381664
218.1049826,1188.239862,217.4082027,1188.33771,145.12906286875648,-37.90967932733121
216.3818146,1175.192081,215.5780334,1175.304955,145.12904029908242,-37.90979655308191
215.3275147,1162.865344,213.9109307,1163.051299,145.1290254988281,-37.90990740443432
215.2371577,1149.079267,212.1303632,1149.487095,145.12902132542894,-37.91003157612402
211.4575709,1135.481743,210.311623,1135.632173,145.1289752487797,-37.91015338224462
208.4431729,1122.593368,208.5973505,1122.573129,145.1289380339624,-37.91026893852722
210.1700179,1109.071683,206.9073084,1109.489282,145.1289545822211,-37.91039105707487
208.7476217,1093.240803,204.8908256,1093.734439,145.12893479672013,-37.910533407931894
206.2121928,1081.706447,203.3978563,1082.066381,145.1289033365223,-37.910636853494346
204.0740031,1068.301282,201.6766121,1068.607891,145.1288759658718,-37.91075722353065
203.6367728,1054.885652,199.9814254,1055.353145,145.1288679327,-37.910877995400135
201.8868718,1040.448844,198.1320436,1040.933338,145.12884474129154,-37.91100772889753
197.6288879,1027.363995,196.3907349,1027.528904,145.12879334128223,-37.91112483010925
195.8074354,1015.421907,194.7513822,1015.568117,145.1287699055111,-37.911232077661744
196.6879654,1001.584737,192.8882225,1002.11081,145.12877675894052,-37.911356885128505
193.5816436,989.8197648,191.2688934,990.1289573,145.1287387543634,-37.91146230482216
191.5594067,976.3335609,189.4620673,976.6139551,145.12871268298574,-37.91158342577397
190.2846077,964.3413904,187.8645964,964.6649227,145.12869545102893,-37.911691223307834
188.5870044,950.8163628,186.0583714,951.1544168,145.12867306176307,-37.911812752682295
185.1537997,938.3974825,184.3669551,938.502676,145.12863119078943,-37.911924003753406
184.1232992,925.5835417,182.6658402,925.77839,145.1286165487521,-37.91203924812998
182.5205476,913.6550178,181.0709702,913.8488124,145.12859560215475,-37.91214641298163
180.7248878,902.7748729,179.6485474,902.7784135,145.12857270139958,-37.91224409891392
181.0314062,889.8981747,179.7545015,889.8472118,145.12857324711186,-37.91236015041537
179.7614997,874.1097759,179.304569,874.1361298,145.12855520373995,-37.91250214602923
178.4770128,866.1653713,178.843628,866.1442264,145.1285387851755,-37.91257347861732
178.8677529,852.4028305,178.3683069,852.4140408,145.12854008621645,-37.91269752520376
185.7690031,833.117535,185.0792351,831.827511,145.1286141531786,-37.912872499425305
200.7170259,830.5796513,201.003162,829.203238,145.12878353797433,-37.91289806452941
213.6206251,829.0900828,213.8564537,826.5018637,145.12892991635678,-37.91291381626294
226.3660422,826.9315027,226.082292,825.0177656,145.12907434353951,-37.9129355658163
239.2908637,824.8796445,239.0267709,823.0984854,145.12922083506078,-37.91295638625615
250.4410127,822.5648999,250.3157184,821.5662212,145.12934708802013,-37.91297925382192
261.3573332,819.603221,261.4286906,820.1719864,145.12947053473357,-37.913007906709886
272.3272402,819.9039277,272.1914622,818.8216877,145.12959533519268,-37.91300718087267
283.3237689,817.156136,283.3569812,817.4208603,145.12971974285392,-37.91303392125836
294.5708206,815.7153717,294.6077023,816.0093435,145.12984729732273,-37.91304893280257
305.2803713,815.5376825,305.1732418,814.6837896,145.12996902838645,-37.91305246901049
316.4872991,814.5747151,316.3143736,813.2714029,145.13009623571045,-37.91306316893522
326.9801326,812.9475787,326.8138136,811.807504,145.1302151720666,-37.91307972266792
338.3398423,811.7332669,338.11744,810.1731309,145.130344059349,-37.91309271410091
350.5821083,810.7296699,350.2604905,808.4518121,145.1304830297427,-37.91310396668441
361.9218378,808.3952312,361.7017398,806.8363869,145.13061143451355,-37.91312704457076
372.7158251,806.7776112,372.4451416,805.2801202,145.13073379751663,-37.91314356646606
385.3227822,804.3996266,385.1189043,803.2770699,145.1308766013995,-37.91316726526346
396.6316222,803.121653,396.2913205,801.247944,145.13100489605768,-37.91318082027007
405.9829333,800.4300335,405.42,799.59,145.13111061059553,-37.91320675602353
409.0103619,795.4063401,408.5519489,795.2690907,145.1311438884221,-37.9132525573874
404.3935659,796.3727691,406.5874438,798.3535275,145.13109161387075,-37.913243017715125
392.9754148,797.5923992,391.9501521,795.8214909,145.1309620628712,-37.91322996862659
382.7327321,801.5956452,383.1045556,803.6429144,145.13084651216585,-37.91319205629564
371.1628423,802.5232803,371.1168083,802.2697163,145.13071516939826,-37.913181609885015
358.5470888,805.5203538,358.3436752,804.0786151,145.13057240670764,-37.91315233241163
346.5860028,807.3497602,346.3629694,805.7689622,145.1304368216647,-37.91313369165923
336.2649652,807.7142809,336.1937946,807.2171491,145.13031955058074,-37.91312854311266
325.1356265,808.2738985,325.214163,808.811874,145.1301931333208,-37.91312149091093
315.3874308,809.7530623,315.4421564,810.1652504,145.13008262996829,-37.913106404691185
298.3471588,812.4139252,298.3353974,812.3200506,145.1298894825581,-37.91307935547542
286.1174895,812.6529236,286.2652493,813.8322897,145.12975048112287,-37.913074992143265
271.3041648,815.6676387,271.3089864,815.706123,145.12958273589282,-37.91304515735956
259.2989387,817.7011737,259.2384544,817.2184102,145.12944669603183,-37.91302466866332
246.444607,823.6927127,246.2428174,822.0751931,145.1293019048132,-37.91296837174133
233.2570808,823.6989819,233.2940729,823.9484735,145.12915195936458,-37.91296593101295
221.3905087,825.2800275,221.4905183,825.8345718,145.1290173930622,-37.912949543018435
210.0871015,826.4139925,210.0866106,826.3967513,145.12888912816348,-37.91293728410649
202.7718656,823.0651723,205.5709419,819.0065116,145.12880518698515,-37.91296612816567
199.7637971,807.6942707,200.3532979,807.5745675,145.12876747560472,-37.91310404857515
197.7677255,795.4688699,198.2271966,795.4043757,145.12874198888932,-37.9132138166344
197.2650441,782.3833155,196.5292868,782.4742281,145.1287332862028,-37.91333160320586
196.1310093,770.720468,195.1382413,770.8331039,145.1287177294846,-37.91343645954719
198.5381926,760.3973765,193.9619037,760.9528433,145.12874274375508,-37.913529887494285
206.4965897,753.816161,206.1368573,751.4502051,145.1288317320254,-37.91359061169752
223.113888,751.6948366,222.6939304,748.9327803,145.12902019404294,-37.913612725912614
229.0058979,751.5818403,228.4696003,748.054617,145.12908716308874,-37.913614809174334
234.511181,747.1423585,234.5131402,747.1559408,145.129148747491,-37.91365579639093
249.3159205,745.262967,249.2947576,745.1088279,145.12931665535953,-37.91367540302938
258.0677465,744.9883474,257.9235267,743.9273653,145.12941610504285,-37.91367945906591
265.944776,742.1757009,266.0330403,742.8250352,145.12950502877567,-37.913706219978934
282.0065001,740.8262855,281.9834734,740.6568849,145.12968735030478,-37.91372127918038
286.83428,738.2785148,287.0637051,739.9663265,145.12974166319214,-37.91374510268744
290.0587716,727.982122,292.0526697,727.6743082,145.12977597814654,-37.91383843766726
287.1489565,717.8110655,290.5440251,717.4073523,145.12974057159016,-37.91392953482339
288.1787959,707.9462955,289.4017033,707.8008775,145.12975003075073,-37.914018584970066
287.9241018,693.0776585,287.6547496,693.1096877,145.1297437424579,-37.914152478861666
286.1041282,679.3031664,285.9113863,679.3292798,145.12971990565757,-37.91427623352487
284.4818691,667.3711116,284.3035853,667.3950745,145.12969873726576,-37.91438342684081
284.9163935,656.2858912,282.8657939,656.5567252,145.1297011488702,-37.91448336346033
283.9464184,649.0339867,281.9077864,649.30324,145.12968846507647,-37.91454851486233
283.4028585,640.9332605,280.8469033,641.2708395,145.12968043619074,-37.914621389710334
280.2674891,635.713388,280.1155507,635.7334553,145.12964359410938,-37.91466784470238
282.1081738,632.9473917,279.7742538,633.2723679,145.12966389273382,-37.91469309412247
292.8086317,620.4655582,292.8469274,620.8919426,145.12978271589122,-37.91480746735421
298.6623078,620.0498728,298.6888592,620.2982525,145.1298491811225,-37.91481226997112
302.6970354,619.7120896,302.7137023,619.8680034,145.129894981517,-37.914816042037494
312.5510877,618.8871119,312.5436145,618.8172018,145.13000684026264,-37.9148252545756
319.5424719,618.240974,319.5053427,617.951813,145.13008618943977,-37.914832338641254
323.5294835,617.8137988,323.4816462,617.4412433,145.1301314269095,-37.914836907255626
326.9278754,617.4496895,326.8709109,617.0060513,145.1301699857817,-37.91484080137048
338.6262534,616.196293,338.9508196,615.9338305,145.13030271808117,-37.91485420621083
345.8802975,615.3017446,345.9895033,616.1900179,145.13038499728418,-37.914863575275476
354.8797255,614.1207238,354.9979682,615.0825024,145.13048705733976,-37.914875840250986
363.6137419,612.9745239,363.740756,614.0076497,145.13058610746845,-37.914887743511876
370.1722122,612.1138224,370.3058139,613.2005306,145.13066048533616,-37.9148966818139
383.7027489,610.3381257,383.849943,611.5353931,145.13081393161434,-37.914915122084444
391.6091474,609.3342066,391.7602041,610.5628926,145.1309036037325,-37.91492559387337
402.4882483,607.9984402,402.6390957,609.2254237,145.13102700183995,-37.914939591913786
410.3984391,607.0271961,410.5487578,608.2581517,145.1311167245953,-37.91494976988305
420.3874833,605.80069,420.5455439,606.9414261,145.1312300271541,-37.914962622707336
432.3615568,604.3304261,432.4939411,605.2858543,145.13136584532236,-37.91497802974231
445.0737543,602.6028394,445.2015411,603.5250872,145.13150999787334,-37.91499588793729
459.1254683,600.6928887,459.2473944,601.5885712,145.13166934016007,-37.91501563060899
472.8766868,598.7654706,473.0060322,599.7156559,145.13182526171812,-37.915035476161876
484.7584873,597.0927234,484.8952261,598.0972214,145.13195998482104,-37.91505268987284
499.8681458,594.8345249,500.0317981,596.0367327,145.13213127759045,-37.91507576002207
513.5289575,592.779289,513.7187568,594.1735748,145.13228614231247,-37.91509674006181
526.8795719,590.7495688,526.8656885,590.6561407,145.13243748578088,-37.915117434059695
540.3967226,588.6807569,540.3915863,588.6461923,145.132590714073,-37.91513851006854
553.6025149,586.6595761,553.6059275,586.6825412,145.13274041294244,-37.915159100618574
568.2650039,584.4355105,568.274991,584.5027183,145.13290662938343,-37.91518178147514
581.9230015,582.3854331,581.9353177,582.4683274,145.13306146376615,-37.9152027135285
602.0353522,579.409638,602.0458607,579.4803654,145.13328947814267,-37.91523314893289
618.082871,577.0688559,618.0870548,577.0970147,145.13347141718273,-37.915257130285646
632.9228195,574.9159474,632.9194492,574.8932637,145.1336396681585,-37.915279201130474
648.2830212,572.7384706,648.2644318,572.6133539,145.1338138293183,-37.915301586888525
664.001647,570.5101537,663.9674875,570.2802427,145.1339920545719,-37.91532449501125
679.9349614,568.2513561,679.9898599,572.1172718,145.13417271418058,-37.91534771615853
695.3315718,566.1292524,695.29,571.9,145.1343473022933,-37.915369608886195
712.1816256,583.009249,712.4920248,582.644695,145.13454274170095,-37.915220587903775
721.9415524,590.9549606,720.9977609,591.3118565,145.1346555274121,-37.91515077059315
726.2816467,608.5926976,725.52978,608.7869759,145.1347088909765,-37.91499266800909
730.5125743,622.1027676,729.067024,622.4762899,145.1347600737684,-37.914871728738284
735.4029871,635.3939309,736.0502533,635.1871314,145.13481870536287,-37.914752880284354
739.5314507,648.1933462,739.7104541,648.1926244,145.1348685610165,-37.914638324232854
741.5581955,659.7459804,736.416157,659.6874151,145.13489423495955,-37.91453462061989
740.9206198,671.4137913,738.2192184,673.375758,145.13488964005703,-37.91442939920476
743.9278008,684.2524706,746.3076762,680.7210426,145.13492675463834,-37.914314287297366
760.7876972,676.5072715,760.5121466,676.2929544,145.13511669979687,-37.914387096807715
774.5191335,670.0097849,774.343402,669.3966897,145.13527135661963,-37.91444810251886
791.1169344,662.0290637,791.3832449,665.2913678,145.13545826871618,-37.914522985900604
801.7602221,664.6676477,801.6942605,664.2400343,145.13557988980702,-37.91450113474505
815.2859447,662.5860856,815.223308,662.1742497,145.1357332124636,-37.914522323053475
827.672594,659.9903737,827.7129742,660.2571715,145.13587346629953,-37.91454793753859
839.3732142,658.9479749,839.3032356,658.4912227,145.1360062728534,-37.91455943564031
853.6474069,657.189423,853.5139988,656.3135296,145.1361681798109,-37.91457784846603
869.6045601,656.4155765,869.2419402,653.947541,145.1363494470917,-37.91458769372445
877.0090071,653.4704876,876.9153799,652.8204993,145.13643297095422,-37.91461555744553
882.8800578,654.4327002,883.6030617,652.6203704,145.13649994740268,-37.91460794698781
890.466649,664.6364724,888.4043261,665.0390306,145.13658853145176,-37.91451739514357
890.9195791,671.180511,889.6514398,671.4280473,145.13659516914035,-37.914458526357805
893.7737588,682.7329692,891.974759,683.1072709,145.13663024900706,-37.91435497289545
897.6162096,696.2133029,894.9374622,696.8085801,145.13667700422675,-37.914234230596804
899.1797822,703.8550323,896.5932676,704.4117564,145.13669651998111,-37.914165673527975
901.5697744,713.2001936,898.6214904,713.8347854,145.1367258197555,-37.914081920325685
903.8173563,724.565789,901.0590325,725.1594936,145.13675395940905,-37.91397994088452
906.4685024,734.4785329,903.19,735.03,145.13678635750557,-37.91389112175903
908.7032693,747.6259153,902.58,744.72,145.1368147562543,-37.91377308919684
898.480271,749.6977424,897.9719468,749.1799609,145.13669898627555,-37.91375258477584
886.7105609,756.1438954,886.4763463,755.3649646,145.1365666237979,-37.91369239665781
879.7532188,758.3085604,879.4870625,757.3614182,145.13648800731247,-37.91367164383246
872.2421782,760.1186026,872.0484145,759.3687637,145.13640301442138,-37.91365398576357
862.0762073,762.6195013,861.9354893,762.1050544,145.13628799073868,-37.91362962603101
853.3216574,763.389862,853.6220987,764.4626978,145.13618862224223,-37.913621109545346
845.168955,768.2360461,844.8107341,766.9155455,145.136097023808,-37.91357598534744
837.498473,769.5230725,837.3408114,768.9417755,145.1360100992797,-37.91356300973656
827.8713806,773.6724414,827.3254937,771.6557888,145.13590157804921,-37.91352389687467
815.9660618,775.6707325,815.7392977,774.8700591,145.1357666632318,-37.9135037509053
809.8181155,777.3286818,809.6131789,776.6050787,145.13569713517236,-37.91348770800912
802.8747846,779.2540613,802.6814084,778.5866013,145.13561862406468,-37.91346911268202
795.1016599,781.7436347,794.9118586,781.3965207,145.1355308061714,-37.91344528538498
790.3101545,784.4668214,790.0457271,784.1919364,145.1354769438764,-37.91341989085235
782.776669,789.0221753,785.7858295,790.0548094,145.13539232077449,-37.9133774975718
793.3967388,809.4368589,794.5041432,808.7699824,145.1355177189837,-37.91319551071329
800.2845003,819.6270833,801.0512319,819.1410947,145.13559835337153,-37.913104955701634
805.4369479,827.3882689,806.037415,827.0076662,145.13565870392196,-37.91303596935927
808.7954472,835.198677,810.5316909,834.0981685,145.13569866764436,-37.91296621635803
816.0292122,847.2270003,818.0439072,845.949997,145.13578365373797,-37.9128591654869
822.5772049,856.0953716,820.4189502,856.9715699,145.13586012354418,-37.91278045664447
824.7399559,865.214302,823.9031444,865.5540168,145.13588678838676,-37.912698700649365
828.850454,874.3713899,827.6849977,874.8463133,145.13593560840246,-37.912616951795364
828.9681083,878.5281864,829.0866496,878.4851237,145.13593789135882,-37.912579527518446
833.6325484,890.9675075,833.6224824,890.9711641,145.1359937560366,-37.9124683112392
838.1765216,900.0909357,837.1026682,900.4850986,145.1360474968666,-37.9123869436299
844.011745,909.452055,840.8558474,910.6282608,145.13611597351843,-37.91230366740132
848.5066586,919.0572531,844.4392609,920.494727,145.1361692657982,-37.912217950984896
851.6565402,932.2482302,848.7071639,933.2357,145.13620807978316,-37.91209969066598
856.5206012,940.5459321,851.695542,942.1613924,145.13626527185667,-37.91202581894555
859.8890609,955.4278488,856.515406,956.5573697,145.13630695526635,-37.911892365536616
864.3422803,967.4502074,860.5837142,968.708599,145.13636032242033,-37.91178486710512
867.8318063,977.4898228,863.9579628,978.78681,145.1364022813064,-37.911695056143635
866.9945742,983.6768763,865.736241,984.0981742,145.13639416824526,-37.91163917079684
867.7545691,987.1500302,866.8584701,987.4500498,145.13640359905085,-37.91160802061004
870.3571849,1000.11233,869.4582502,1000.24184,145.13643613781218,-37.911491721608755
871.471699,1011.031408,871.0220437,1011.09619,145.13645129206495,-37.91139356046671
873.2308034,1022.866075,872.7281718,1022.93849,145.1364739834782,-37.91128726754305
875.7222179,1035.867199,874.6026408,1036.028038,145.13650526641888,-37.91117059874551
876.9572472,1049.467435,876.5419172,1049.527101,145.1365224001935,-37.91104830672589
878.3798339,1062.245585,878.3692734,1062.247102,145.1365414795907,-37.910933454038314
880.4344303,1075.276387,880.2449715,1075.303604,145.13656780234388,-37.91081643920095
882.0412909,1087.735292,882.0320761,1087.736617,145.13658890423963,-37.91070449552311
884.2992268,1099.614785,883.7508936,1099.693608,145.13661727712514,-37.91059788857222
887.112898,1112.484404,885.6357201,1112.699935,145.13665219368102,-37.91048246236958
886.5541439,1125.619056,887.4956957,1125.482232,145.13664882586465,-37.91036404140346
889.6955381,1138.410757,889.1246755,1138.479482,145.13668745074332,-37.91024937609986
890.010864,1151.335179,890.7432041,1151.239905,145.13669397334854,-37.91013300632584
891.8387706,1163.221826,892.2942979,1163.162564,145.13671745804234,-37.91002625745365
895.7977194,1178.422826,894.3048679,1178.61704,145.13676592569783,-37.90989003572587
896.984067,1190.925514,895.9240949,1191.063413,145.1367822557242,-37.909777621857536
897.2836667,1201.277417,897.2570679,1201.280887,145.1367880146827,-37.90968442315602
898.7930569,1205.550843,896.8581486,1203.102592,145.1368061474505,-37.90964619878614
885.7958086,1208.22582,885.904876,1206.000162,145.13665897805657,-37.909619761640556
879.229121,1205.123524,879.3952242,1204.86104,145.13658361045307,-37.909646525477626
874.592923,1203.096833,875.319585,1202.110929,145.1365304367361,-37.90966394757507
870.1261329,1201.943404,871.9540451,1199.367709,145.1364793876321,-37.90967353358433
864.2337142,1199.465221,864.2466492,1196.998342,145.13641182814504,-37.909694796559876
856.0975097,1200.295892,856.1150238,1196.955704,145.13631950914032,-37.909685848383866
852.7936667,1199.902876,853.12,1196.94,145.13628185544394,-37.90968879375274
849.6290163,1198.990335,851.1345276,1196.394626,145.13624566625128,-37.90969644419423
849.2285998,1187.74114,849.8203458,1187.732482,145.13623855635373,-37.909797707731386
849.5777129,1184.682391,849.7756763,1184.679494,145.13624183041466,-37.909825324609514
849.6205898,1182.268737,849.7403779,1182.266985,145.13624176924102,-37.90984707515027
849.4400157,1179.803328,849.7042746,1179.799462,145.13623915568067,-37.90986925166844
848.2961606,1176.670533,849.6582024,1176.650604,145.1362254379677,-37.909897266677895
849.0235496,1171.127123,849.5772676,1171.119021,145.1362324481717,-37.909947334153465
849.9416077,1163.76567,849.4697788,1163.772574,145.1362412129943,-37.910013813369474
847.8332104,1156.616768,849.0717248,1156.410349,145.13621561547845,-37.910077832782235
842.4430905,1155.626758,842.1014957,1153.129657,145.13615410498033,-37.910085780219795
837.5843969,1155.212322,837.387706,1153.774487,145.13609876761848,-37.91008863842736
832.7815976,1154.968875,832.7058229,1154.414952,145.1360441046436,-37.91008996636399
830.3571006,1155.828107,829.9562282,1155.777203,145.13601673356322,-37.91008178946336
829.3268714,1167.364716,830.0071426,1167.358172,145.13600764279505,-37.90997767915402
829.2738282,1174.819517,830.0788418,1174.811774,145.13600873456866,-37.90991051483753
829.1520637,1185.60326,830.1825542,1185.593348,145.13600980182332,-37.909813350176535
831.6995503,1197.209406,830.2944238,1197.222923,145.13604140516068,-37.90970925789834
831.2091802,1208.774557,830.405618,1208.782287,145.13603845900568,-37.90960498771334
828.5238291,1220.12277,830.5145225,1220.103621,145.13601050688916,-37.90950227638759
828.4349328,1230.303409,830.6124369,1230.282463,145.1360118107052,-37.909410550556615
828.3468629,1240.389507,830.7094421,1240.36678,145.1360131024156,-37.90931967652275
829.9217173,1245.618166,830.7598797,1245.610103,145.13603219696628,-37.90927285908465
829.4256701,1252.476518,830.7291223,1252.630296,145.13602811620427,-37.90921098793038
826.9442524,1259.554966,826.1693555,1257.554781,145.1360015121933,-37.90914677647853
818.9946828,1260.161677,819.0113796,1260.0986,145.1359112650186,-37.90913987910779
812.0925553,1252.307614,817.9651341,1252.36123,145.13583100337016,-37.90920938718518
811.7846158,1241.152758,818.0669441,1241.210116,145.13582496587802,-37.909309817520786
812.0069873,1230.741789,818.1620071,1230.797984,145.13582512705975,-37.90940364226173
812.4125671,1220.175358,818.2585046,1220.228731,145.13582733594305,-37.909498900446856
812.8273218,1210.233641,818.3492997,1210.284057,145.13582979118686,-37.909588532699516
813.2983138,1199.478144,818.4475287,1199.525156,145.13583270081324,-37.90968550582066
813.7009164,1188.132659,818.5511382,1188.176941,145.13583469871335,-37.90978778138347
813.8710182,1177.788976,818.6455826,1177.832567,145.13583428087966,-37.909880990571864
813.9949188,1170.254743,818.7143749,1170.297832,145.13583397653224,-37.909948883191355
813.2260583,1162.228629,812.5449217,1157.05785,145.13582340969447,-37.91002104597208
812.7144719,1153.629472,813.0609996,1156.990036,145.1358156377315,-37.910098417215785
814.4679131,1141.492714,813.9155436,1157.020434,145.13583281467805,-37.91020806411145
814.5028272,1139.369672,799.7982714,1143.023531,145.13583272892043,-37.91022719530587
814.4671013,1141.542095,813.9164872,1157.020468,145.135832816676,-37.91020761912855
798.7481492,1158.568039,801.5010893,1156.77121,145.13565796425183,-37.91005141323176
788.8824222,1160.392223,800.58,1155.36,145.13554620627346,-37.910033203024234
778.2961923,1161.708944,776.0260217,1143.923575,145.13542614086816,-37.91001943424352
768.5836525,1162.916983,766.3174625,1145.162801,145.13531598459878,-37.91000680181228
756.2481108,1152.533583,755.9,1146.45,145.1351733684663,-37.91009811520066
744.8305426,1149.213335,744.8861091,1146.286286,145.1350427959852,-37.91012596719644
736.3175453,1147.910883,736.3514621,1146.124266,145.13494570728568,-37.91013616573417
732.6217412,1147.331709,732.7977029,1146.018764,145.13490355439205,-37.91014071696799
726.0313468,1168.968573,725.3958995,1168.967131,145.1348335442107,-37.909944618821534
725.5347475,1176.791918,725.3781456,1176.791562,145.13482967769613,-37.90987405465921
725.5830166,1187.132291,725.3546832,1187.131773,145.13483257890044,-37.90978091468443
727.7217225,1196.542365,725.3333424,1196.536946,145.13485903649152,-37.90969653185559
727.8760272,1205.946002,725.3025015,1205.939414,145.13486293015615,-37.90961184934137
727.6913585,1214.755338,725.28,1214.73,145.13486283452923,-37.90953245934277
726.5059775,1218.496322,724.747526,1217.445293,145.13485020794673,-37.909498545966585
725.9585812,1224.274734,727.1350569,1223.514927,145.1348452986645,-37.90944639391534
724.0085814,1224.370014,725.4163945,1221.713015,145.13482314913216,-37.909445184140516
699.4878782,1221.703883,699.4718489,1220.620052,145.134543745799,-37.909464781339466
689.2405191,1221.349407,689.231972,1220.771495,145.13442715418614,-37.90946612721436
676.7248935,1223.630426,676.6808189,1220.971257,145.1342853724523,-37.909443322828245
669.4719493,1223.153789,669.4377645,1221.091308,145.13420279911855,-37.9094463088063
661.5176567,1223.511634,661.479727,1221.223209,145.13411244146783,-37.90944165104562
647.6812683,1222.294521,647.666953,1221.448149,145.1339548468582,-37.90945012015541
635.7345897,1222.443792,635.7211671,1221.650196,145.13381904894257,-37.90944662111878
628.3073766,1223.781186,628.2734643,1221.776165,145.13373490711035,-37.909433234102764
621.6715909,1224.174766,621.6329214,1221.888481,145.13365954886856,-37.90942849187275
611.8931419,1224.301407,611.8551276,1222.053859,145.1335483982923,-37.909425587427336
601.1625045,1223.473858,601.1415519,1222.235065,145.13342620426639,-37.90943110670212
593.4147238,1222.97243,593.4044656,1222.365928,145.13333799908074,-37.909434226138984
587.4162457,1224.687147,587.3786769,1222.467906,145.13327018775857,-37.909417697496494
571.3463292,1224.501005,571.3209014,1222.707262,145.1330874330573,-37.90941647529387
562.0878347,1223.363308,562.0803917,1222.838254,145.13298190642865,-37.90942505358151
550.0817973,1223.51306,550.0746439,1223.008446,145.13284543386197,-37.9094215383808
542.4814669,1225.4309,542.4486591,1223.11655,145.13275945614268,-37.9094028906388
530.0951917,1223.84098,530.0874063,1223.291782,145.13261826416823,-37.909414977949204
521.3714493,1223.23833,521.3739581,1223.415302,145.13251893941668,-37.90941883248653
513.1443258,1224.430901,513.0866,1224.060888,145.13242567005713,-37.90940660478588
507.0588925,1232.091763,508.3542546,1232.199983,145.13235822481306,-37.90933649563473
509.4046489,1242.891108,508.9215485,1242.919297,145.13238735561256,-37.90923963590851
508.2870912,1254.578535,509.5974049,1254.502078,145.13237731147603,-37.90913415107617
509.1746692,1266.055512,510.2678271,1265.991726,145.1323900173584,-37.90903092390455
515.705781,1277.538452,515.9707484,1277.244538,145.1324668901605,-37.90892866150155
529.8902091,1277.034165,529.8942374,1277.855375,145.1326280488079,-37.90893576395031
536.7816661,1278.172637,531.1330572,1278.924608,145.1327066622962,-37.9089267518667
534.2652591,1303.832253,534.4456897,1303.808233,145.13268389532098,-37.90869514977643
536.279163,1315.572535,536.0164681,1315.607507,145.13270946663556,-37.90858975387339
536.9007279,1326.917798,537.5014935,1326.844398,145.13271911744627,-37.90848766515421
540.0240194,1338.869703,539.8687462,1338.935543,145.13275735019653,-37.908380563060376
543.4999511,1342.565006,542.8702765,1343.267768,145.1327977119443,-37.90834790205289
546.1168119,1347.233256,546.8544496,1346.047361,145.1328285278752,-37.90830632148605
555.4482429,1350.779773,555.5769266,1348.006417,145.1329354306973,-37.908276057214835
567.4114536,1349.423539,567.4417827,1348.445096,145.13307113951973,-37.9082904328147
575.8258606,1349.592048,575.5980931,1350.598463,145.13316684685478,-37.908290432815114
577.5166641,1352.228443,576.9988867,1350.356478,145.1331866709839,-37.90826698853727
588.1666384,1341.176154,586.8998709,1340.028893,145.13330524130353,-37.90836847140645
596.2341539,1334.891626,595.2545432,1333.181134,145.13339553561295,-37.90842653919188
607.0798435,1331.053967,607.1041432,1329.917665,145.13351797407358,-37.90846306599856
613.9119401,1332.060595,613.8916655,1330.058667,145.13359588205077,-37.90845523028068
621.800886,1331.590248,621.7845654,1329.978731,145.1336854698677,-37.90846089006715
632.2841424,1330.965214,632.273076,1329.872508,145.1338045190092,-37.90846841109546
641.7599075,1330.08593,641.7327295,1329.698025,145.13391205544363,-37.90847804067523
653.1914125,1328.119874,652.9590954,1327.349523,145.13404158075502,-37.90849781271761
664.9830615,1325.106695,664.6006794,1323.838736,145.1341749625838,-37.90852708229857
675.9872792,1321.478352,675.6905274,1320.494339,145.13429925167736,-37.90856175131771
686.9851517,1317.960237,686.7167492,1317.112809,145.13442349382998,-37.908595426103034
696.4741185,1315.859614,695.7424255,1314.103874,145.13453090277096,-37.908616059632095
709.7516888,1306.701494,709.1198669,1306.364074,145.1346797815466,-37.90870095168637
711.4656255,1296.617364,712.4024921,1296.633277,145.13469697438478,-37.9087921010092
712.5467599,1285.935521,712.459598,1285.935811,145.13470683646656,-37.908888520615854
713.3845928,1276.175214,711.9704438,1276.275317,145.13471414193654,-37.90897659493757
714.941501,1266.359988,712.6818887,1265.315835,145.134729610662,-37.90906529359502
717.9600232,1259.827657,716.0612726,1258.812588,145.13476244454094,-37.90912468255735
721.5383195,1252.138904,720.0531771,1251.345249,145.13480137991772,-37.909194589747074
723.7494414,1246.428928,722.9179115,1245.984561,145.13482522098974,-37.9092464251844
725.2766641,1242.081372,725.0643857,1241.967931,145.134841596214,-37.9092858643298
728.2778641,1232.363302,727.9010508,1232.306834,145.13487350861175,-37.909373948080955
726.8981161,1236.810886,727.0232343,1236.845144,145.13485883287078,-37.90933363444266
706.8863259,1221.61327,706.8700185,1220.510637,145.13462784444374,-37.90946693128084
700.6271128,1221.689931,700.6110407,1220.603204,145.1345566955538,-37.909465112389924
690.1642921,1221.818065,690.1486133,1220.757939,145.13443776398702,-37.90946207196325
682.0441876,1221.9175,682.0270353,1220.882646,145.13434546223664,-37.90945971230999
669.150472,1223.153314,669.1163834,1221.096635,145.13419914386265,-37.909446255122376
658.4045439,1223.489343,658.3691025,1221.274254,145.1340770407821,-37.90944129051766
648.7117446,1223.967317,648.6688496,1221.431203,145.13396694394007,-37.90943523701606
638.871186,1223.634478,638.8367332,1221.597501,145.13385498257017,-37.90943646076913
631.7368793,1223.305749,631.7100253,1221.71804,145.13377379179613,-37.90943813544853
620.5731795,1224.1306,620.5355709,1221.907041,145.1336470500518,-37.90942869162767
614.6769853,1222.706861,614.6651367,1222.006332,145.13357968715613,-37.90944045359073
597.9896941,1223.894351,597.9625389,1222.288834,145.1333902256533,-37.909426746493224
590.0937314,1224.671235,590.0556648,1222.422589,145.13330062671167,-37.90941832382687
579.9361089,1224.715529,579.9059148,1222.585562,145.13318514628867,-37.90941609244219
571.0061391,1224.939701,570.974562,1222.712172,145.13308366504523,-37.909412462040464
559.3527669,1223.397423,559.3453898,1222.877025,145.1329508169251,-37.90942425280254
547.3520755,1224.861407,547.3263605,1223.047405,145.13281470444667,-37.90940889961157
535.6991098,1225.376456,535.6684363,1223.212666,145.13268232948937,-37.909402157245744
524.5302938,1225.130849,524.5053452,1223.370912,145.1325552860074,-37.909402354273226
515.7750314,1225.534144,515.4867702,1223.686437,145.13245583203062,-37.909397141275946
509.1019043,1224.977098,510.18,1225.82,145.13237983283278,-37.90940095495651
509.1524885,1243.660553,508.9654378,1243.671468,145.13238466386943,-37.90923265905492
509.4475381,1253.316124,509.5279307,1253.311433,145.13239021794917,-37.90914573260932
507.9509424,1264.460007,510.1708928,1264.330472,145.13237574042662,-37.90904507574316
508.0175776,1266.363277,510.281798,1266.231159,145.13237693159653,-37.909027942657126
