gps_x,gps_y,gt_x,gt_y,lon,lat,matched,edge_id,lane_index,lane_pos,is_internal_edge,raw_x,raw_y,matched_x,matched_y,matched_lat,matched_lon,match_error_m,unmatched_reason
473.7291117,1267.162459,476.93,1284.79,145.1319873,-37.90901455,TRUE,28533357#0,0,4.472095888,FALSE,473.7291117,1267.162459,479.1198841,1271.940485,-37.90897249,145.1320496,7.203468426,
473.0268462,1272.159309,476.93,1284.79,145.1319804,-37.90896941,TRUE,28533357#0,0,2.842155622,FALSE,473.0268462,1272.159309,478.7408786,1273.525748,-37.90895814,145.1320457,5.875144444,
471.7866339,1275.069598,476.93,1284.79,145.131967,-37.90894297,TRUE,1272942443#3,0,2.39306248,FALSE,471.7866339,1275.069598,471.7076213,1278.402798,-37.90891293,145.1319668,3.334136615,
477.7709816,1282.304613,476.93,1284.79,145.1320367,-37.90887888,TRUE,:3157090491_0,0,2.446291222,TRUE,477.7709816,1282.304613,478.3937201,1282.168809,-37.90888022,145.1320437,0.637374299,
475.7362837,1288.214475,477.3118565,1288.028709,145.1320149,-37.90882528,TRUE,-1272942443#2,0,3.259923025,FALSE,475.7362837,1288.214475,477.3117137,1288.027498,-37.90882724,145.1320327,1.586486749,
478.0171809,1294.462773,478.0697274,1294.456577,145.1320422,-37.9087694,TRUE,-1272942443#2,0,9.729895745,FALSE,478.0171809,1294.462773,478.0693014,1294.452963,-37.9087695,145.1320428,0.053035554,
479.4925256,1302.843308,479.064506,1302.893773,145.1320609,-37.90869417,TRUE,-1272942443#2,0,18.22235686,FALSE,479.4925256,1302.843308,479.063708,1302.887005,-37.9086937,145.1320561,0.43103823,
480.8408586,1312.132408,480.1834854,1312.212917,145.1320784,-37.90861074,TRUE,-1272942443#1,0,3.237244189,FALSE,480.8408586,1312.132408,480.1835246,1312.213236,-37.90860989,145.1320709,0.662284888,
482.7968747,1319.726018,481.1286354,1319.930327,145.1321023,-37.90854269,TRUE,1272942443#1,0,90.93264784,FALSE,482.7968747,1319.726018,483.1211012,1319.693386,-37.90854304,145.132106,0.325864517,
484.386391,1329.440501,482.3242743,1329.693048,145.1321226,-37.90845546,TRUE,1272942443#1,0,81.09771581,FALSE,484.386391,1329.440501,484.3174127,1329.455288,-37.90845532,145.1321218,0.070545371,
485.8438453,1338.927075,483.4904622,1339.215293,145.1321414,-37.90837027,TRUE,1272942443#1,0,71.50504553,FALSE,485.8438453,1338.927075,485.4842557,1338.976727,-37.90836976,145.1321373,0.363001314,
488.5022528,1349.223895,484.7721613,1349.680719,145.1321739,-37.90827799,TRUE,1272942443#1,0,60.9621367,FALSE,488.5022528,1349.223895,486.7666848,1349.441348,-37.90827572,145.1321542,1.749137523,
492.4236756,1357.199581,485.78,1357.91,145.1322203,-37.90820685,TRUE,1272942443#1,0,52.62754626,FALSE,492.4236756,1357.199581,487.780316,1357.714067,-37.90820138,145.1321676,4.671775332,
495.9601828,1366.703132,486.0039295,1365.263893,145.1322627,-37.90812188,TRUE,1272942443#1,0,44.7585681,FALSE,495.9601828,1366.703132,487.9899201,1365.545992,-37.90813087,145.1321718,8.053822766,
496.0361873,1377.028582,485.3053289,1378.73971,145.1322659,-37.90802888,TRUE,1272942443#1,0,31.73162634,FALSE,496.0361873,1377.028582,487.2796659,1378.428975,-37.90801469,145.1321667,8.867793775,
501.9220752,1387.699555,487.1106644,1390.061362,145.1323353,-37.90793382,TRUE,1272942443#1,0,20.26709235,FALSE,501.9220752,1387.699555,489.0869933,1389.750154,-37.90791303,145.1321898,12.99785699,
500.604022,1395.907974,488.3544285,1397.861278,145.1323222,-37.90785963,TRUE,1272942443#1,0,12.36970952,FALSE,500.604022,1395.907974,490.3319768,1397.548787,-37.907843,145.1322057,10.40226806,
504.0006814,1405.973356,491.1787143,1411.264962,145.1323631,-37.90776958,TRUE,1001027006,0,31.28821731,FALSE,504.0006814,1405.973356,504.498013,1410.510141,-37.9077288,145.1323697,4.563962416,
503.9163697,1412.936043,492.5040034,1415.852281,145.1323637,-37.90770684,TRUE,1001027006,0,32.13468706,FALSE,503.9163697,1412.936043,503.6566357,1410.602851,-37.90772781,145.1323602,2.347604337,
497.0367919,1417.84959,493.2609351,1418.814447,145.1322866,-37.90766134,TRUE,996237862#1,0,1.096472443,FALSE,497.0367919,1417.84959,495.1986677,1418.31763,-37.90765679,145.1322658,1.896776664,
495.2116133,1426.083739,493.1417578,1425.231445,145.1322677,-37.90758683,TRUE,:cluster_11820724987_9239946034_9351956751_9351956760_16,0,4.760823754,TRUE,495.2116133,1426.083739,495.4258073,1426.169624,-37.9075861,145.1322702,0.230771266,
489.4098469,1433.965083,488.1451384,1428.846025,145.1322035,-37.90751479,TRUE,-45897403#0,0,94.91330152,FALSE,489.4098469,1433.965083,489.6356697,1435.629284,-37.90749984,145.1322065,1.679452074,
481.3095856,1438.204802,480.3647901,1430.075408,145.1321124,-37.90747513,TRUE,1209653412#1,0,2.648310511,FALSE,481.3095856,1438.204802,481.3842527,1438.927491,-37.90746864,145.1321134,0.726536105,
466.7370764,1433.414382,466.537183,1431.647844,145.1319456,-37.90751566,TRUE,:cluster_579289_605155831_9106614572_9106614573_#2more_21,0,10.49463009,TRUE,466.7370764,1433.414382,466.7878378,1433.857858,-37.90751167,145.1319463,0.446371705,
454.5943196,1434.911206,454.3642938,1433.042414,145.1318079,-37.90749998,TRUE,-1209653410,0,82.58330414,FALSE,454.5943196,1434.911206,454.6348752,1435.252317,-37.90749691,145.1318085,0.343513133,
442.4691842,1436.462887,442.2319776,1434.535756,145.1316704,-37.90748381,TRUE,-1209653410,0,70.35963754,FALSE,442.4691842,1436.462887,442.5027461,1436.745457,-37.90748127,145.1316709,0.284556379,
430.4012506,1436.268973,430.3676643,1435.99611,145.1315332,-37.90748338,TRUE,1209653410,0,25.91599084,FALSE,430.4012506,1436.268973,430.3681281,1435.996053,-37.90748583,145.1315327,0.274922993,
415.104785,1440.120866,414.8324458,1437.908308,145.1313601,-37.90744592,TRUE,-1209653410,0,42.75380302,FALSE,415.104785,1440.120866,415.1036392,1440.117554,-37.90744595,145.1313601,0.003504356,
404.4142589,1439.37781,404.3915669,1439.193454,145.1312384,-37.90745068,TRUE,1209653410,0,52.08765406,FALSE,404.4142589,1439.37781,404.392499,1439.19334,-37.90745234,145.1312381,0.185749321,
395.9850461,1442.126178,395.754914,1440.256522,145.1311432,-37.9074244,TRUE,-1209653410,0,23.53262051,FALSE,395.9850461,1442.126178,396.0263954,1442.465453,-37.90742135,145.1311438,0.341785038,
375.4958763,1443.386937,375.4186672,1442.759669,145.1309105,-37.90740935,TRUE,1209653410,0,81.2786815,FALSE,375.4958763,1443.386937,375.4201215,1442.75949,-37.90741498,145.1309095,0.63200328,
363.839385,1444.867675,363.7555832,1444.170951,145.1307784,-37.9073939,TRUE,:cluster_605155297_605155316_14,0,6.033629807,TRUE,363.839385,1444.867675,364.0173162,1445.144961,-37.90739144,145.1307804,0.32946458,
352.7059294,1447.383398,352.4865019,1445.507949,145.1306523,-37.90736923,TRUE,-1147258794#0,0,4.40571685,FALSE,352.7059294,1447.383398,352.745868,1447.718023,-37.90736622,145.1306529,0.337000415,
340.6594751,1448.35672,340.6960473,1446.219859,145.1305156,-37.90735828,TRUE,:cluster_9106614563_9109971234_3,0,8.620948105,TRUE,340.6594751,1448.35672,340.6559293,1448.455296,-37.9073574,145.1305156,0.098639824,
330.0232991,1448.921344,330.8540458,1444.93376,145.1303948,-37.90735128,TRUE,-1147258794#2,0,18.84367304,FALSE,330.0232991,1448.921344,330.4003116,1447.115211,-37.90736761,145.1303987,1.845062606,
316.5734906,1441.69195,317.2628533,1440.413953,145.1302402,-37.90741397,TRUE,1147258794#2,0,15.72910295,FALSE,316.5734906,1441.69195,317.2628322,1440.413941,-37.90742561,145.1302478,1.452066648,
305.4285499,1433.311363,307.976275,1431.575725,145.1301116,-37.90748745,TRUE,:10132758421_4,0,0.99660536,TRUE,305.4285499,1433.311363,306.1505156,1432.824042,-37.90749197,145.1301197,0.871043413,
297.0604525,1420.276327,296.5019474,1421.425252,145.1300135,-37.90760336,TRUE,:579292_0,0,7.393440423,TRUE,297.0604525,1420.276327,296.6458224,1421.468258,-37.90759255,145.1300091,1.26198964,
287.927023,1419.860716,288.1086715,1418.600529,145.1299096,-37.90760546,TRUE,5094886#2,0,8.825457714,FALSE,287.927023,1419.860716,288.1082681,1418.600471,-37.90761684,145.1299113,1.273211315,
278.1815983,1420.716308,277.7489454,1418.869619,145.129799,-37.90759599,TRUE,-5094886#2,0,13.5106055,FALSE,278.1815983,1420.716308,278.2588107,1421.037073,-37.90759311,145.1297999,0.329927123,
268.9183396,1424.977404,267.9475504,1423.445485,145.1296946,-37.90755593,TRUE,-5094886#2,0,3.372153354,FALSE,268.9183396,1424.977404,269.1408103,1425.328806,-37.9075528,145.1296972,0.415904715,
261.8516459,1430.831872,261.5907685,1426.625224,145.1296156,-37.90750191,TRUE,:9110403639_1,0,6.674773427,TRUE,261.8516459,1430.831872,261.4438128,1430.646566,-37.90750351,145.1296109,0.447957588,
251.4426413,1421.91827,251.4359245,1421.924408,145.1294952,-37.90758033,TRUE,:9110403636_0,0,1.279029222,TRUE,251.4426413,1421.91827,251.4372039,1421.925808,-37.90758026,145.1294952,0.009294466,
251.7787016,1410.822969,248.9720735,1411.222061,145.1294965,-37.90768034,TRUE,-10539447#1,0,7.090957232,FALSE,251.7787016,1410.822969,248.9717324,1411.219663,-37.90767626,145.1294647,2.834861914,
248.7183179,1400.988832,247.5246329,1401.161334,145.1294595,-37.90776837,TRUE,-10539447#0,0,3.393494229,FALSE,248.7183179,1400.988832,247.5246417,1401.161395,-37.9077666,145.1294459,1.206084882,
248.9675343,1387.39599,245.6055873,1387.881831,145.1294592,-37.90789086,TRUE,-10539447#0,0,16.81069917,FALSE,248.9675343,1387.39599,245.6056309,1387.882133,-37.90788588,145.1294211,3.396870531,
247.1318233,1375.931151,243.9451223,1376.391667,145.1294357,-37.90799381,TRUE,-10539447#0,0,28.42001116,FALSE,247.1318233,1375.931151,243.9451961,1376.392177,-37.90798908,145.1293996,3.219804098,
244.6890716,1363.55454,242.143173,1363.922453,145.1294051,-37.90810486,TRUE,-10539447#0,0,41.01852588,FALSE,244.6890716,1363.55454,242.1432794,1363.923189,-37.90810108,145.1293763,2.572345255,
240.9224136,1348.967768,240.0012804,1349.100883,145.129359,-37.90823558,TRUE,-10539447#0,0,55.99378881,FALSE,240.9224136,1348.967768,240.0014256,1349.101888,-37.9082342,145.1293485,0.930702435,
238.6681106,1332.424314,237.6133457,1332.57674,145.1293296,-37.9083842,TRUE,-10539447#0,0,72.68927944,FALSE,238.6681106,1332.424314,237.6135344,1332.578045,-37.90838262,145.1293176,1.065722421,
236.7243891,1322.123897,236.1155017,1322.211888,145.1293051,-37.90847664,TRUE,-10539447#0,0,83.16160991,FALSE,236.7243891,1322.123897,236.1157176,1322.213382,-37.90847572,145.1292982,0.615214195,
235.2652209,1309.831686,234.3699324,1309.955195,145.1292857,-37.9085871,TRUE,:579297_3,0,4.05046958,TRUE,235.2652209,1309.831686,235.5277063,1309.946112,-37.90858612,145.1292887,0.286342079,
231.7416228,1293.572242,232.1363466,1293.519982,145.1292419,-37.90873294,TRUE,-4577073#9,0,6.122890482,FALSE,231.7416228,1293.572242,232.1363594,1293.520078,-37.90873348,145.1292464,0.398168363,
231.7991545,1282.376961,230.6806482,1282.525048,145.12924,-37.9088338,TRUE,-4577073#9,0,17.21359411,FALSE,231.7991545,1282.376961,230.6806843,1282.52532,-37.90883226,145.1292274,1.128266811,
229.9978889,1269.091913,228.8316693,1269.256672,145.1292165,-37.90895314,TRUE,-4577073#9,0,30.61005343,FALSE,229.9978889,1269.091913,228.8317374,1269.257155,-37.90895144,145.1292033,1.177800496,
227.4317213,1257.723872,227.2068464,1257.755641,145.1291848,-37.90905509,TRUE,-4577073#9,0,42.22510667,FALSE,227.4317213,1257.723872,227.2069404,1257.756307,-37.90905475,145.1291822,0.22710891,
228.2622209,1244.995171,225.4600236,1245.391055,145.1291913,-37.9091699,TRUE,-4577073#9,0,54.71227709,FALSE,228.2622209,1244.995171,225.4601454,1245.391917,-37.90916582,145.1291595,2.830023751,
226.0159884,1232.237242,223.6489456,1232.571649,145.1291629,-37.90928442,TRUE,-4577073#9,0,67.65877618,FALSE,226.0159884,1232.237242,223.6490963,1232.572715,-37.90928097,145.129136,2.390548208,
222.2310967,1219.606263,221.8253425,1219.663586,145.1291169,-37.90939752,TRUE,-4577073#9,0,80.69481077,FALSE,222.2310967,1219.606263,221.8255222,1219.664858,-37.90939692,145.1291123,0.409785396,
220.1764105,1201.975983,219.3431351,1202.093705,145.1290896,-37.90955596,TRUE,-4577073#9,0,98.43888199,FALSE,220.1764105,1201.975983,219.3433542,1202.095256,-37.90955474,145.1290801,0.841551522,
218.1049826,1188.239862,217.4082027,1188.33771,145.1290629,-37.90967933,TRUE,:cluster_12176407960_33776478_412622428_9553656656_#1more_11,0,7.448938042,TRUE,218.1049826,1188.239862,217.3100017,1189.406158,-37.90966868,145.1290541,1.411467267,
216.3818146,1175.192081,215.5780334,1175.304955,145.1290403,-37.90979655,TRUE,:cluster_12176407960_33776478_412622428_9553656656_#1more_1,0,16.51141358,TRUE,216.3818146,1175.192081,215.7790314,1175.298563,-37.90979548,145.1290335,0.612116033,
215.3275147,1162.865344,213.9109307,1163.051299,145.1290255,-37.9099074,TRUE,-4577073#4,0,5.908471626,FALSE,215.3275147,1162.865344,213.9109947,1163.051786,-37.90990547,145.1290094,1.428737106,
215.2371577,1149.079267,212.1303632,1149.487095,145.1290213,-37.91003158,TRUE,-1037064066#1,0,33.57260038,FALSE,215.2371577,1149.079267,217.1829775,1148.778143,-37.91003464,145.1290434,1.968982042,
211.4575709,1135.481743,210.311623,1135.632173,145.1289752,-37.91015338,TRUE,-4577073#4,0,33.56052595,FALSE,211.4575709,1135.481743,210.3119868,1135.634944,-37.9101518,145.1289623,1.155782629,
208.4431729,1122.593368,208.5973505,1122.573129,145.128938,-37.91026894,TRUE,-4577073#4,0,46.73050923,FALSE,208.4431729,1122.593368,208.5978571,1122.576988,-37.91026911,145.1289398,0.155549059,
210.1700179,1109.071683,206.9073084,1109.489282,145.1289546,-37.91039106,TRUE,-4577073#3,0,4.668538444,FALSE,210.1700179,1109.071683,206.9073027,1109.489238,-37.91038671,145.1289176,3.289325503,
208.7476217,1093.240803,204.8908256,1093.734439,145.1289348,-37.91053341,TRUE,-4577073#3,0,20.55205306,FALSE,208.7476217,1093.240803,204.8908009,1093.734246,-37.91052827,145.1288911,3.888258325,
206.2121928,1081.706447,203.3978563,1082.066381,145.1289033,-37.91063685,TRUE,-4577073#3,0,32.31535111,FALSE,206.2121928,1081.706447,203.3978173,1082.066076,-37.9106331,145.1288714,2.837259706,
204.0740031,1068.301282,201.6766121,1068.607891,145.128876,-37.91075722,TRUE,-4577073#3,0,45.88359005,FALSE,204.0740031,1068.301282,201.6765569,1068.60746,-37.91075403,145.1288488,2.416918028,
203.6367728,1054.885652,199.9814254,1055.353145,145.1288679,-37.910878,TRUE,-4577073#3,0,59.24642459,FALSE,203.6367728,1054.885652,199.9813541,1055.352587,-37.91087313,145.1288265,3.685120742,
201.8868718,1040.448844,198.1320436,1040.933338,145.1288447,-37.91100773,TRUE,10670084#4,0,48.19923972,FALSE,201.8868718,1040.448844,202.2392389,1042.408965,-37.91099014,145.1288492,1.991541226,
197.6288879,1027.363995,196.3907349,1027.528904,145.1287933,-37.91112483,TRUE,:664322664_0,0,1.885615202,TRUE,197.6288879,1027.363995,197.8488191,1026.859489,-37.91112941,145.1287957,0.550359603,
195.8074354,1015.421907,194.7513822,1015.568117,145.1287699,-37.91123208,TRUE,-4577073#1,0,8.88621897,FALSE,195.8074354,1015.421907,194.7513304,1015.567743,-37.91123057,145.1287579,1.066126589,
196.6879654,1001.584737,192.8882225,1002.11081,145.1287768,-37.91135689,TRUE,-4577073#1,0,22.47246866,FALSE,196.6879654,1001.584737,192.8880914,1002.109863,-37.91135147,145.1287337,3.835987523,
193.5816436,989.8197648,191.2688934,990.1289573,145.1287388,-37.9114623,TRUE,-4577073#1,0,34.56379368,FALSE,193.5816436,989.8197648,191.2686985,990.1275,-37.91145911,145.1287125,2.333327195,
191.5594067,976.3335609,189.4620673,976.6139551,145.1287127,-37.91158343,TRUE,-4577073#1,0,48.19961872,FALSE,191.5594067,976.3335609,189.4617956,976.6119228,-37.91158054,145.1286889,2.116000391,
190.2846077,964.3413904,187.8645964,964.6649227,145.1286955,-37.91169122,TRUE,-4577073#1,0,60.25547425,FALSE,190.2846077,964.3413904,187.8642567,964.6623822,-37.91168789,145.128668,2.441543482,
188.5870044,950.8163628,186.0583714,951.1544168,145.1286731,-37.91181275,TRUE,-4577073#1,0,73.88676276,FALSE,188.5870044,950.8163628,186.0579549,951.1513015,-37.91180928,145.1286444,2.551132135,
185.1537997,938.3974825,184.3669551,938.502676,145.1286312,-37.911924,TRUE,-4577073#1,0,86.65160876,FALSE,185.1537997,938.3974825,184.3664667,938.4990227,-37.91192295,145.1286223,0.793853685,
184.1232992,925.5835417,182.6658402,925.77839,145.1286165,-37.91203925,TRUE,-4577073#1,0,99.48964871,FALSE,184.1232992,925.5835417,182.6652794,925.7741953,-37.91203727,145.1286,1.470432073,
182.5205476,913.6550178,181.0709702,913.8488124,145.1285956,-37.91214641,TRUE,-4577073#1,0,111.5258755,FALSE,182.5205476,913.6550178,181.0703416,913.8441102,-37.91214445,145.1285792,1.462481968,
180.7248878,902.7748729,179.6485474,902.7784135,145.1285727,-37.9122441,TRUE,-4577073#1,0,122.6913161,FALSE,180.7248878,902.7748729,179.6485302,902.7731946,-37.91224392,145.1285605,1.076358864,
181.0314062,889.8981747,179.7545015,889.8472118,145.1285732,-37.91236015,TRUE,-1162333280#0,0,26.97573113,FALSE,181.0314062,889.8981747,181.7694919,889.8832806,-37.91236042,145.1285816,0.738235912,
179.7614997,874.1097759,179.304569,874.1361298,145.1285552,-37.91250215,TRUE,491516483#0,0,10.8623802,FALSE,179.7614997,874.1097759,179.3045408,874.1356418,-37.91250183,145.12855,0.457690344,
178.4770128,866.1653713,178.843628,866.1442264,145.1285388,-37.91257348,TRUE,491516483#0,0,18.86792548,FALSE,178.4770128,866.1653713,178.8435791,866.1433787,-37.91257374,145.1285429,0.367225439,
178.8677529,852.4028305,178.3683069,852.4140408,145.1285401,-37.91269753,TRUE,491516483#0,0,32.6088771,FALSE,178.8677529,852.4028305,178.368274,852.4125736,-37.91269735,145.1285344,0.499573968,
185.7690031,833.117535,185.0792351,831.827511,145.1286142,-37.9128725,TRUE,:13485235051_2,0,7.561895611,TRUE,185.7690031,833.117535,185.0707626,831.8320412,-37.91288395,145.1286059,1.46288552,
200.7170259,830.5796513,201.003162,829.203238,145.1287835,-37.91289806,TRUE,:1087758749_0,0,9.329559243,TRUE,200.7170259,830.5796513,200.9941528,829.2013651,-37.91291053,145.1287864,1.405870612,
213.6206251,829.0900828,213.8564537,826.5018637,145.1289299,-37.91291382,TRUE,1470433046#0,0,1.785417467,FALSE,213.6206251,829.0900828,213.8580519,826.5020093,-37.91293717,145.128932,2.598941325,
226.3660422,826.9315027,226.082292,825.0177656,145.1290743,-37.91293557,TRUE,:cluster_6014422831_6077854007_9139166580_13,0,5.41380993,TRUE,226.3660422,826.9315027,226.0810971,826.9835974,-37.91293505,145.1290711,0.289668009,
239.2908637,824.8796445,239.0267709,823.0984854,145.1292208,-37.91295639,TRUE,:cluster_6014422831_6077854007_9139166580_12,0,14.38131568,TRUE,239.2908637,824.8796445,239.1353367,824.6617934,-37.91295832,145.129219,0.267670937,
250.4410127,822.5648999,250.3157184,821.5662212,145.1293471,-37.91297925,TRUE,1470433046#2,0,1.235306024,FALSE,250.4410127,822.5648999,250.3156973,821.5662239,-37.91298823,145.1293454,1.006507709,
261.3573332,819.603221,261.4286906,820.1719864,145.1294705,-37.91300791,TRUE,1470433046#2,0,12.43520487,FALSE,261.3573332,819.603221,261.4284787,820.172013,-37.9130028,145.1294715,0.573224181,
272.3272402,819.9039277,272.1914622,818.8216877,145.1295953,-37.91300718,TRUE,1470433046#2,0,23.28216386,FALSE,272.3272402,819.9039277,272.1910655,818.8217375,-37.9130169,145.1295935,1.090724165,
283.3237689,817.156136,283.3569812,817.4208603,145.1297197,-37.91303392,TRUE,1470433046#2,0,34.53502052,FALSE,283.3237689,817.156136,283.3563928,817.4209342,-37.91303154,145.1297202,0.266800266,
294.5708206,815.7153717,294.6077023,816.0093435,145.1298473,-37.91304893,TRUE,1470433046#2,0,45.87374572,FALSE,294.5708206,815.7153717,294.6069207,816.0094415,-37.91304629,145.1298478,0.296277386,
305.2803713,815.5376825,305.1732418,814.6837896,145.129969,-37.91305247,TRUE,1470433046#2,0,56.52192972,FALSE,305.2803713,815.5376825,305.1722787,814.6839104,-37.91306014,145.1299676,0.860587446,
316.4872991,814.5747151,316.3143736,813.2714029,145.1300962,-37.91306317,TRUE,:cluster_5408819666_9141044968_2,0,2.038510292,TRUE,316.4872991,814.5747151,316.3108004,813.271877,-37.91307487,145.1300939,1.314739062,
326.9801326,812.9475787,326.8138136,811.807504,145.1302152,-37.91307972,TRUE,1470433046#3,0,5.425014435,FALSE,326.9801326,812.9475787,326.8181917,811.8068653,-37.91308997,145.1302131,1.152151025,
338.3398423,811.7332669,338.11744,810.1731309,145.1303441,-37.91309271,TRUE,:cluster_4836113289_9141044969_2,0,4.439543082,TRUE,338.3398423,811.7332669,338.1151103,810.173463,-37.91310672,145.1303411,1.575910112,
350.5821083,810.7296699,350.2604905,808.4518121,145.130483,-37.91310397,TRUE,1360476884,0,7.209836141,FALSE,350.5821083,810.7296699,350.2590273,808.4520187,-37.91312443,145.1304788,2.300451296,
361.9218378,808.3952312,361.7017398,806.8363869,145.1306114,-37.91312704,TRUE,1360476884,0,18.76219822,FALSE,361.9218378,808.3952312,361.697932,806.8369245,-37.91314104,145.1306085,1.574310478,
372.7158251,806.7776112,372.4451416,805.2801202,145.1307338,-37.91314357,TRUE,1360476884,0,29.61619072,FALSE,372.7158251,806.7776112,372.4391682,805.2811999,-37.913157,145.1307303,1.521770603,
385.3227822,804.3996266,385.1189043,803.2770699,145.1308766,-37.91316727,TRUE,1470433048,0,10.05134496,FALSE,385.3227822,804.3996266,385.1182245,803.2771934,-37.91317734,145.130874,1.140920781,
396.6316222,803.121653,396.2913205,801.247944,145.1310049,-37.91318082,TRUE,1470433048,0,21.40574991,FALSE,396.6316222,803.121653,396.2898728,801.2482069,-37.91319763,145.1310006,1.904361548,
405.9829333,800.4300335,405.42,799.59,145.1311106,-37.91320676,TRUE,1470433048,0,30.68312739,FALSE,405.9829333,800.4300335,405.4179247,799.5903769,-37.91321422,145.131104,1.012056267,
409.0103619,795.4063401,408.5519489,795.2690907,145.1311439,-37.91325256,TRUE,:12594284551_0,0,1.34057002,TRUE,409.0103619,795.4063401,409.6763717,794.5015371,-37.91326083,145.1311513,1.123493492,
404.3935659,796.3727691,406.5874438,798.3535275,145.1310916,-37.91324302,TRUE,:12594284551_3,0,1.235077632,TRUE,404.3935659,796.3727691,406.5876694,798.3532775,-37.91322557,145.131117,2.95575776,
392.9754148,797.5923992,391.9501521,795.8214909,145.1309621,-37.91322997,TRUE,711979119,0,21.34334451,FALSE,392.9754148,797.5923992,391.9525422,795.8201071,-37.91324575,145.13095,2.046286264,
382.7327321,801.5956452,383.1045556,803.6429144,145.1308465,-37.91319206,TRUE,1470433048,0,8.00418434,FALSE,382.7327321,801.5956452,383.1040142,803.6430127,-37.91317368,145.1308512,2.080760492,
371.1628423,802.5232803,371.1168083,802.2697163,145.1307152,-37.91318161,TRUE,-1360476884,0,3.244879694,FALSE,371.1628423,802.5232803,371.1173086,802.2696255,-37.91318389,145.1307146,0.257709264,
358.5470888,805.5203538,358.3436752,804.0786151,145.1305724,-37.91315233,TRUE,-1360476884,0,16.14357199,FALSE,358.5470888,805.5203538,358.3461797,804.0782618,-37.91316529,145.1305698,1.456019874,
346.5860028,807.3497602,346.3629694,805.7689622,145.1304368,-37.91313369,TRUE,-1360476884,0,28.24103956,FALSE,346.5860028,807.3497602,346.3673507,805.7683441,-37.9131479,145.130434,1.596460358,
336.2649652,807.7142809,336.1937946,807.2171491,145.1303196,-37.91312854,TRUE,:cluster_4836113289_9141044969_1,0,6.545395612,TRUE,336.2649652,807.7142809,336.1906661,807.2175969,-37.913133,145.1303186,0.502210418,
325.1356265,808.2738985,325.214163,808.811874,145.1301931,-37.91312149,TRUE,-1470433046#3,0,8.174628529,FALSE,325.1356265,808.2738985,325.2211112,808.8108597,-37.91311667,145.1301942,0.543723221,
315.3874308,809.7530623,315.4421564,810.1652504,145.1300826,-37.9131064,TRUE,:cluster_5408819666_9141044968_1,0,5.592596348,TRUE,315.3874308,809.7530623,315.436053,810.1660608,-37.91310269,145.1300833,0.41585075,
298.3471588,812.4139252,298.3353974,812.3200506,145.1298895,-37.91307936,TRUE,-1470433046#2,0,15.68394466,FALSE,298.3471588,812.4139252,298.33772,812.3197597,-37.9130802,145.1298894,0.094637412,
286.1174895,812.6529236,286.2652493,813.8322897,145.1297505,-37.91307499,TRUE,-1470433046#2,0,27.84664107,FALSE,286.1174895,812.6529236,286.269373,813.8317731,-37.9130644,145.1297525,1.18859358,
271.3041648,815.6676387,271.3089864,815.706123,145.1295827,-37.91304516,TRUE,-1470433046#2,0,42.91758171,FALSE,271.3041648,815.6676387,271.3153419,815.7053267,-37.91304482,145.1295829,0.039310499,
259.2989387,817.7011737,259.2384544,817.2184102,145.1294467,-37.91302467,TRUE,-1470433046#2,0,55.0806649,FALSE,259.2989387,817.7011737,259.2466111,817.2173882,-37.91302902,145.129446,0.486607177,
246.444607,823.6927127,246.2428174,822.0751931,145.1293019,-37.91296837,TRUE,:9141044978_w0,0,1.047816422,TRUE,246.444607,823.6927127,246.9732448,825.091848,-37.91295586,145.1293082,1.495672903,
233.2570808,823.6989819,233.2940729,823.9484735,145.129152,-37.91296593,TRUE,:cluster_6014422831_6077854007_9139166580_18,0,7.642995201,TRUE,233.2570808,823.6989819,233.2903435,823.9490265,-37.91296368,145.1291524,0.252247317,
221.3905087,825.2800275,221.4905183,825.8345718,145.1290174,-37.91294954,TRUE,1470433046#0,0,9.51825086,FALSE,221.3905087,825.2800275,221.4989378,825.8330533,-37.91294458,145.1290188,0.563555179,
210.0871015,826.4139925,210.0866106,826.3967513,145.1288891,-37.91293728,TRUE,:13485235054_1,0,7.776430617,TRUE,210.0871015,826.4139925,210.0841633,826.396821,-37.91293744,145.1288891,0.017421086,
202.7718656,823.0651723,205.5709419,819.0065116,145.1288052,-37.91296613,TRUE,:13485235056_1,0,0.771956896,TRUE,202.7718656,823.0651723,204.5730902,818.5537172,-37.91300709,145.1288246,4.8577399,
199.7637971,807.6942707,200.3532979,807.5745675,145.1287675,-37.91310405,TRUE,-93686025#2,0,5.211248507,FALSE,199.7637971,807.6942707,200.3529748,807.5729764,-37.91310525,145.1287741,0.601533615,
197.7677255,795.4688699,198.2271966,795.4043757,145.128742,-37.91321382,TRUE,-93686025#2,0,17.5752769,FALSE,197.7677255,795.4688699,198.2264355,795.3989534,-37.91321453,145.1287472,0.464007719,
197.2650441,782.3833155,196.5292868,782.4742281,145.1287333,-37.9133316,TRUE,:cluster_1087758731_9139166577_9141044959_0,0,7.015813424,TRUE,197.2650441,782.3833155,196.5296465,782.4771392,-37.91333063,145.1287249,0.74135855,
196.1310093,770.720468,195.1382413,770.8331039,145.1287177,-37.91343646,TRUE,-93686025#0,0,4.717595243,FALSE,196.1310093,770.720468,195.1381703,770.832478,-37.91343527,145.1287065,0.999137362,
198.5381926,760.3973765,193.9619037,760.9528433,145.1287427,-37.91352989,TRUE,-93686025#0,0,14.66902814,FALSE,198.5381926,760.3973765,193.9616677,760.9508989,-37.91352407,145.1286908,4.609877108,
206.4965897,753.816161,206.1368573,751.4502051,145.1288317,-37.91359061,TRUE,-93686025#0,0,35.47705302,FALSE,206.4965897,753.816161,206.1415405,751.4494931,-37.91361187,145.1288272,2.393152111,
223.113888,751.6948366,222.6939304,748.9327803,145.1290202,-37.91361273,TRUE,-93686025#0,0,52.22665041,FALSE,223.113888,751.6948366,222.7008247,748.9317321,-37.91363754,145.1290149,2.793808848,
229.0058979,751.5818403,228.4696003,748.054617,145.1290872,-37.91361481,TRUE,-93686025#0,0,58.06947928,FALSE,229.0058979,751.5818403,228.4772658,748.0534515,-37.9136465,145.1290803,3.567769548,
234.511181,747.1423585,234.5131402,747.1559408,145.1291487,-37.9136558,TRUE,:7572448743_1,0,2.618414509,TRUE,234.511181,747.1423585,234.5115905,747.1561643,-37.91365567,145.1291488,0.013811902,
249.3159205,745.262967,249.2947576,745.1088279,145.1293167,-37.9136754,TRUE,-93686034#0,0,12.36082726,FALSE,249.3159205,745.262967,249.2959448,745.1086649,-37.91367679,145.1293164,0.155589762,
258.0677465,744.9883474,257.9235267,743.9273653,145.1294161,-37.91367946,TRUE,-93686034#0,0,21.0709504,FALSE,258.0677465,744.9883474,257.9255507,743.9270902,-37.91368899,145.1294142,1.070741073,
265.944776,742.1757009,266.0330403,742.8250352,145.129505,-37.91370622,TRUE,-93686034#0,0,29.25583472,FALSE,265.944776,742.1757009,266.0358506,742.8246532,-37.91370039,145.1295062,0.655311844,
282.0065001,740.8262855,281.9834734,740.6568849,145.1296874,-37.91372128,TRUE,-93686034#0,0,45.35451281,FALSE,282.0065001,740.8262855,281.9878301,740.6562927,-37.91372281,145.1296871,0.171014957,
286.83428,738.2785148,287.0637051,739.9663265,145.1297417,-37.9137451,TRUE,46129059#5,0,3.196295945,FALSE,286.83428,738.2785148,286.6331931,736.794549,-37.91375843,145.129739,1.497528148,
290.0587716,727.982122,292.0526697,727.6743082,145.129776,-37.91383844,TRUE,:588089675_1,0,9.001072474,TRUE,290.0587716,727.982122,288.9672059,728.0196441,-37.9138379,145.1297636,1.092210395,
287.1489565,717.8110655,290.5440251,717.4073523,145.1297406,-37.91392953,TRUE,46129059#3,0,27.80913858,FALSE,287.1489565,717.8110655,287.3736965,717.784589,-37.91392981,145.1297431,0.226294226,
288.1787959,707.9462955,289.4017033,707.8008775,145.12975,-37.91401858,TRUE,-46129059#3,0,11.84207225,FALSE,288.1787959,707.9462955,289.4016909,707.8007735,-37.91402012,145.1297639,1.231522976,
287.9241018,693.0776585,287.6547496,693.1096877,145.1297437,-37.91415248,TRUE,-46129059#3,0,26.63689503,FALSE,287.9241018,693.0776585,287.6547217,693.1094537,-37.91415214,145.1297407,0.271249984,
286.1041282,679.3031664,285.9113863,679.3292798,145.1297199,-37.91427623,TRUE,-46129059#2,0,1.180790892,FALSE,286.1041282,679.3031664,285.9114702,679.3298994,-37.91427596,145.1297177,0.194503837,
284.4818691,667.3711116,284.3035853,667.3950745,145.1296987,-37.91438343,TRUE,:cluster_1087758767_13253252981_5408819640_19,0,8.530686503,TRUE,284.4818691,667.3711116,284.3036211,667.3953412,-37.91438318,145.1296967,0.179887223,
284.9163935,656.2858912,282.8657939,656.5567252,145.1297011,-37.91448336,TRUE,-46129059#1,0,8.203028532,FALSE,284.9163935,656.2858912,282.8659088,656.5575954,-37.91448055,145.1296779,2.068407735,
283.9464184,649.0339867,281.9077864,649.30324,145.1296885,-37.91454851,TRUE,-46129059#1,0,15.51872194,FALSE,283.9464184,649.0339867,281.9080039,649.3048863,-37.91454571,145.1296653,2.056336662,
283.4028585,640.9332605,280.8469033,641.2708395,145.1296804,-37.91462139,TRUE,-46129059#1,0,23.62001095,FALSE,283.4028585,640.9332605,280.8472343,641.2733453,-37.91461786,145.1296515,2.578152982,
280.2674891,635.713388,280.1155507,635.7334553,145.1296436,-37.91466784,TRUE,-46129059#1,0,29.20488553,FALSE,280.2674891,635.713388,280.1159599,635.7365536,-37.91466761,145.1296419,0.153289729,
282.1081738,632.9473917,279.7742538,633.2723679,145.1296639,-37.91469309,TRUE,:563619361_15,0,5.728966525,TRUE,282.1081738,632.9473917,282.0955784,632.6639485,-37.91469565,145.1296637,0.283722883,
292.8086317,620.4655582,292.8469274,620.8919426,145.1297827,-37.91480747,TRUE,44348023#1,0,9.014538016,FALSE,292.8086317,620.4655582,292.8283977,620.8936069,-37.91480361,145.129783,0.428504796,
298.6623078,620.0498728,298.6888592,620.2982525,145.1298492,-37.91481227,TRUE,44348023#1,0,14.87464459,FALSE,298.6623078,620.0498728,298.6583348,620.3015156,-37.91481,145.1298492,0.251674112,
302.6970354,619.7120896,302.7137023,619.8680034,145.129895,-37.91481604,TRUE,44348023#1,0,18.91408229,FALSE,302.6970354,619.7120896,302.6748886,619.8721525,-37.9148146,145.1298948,0.161587798,
312.5510877,618.8871119,312.5436145,618.8172018,145.1300068,-37.91482525,TRUE,44348023#1,0,28.7796388,FALSE,312.5510877,618.8871119,312.4845555,618.8235151,-37.91482582,145.1300061,0.092038478,
319.5424719,618.240974,319.5053427,617.951813,145.1300862,-37.91483234,TRUE,1038136215,0,5.562405795,FALSE,319.5424719,618.240974,319.5071105,617.951586,-37.91483494,145.1300857,0.291540492,
323.5294835,617.8137988,323.4816462,617.4412433,145.1301314,-37.91483691,TRUE,1038136215,0,9.572639549,FALSE,323.5294835,617.8137988,323.4846884,617.4408527,-37.91484026,145.1301308,0.375626682,
326.9278754,617.4496895,326.8709109,617.0060513,145.13017,-37.9148408,TRUE,1038136215,0,12.9908252,FALSE,326.9278754,617.4496895,326.8750393,617.0055212,-37.91484479,145.1301693,0.447299861,
338.6262534,616.196293,338.9508196,615.9338305,145.1303027,-37.91485421,TRUE,1038136215,0,24.75734141,FALSE,338.6262534,616.196293,338.5457394,615.5069672,-37.9148604,145.1303016,0.694011905,
345.8802975,615.3017446,345.9895033,616.1900179,145.130385,-37.91486358,TRUE,139327110#0,1,4.260872049,FALSE,345.8802975,615.3017446,345.9890317,616.1900759,-37.91485559,145.1303864,0.894961221,
354.8797255,614.1207238,354.9979682,615.0825024,145.1304871,-37.91487584,TRUE,139327110#0,1,13.33614959,FALSE,354.8797255,614.1207238,354.9964923,615.0826838,-37.9148672,145.1304886,0.969020951,
363.6137419,612.9745239,363.740756,614.0076497,145.1305861,-37.91488774,TRUE,139327110#0,1,22.14377976,FALSE,363.6137419,612.9745239,363.7383055,614.0079509,-37.91487846,145.1305878,1.040907065,
370.1722122,612.1138224,370.3058139,613.2005306,145.1306605,-37.91489668,TRUE,139327110#0,1,28.75752835,FALSE,370.1722122,612.1138224,370.3026314,613.2009219,-37.91488691,145.1306622,1.094894734,
383.7027489,610.3381257,383.849943,611.5353931,145.1308139,-37.91491512,TRUE,139327110#0,1,42.4021095,FALSE,383.7027489,610.3381257,383.8452504,611.53597,-37.91490436,145.1308158,1.206290876,
391.6091474,609.3342066,391.7602041,610.5628926,145.1309036,-37.91492559,TRUE,139327110#0,1,50.37103833,FALSE,391.6091474,609.3342066,391.7546297,610.5635779,-37.91491455,145.1309055,1.237949471,
402.4882483,607.9984402,402.6390957,609.2254237,145.131027,-37.91493959,TRUE,139327110#0,1,61.33061492,FALSE,402.4882483,607.9984402,402.6323084,609.2262582,-37.91492856,145.1310289,1.236240378,
410.3984391,607.0271961,410.5487578,608.2581517,145.1311167,-37.91494977,TRUE,139327110#0,1,69.29831333,FALSE,410.3984391,607.0271961,410.541088,608.2590883,-37.9149387,145.1311186,1.240123818,
420.3874833,605.80069,420.5455439,606.9414261,145.13123,-37.91496262,TRUE,:cluster_10216473063_27606983_563623059_563623079_#4more_17,1,5.891654876,TRUE,420.3874833,605.80069,420.5458997,606.9413768,-37.91495238,145.1312321,1.151634563,
432.3615568,604.3304261,432.4939411,605.2858543,145.1313658,-37.91497803,TRUE,:cluster_10216473063_27606983_563623059_563623079_#4more_17,1,17.95494052,TRUE,432.3615568,604.3304261,432.4950256,605.2857041,-37.91496945,145.1313676,0.964556829,
445.0737543,602.6028394,445.2015411,603.5250872,145.13151,-37.91499589,TRUE,:cluster_10216473063_27606983_563623059_563623079_#4more_17,1,30.784729,TRUE,445.0737543,602.6028394,445.2034005,603.5248296,-37.91498761,145.1315117,0.931060736,
459.1254683,600.6928887,459.2473944,601.5885712,145.1316693,-37.91501563,TRUE,1209622645,1,4.014354238,FALSE,459.1254683,600.6928887,459.2476694,601.5885337,-37.91500758,145.1316709,0.903943126,
472.8766868,598.7654706,473.0060322,599.7156559,145.1318253,-37.91503548,TRUE,1209622645,1,17.90084372,FALSE,472.8766868,598.7654706,473.0072586,599.7154889,-37.91502694,145.131827,0.958949329,
484.7584873,597.0927234,484.8952261,598.0972214,145.13196,-37.91505269,TRUE,1209622645,1,29.90051758,FALSE,484.7584873,597.0927234,484.8972746,598.0969426,-37.91504367,145.1319618,1.013764296,
499.8681458,594.8345249,500.0317981,596.0367327,145.1321313,-37.91507576,TRUE,1209622645,1,45.17774574,FALSE,499.8681458,594.8345249,500.0348933,596.0363114,-37.91506496,145.1321334,1.21329943,
513.5289575,592.779289,513.7187568,594.1735748,145.1322861,-37.91509674,TRUE,1209622645,1,58.99188998,FALSE,513.5289575,592.779289,513.7227983,594.1730247,-37.91508422,145.1322887,1.407150815,
526.8795719,590.7495688,526.8656885,590.6561407,145.1324375,-37.91511743,TRUE,569766862#0,0,7.576641916,FALSE,526.8795719,590.7495688,526.8643488,590.6563398,-37.91511827,145.1324373,0.094463724,
540.3967226,588.6807569,540.3915863,588.6461923,145.1325907,-37.91513851,TRUE,569766862#0,0,21.24861943,FALSE,540.3967226,588.6807569,540.3878291,588.6467506,-37.91513881,145.1325906,0.035150007,
553.6025149,586.6595761,553.6059275,586.6825412,145.1327404,-37.9151591,TRUE,569766862#0,0,34.60567553,FALSE,553.6025149,586.6595761,553.5998085,586.6834505,-37.91515889,145.1327404,0.024027257,
568.2650039,584.4355105,568.274991,584.5027183,145.1329066,-37.91518178,TRUE,569766862#0,0,49.43316489,FALSE,568.2650039,584.4355105,568.2662502,584.5040172,-37.91518116,145.1329067,0.068518054,
581.9230015,582.3854331,581.9353177,582.4683274,145.1330615,-37.91520271,TRUE,569766862#0-AddedOffRampEdge,1,4.70624139,FALSE,581.9230015,582.3854331,581.9351405,582.4683537,-37.91520197,145.1330616,0.083804421,
602.0353522,579.409638,602.0458607,579.4803654,145.1332895,-37.91523315,TRUE,569766862#0-AddedOffRampEdge,1,25.03677014,FALSE,602.0353522,579.409638,602.0449183,579.4805054,-37.91523251,145.1332896,0.071510178,
618.082871,577.0688559,618.0870548,577.0970147,145.1334714,-37.91525713,TRUE,569766862#0-AddedOffRampEdge,1,41.25343608,FALSE,618.082871,577.0688559,618.085502,577.0972454,-37.91525688,145.1334715,0.028511153,
632.9228195,574.9159474,632.9194492,574.8932637,145.1336397,-37.9152792,TRUE,569766862#0-AddedOffRampEdge,1,56.24807956,FALSE,632.9228195,574.9159474,632.9173321,574.8935782,-37.9152794,145.1336396,0.02303242,
648.2830212,572.7384706,648.2644318,572.6133539,145.1338138,-37.91530159,TRUE,569766862#0-AddedOffRampEdge,1,71.7609182,FALSE,648.2830212,572.7384706,648.2617308,572.6137552,-37.91530271,145.1338136,0.126519649,
664.001647,570.5101537,663.9674875,570.2802427,145.1339921,-37.9153245,TRUE,569766862#0-AddedOffRampEdge,1,87.63574701,FALSE,664.001647,570.5101537,663.964189,570.2807327,-37.91532655,145.1339916,0.232458755,
679.9349614,568.2513561,679.9898599,572.1172718,145.1341727,-37.91534772,TRUE,569766862#1,0,6.651544454,FALSE,679.9349614,568.2513561,680.0568401,568.7798787,-37.91534298,145.1341742,0.542393369,
695.3315718,566.1292524,695.29,571.9,145.1343473,-37.91536961,TRUE,569766862#1,1,21.93664801,FALSE,695.3315718,566.1292524,695.2911726,565.0061557,-37.91537972,145.1343466,1.123823102,
712.1816256,583.009249,712.4920248,582.644695,145.1345427,-37.91522059,TRUE,44348588#1,0,3.601391279,FALSE,712.1816256,583.009249,712.4920796,582.6447417,-37.91522393,145.1345462,0.47879773,
721.9415524,590.9549606,720.9977609,591.3118565,145.1346555,-37.91515077,TRUE,:563629429_0,0,8.792130695,TRUE,721.9415524,590.9549606,721.0015175,591.3217906,-37.9151473,145.1346449,1.009073807,
726.2816467,608.5926976,725.52978,608.7869759,145.1347089,-37.91499267,TRUE,139332152#2,0,17.90547586,FALSE,726.2816467,608.5926976,725.5295488,608.7860811,-37.91499079,145.1347004,0.776561965,
730.5125743,622.1027676,729.067024,622.4762899,145.1347601,-37.91487173,TRUE,139332152#2,0,32.04367874,FALSE,730.5125743,622.1027676,729.0666103,622.4746887,-37.91486812,145.1347437,1.49302956,
735.4029871,635.3939309,736.0502533,635.1871314,145.1348187,-37.91475288,TRUE,:616063777_1,1,6.796508962,TRUE,735.4029871,635.3939309,736.0684559,635.2441041,-37.91475435,145.1348262,0.682126676,
739.5314507,648.1933462,739.7104541,648.1926244,145.1348686,-37.91463832,TRUE,139332152#3,1,3.244599702,FALSE,739.5314507,648.1933462,739.6694665,647.8606044,-37.91464135,145.1348701,0.360229738,
741.5581955,659.7459804,736.416157,659.6874151,145.1348942,-37.91453462,TRUE,:92052896_0,0,7.668409851,TRUE,741.5581955,659.7459804,739.8135752,657.9670552,-37.91455033,145.134874,2.491640957,
740.9206198,671.4137913,738.2192184,673.375758,145.1348896,-37.9144294,TRUE,:9141044985_1,0,3.626880115,TRUE,740.9206198,671.4137913,738.2189645,673.3754084,-37.91441124,145.1348594,3.33869481,
743.9278008,684.2524706,746.3076762,680.7210426,145.1349268,-37.91431429,TRUE,:579272_0,0,4.145447691,TRUE,743.9278008,684.2524706,744.9067306,684.6927439,-37.9143105,145.134938,1.073379799,
760.7876972,676.5072715,760.5121466,676.2929544,145.1351167,-37.9143871,TRUE,:579273_0,0,4.843648315,TRUE,760.7876972,676.5072715,761.745976,676.3649264,-37.91438855,145.1351276,0.968793273,
774.5191335,670.0097849,774.343402,669.3966897,145.1352714,-37.9144481,TRUE,988996007#0,0,7.531481758,FALSE,774.5191335,670.0097849,774.3499462,669.394814,-37.91445361,145.1352693,0.637819413,
791.1169344,662.0290637,791.3832449,665.2913678,145.1354583,-37.91452299,TRUE,:cluster_13391064294_588089890_588090168_13,0,5.438641611,TRUE,791.1169344,662.0290637,790.5836106,662.1375546,-37.91452191,145.1354522,0.544246736,
801.7602221,664.6676477,801.6942605,664.2400343,145.1355799,-37.91450113,TRUE,630680457#0,0,4.003338157,FALSE,801.7602221,664.6676477,801.6965425,664.2396823,-37.91450498,145.1355791,0.432677128,
815.2859447,662.5860856,815.223308,662.1742497,145.1357332,-37.91452232,TRUE,630680457#1,0,2.290595579,FALSE,815.2859447,662.5860856,815.2145538,662.1755812,-37.91452601,145.1357323,0.41666599,
827.672594,659.9903737,827.7129742,660.2571715,145.1358735,-37.91454794,TRUE,630680457#3,0,0.286033384,FALSE,827.672594,659.9903737,827.7128125,660.2571959,-37.91454554,145.135874,0.269836319,
839.3732142,658.9479749,839.3032356,658.4912227,145.1360063,-37.91455944,TRUE,:cluster_588089887_588090135_12,0,7.565577896,TRUE,839.3732142,658.9479749,839.7301321,658.0123034,-37.91456793,145.1360101,1.001434718,
853.6474069,657.189423,853.5139988,656.3135296,145.1361682,-37.91457785,TRUE,:588090138_11,0,7.299734351,TRUE,853.6474069,657.189423,852.2095787,657.4620058,-37.91457513,145.1361519,1.463438173,
869.6045601,656.4155765,869.2419402,653.947541,145.1363494,-37.91458769,TRUE,:cluster_588089885_588090142_611527863_3,0,2.299657015,TRUE,869.6045601,656.4155765,870.7599807,656.6608862,-37.91458569,145.1363626,1.181174707,
877.0090071,653.4704876,876.9153799,652.8204993,145.136433,-37.91461556,TRUE,630680457#7,0,0.136505018,FALSE,877.0090071,653.4704876,876.9151105,652.8205381,-37.9146214,145.1364318,0.656696981,
882.8800578,654.4327002,883.6030617,652.6203704,145.1364999,-37.91460795,TRUE,:92044229_3,0,3.274514932,TRUE,882.8800578,654.4327002,883.6028991,652.6203055,-37.9146244,145.1365078,1.95122375,
890.466649,664.6364724,888.4043261,665.0390306,145.1365885,-37.9145174,TRUE,630680455#1,0,14.95950095,FALSE,890.466649,664.6364724,891.5440461,664.4275963,-37.91451947,145.1366007,1.097457842,
890.9195791,671.180511,889.6514398,671.4280473,145.1365952,-37.91445853,TRUE,-630680455#1,0,14.88234694,FALSE,890.9195791,671.180511,889.6511727,671.4266788,-37.91445608,145.1365808,1.292073313,
893.7737588,682.7329692,891.974759,683.1072709,145.1366302,-37.91435497,TRUE,:588089836_0,0,5.872539203,TRUE,893.7737588,682.7329692,895.108483,682.4516895,-37.91435775,145.1366454,1.364040631,
897.6162096,696.2133029,894.9374622,696.8085801,145.136677,-37.91423423,TRUE,630680455#0,0,2.870201746,FALSE,897.6162096,696.2133029,898.0604111,696.1174712,-37.91423517,145.136682,0.454421244,
899.1797822,703.8550323,896.5932676,704.4117564,145.1366965,-37.91416567,TRUE,10585186,0,28.25785467,FALSE,899.1797822,703.8550323,899.722159,703.7352007,-37.91416685,145.1367027,0.555456712,
901.5697744,713.2001936,898.6214904,713.8347854,145.1367258,-37.91408192,TRUE,10585186,0,18.61797652,FALSE,901.5697744,713.2001936,901.7512041,713.1591185,-37.91408232,145.1367279,0.186021242,
903.8173563,724.565789,901.0590325,725.1594936,145.136754,-37.91397994,TRUE,10585186,0,7.032697336,FALSE,903.8173563,724.565789,904.1897261,724.4848548,-37.91398074,145.1367582,0.381063741,
906.4685024,734.4785329,903.19,735.03,145.1367864,-37.91389112,TRUE,:cluster_611527850_92044126_0,0,2.83620784,TRUE,906.4685024,734.4785329,907.1002201,733.7099924,-37.91389816,145.1367934,0.994847611,
908.7032693,747.6259153,902.58,744.72,145.1368148,-37.91377309,TRUE,:cluster_611527850_92044126_13,0,16.72095156,TRUE,908.7032693,747.6259153,909.2626039,747.3054729,-37.91377608,145.136821,0.644622764,
898.480271,749.6977424,897.9719468,749.1799609,145.136699,-37.91375258,TRUE,:92044125_0,0,1.722526172,TRUE,898.480271,749.6977424,898.121264,748.6890725,-37.91376161,145.1366947,1.070654502,
886.7105609,756.1438954,886.4763463,755.3649646,145.1365666,-37.9136924,TRUE,-10585181#6,0,4.9028546,FALSE,886.7105609,756.1438954,886.4818589,755.363307,-37.91369939,145.1365638,0.813401996,
879.7532188,758.3085604,879.4870625,757.3614182,145.136488,-37.91367164,TRUE,:588089830_1,0,5.548209532,TRUE,879.7532188,758.3085604,879.4886767,757.3609646,-37.91368013,145.1364848,0.983829403,
872.2421782,760.1186026,872.0484145,759.3687637,145.136403,-37.91365399,TRUE,-10585181#5,0,3.795054731,FALSE,872.2421782,760.1186026,872.0456393,759.3694808,-37.9136607,145.1364006,0.77447465,
862.0762073,762.6195013,861.9354893,762.1050544,145.136288,-37.91362963,TRUE,:588089828_1,0,8.431785201,TRUE,862.0762073,762.6195013,861.9369837,762.1046456,-37.91363424,145.1362863,0.533347493,
853.3216574,763.389862,853.6220987,764.4626978,145.1361886,-37.91362111,TRUE,:588089826_0,0,2.630780666,TRUE,853.3216574,763.389862,853.0162784,763.7118571,-37.91361815,145.1361852,0.443776021,
845.168955,768.2360461,844.8107341,766.9155455,145.136097,-37.91357599,TRUE,-10585181#3,0,1.738814335,FALSE,845.168955,768.2360461,844.8118384,766.915246,-37.91358782,145.1360927,1.368227051,
837.498473,769.5230725,837.3408114,768.9417755,145.1360101,-37.91356301,TRUE,:588089824_1,0,3.63686579,TRUE,837.498473,769.5230725,837.3399473,768.9420099,-37.91356822,145.1360082,0.602299063,
827.8713806,773.6724414,827.3254937,771.6557888,145.1359016,-37.9135239,TRUE,10585181#2,0,1.400418687,FALSE,827.8713806,773.6724414,828.16177,774.7440898,-37.9135143,145.1359051,1.110295634,
815.9660618,775.6707325,815.7392977,774.8700591,145.1357667,-37.91350375,TRUE,-10585181#1,0,1.247930872,FALSE,815.9660618,775.6707325,815.7392957,774.8700596,-37.91351092,145.1357639,0.832165814,
809.8181155,777.3286818,809.6131789,776.6050787,145.1356971,-37.91348771,TRUE,-10585181#1,0,7.615014772,FALSE,809.8181155,777.3286818,809.6131668,776.6050821,-37.91349419,145.1356946,0.752064128,
802.8747846,779.2540613,802.6814084,778.5866013,145.1356186,-37.91346911,TRUE,-10585181#1,0,14.82448776,FALSE,802.8747846,779.2540613,802.6813848,778.5866081,-37.91347509,145.1356163,0.694908053,
795.1016599,781.7436347,794.9118586,781.3965207,145.1355308,-37.91344529,TRUE,:cluster_579315_585131983_585132024_92043943_0,0,1.249079746,TRUE,795.1016599,781.7436347,795.2156583,780.4413075,-37.91345704,145.1355318,1.307307066,
790.3101545,784.4668214,790.0457271,784.1919364,145.1354769,-37.91341989,TRUE,:cluster_579315_585131983_585132024_92043943_1,0,7.387533193,TRUE,790.3101545,784.4668214,790.0481664,784.18959,-37.91342234,145.1354739,0.381438137,
782.776669,789.0221753,785.7858295,790.0548094,145.1353923,-37.9133775,TRUE,:cluster_579315_585131983_585132024_92043943_6,0,30.87247942,TRUE,782.776669,789.0221753,782.6767005,789.0869644,-37.9133769,145.1353912,0.119127335,
793.3967388,809.4368589,794.5041432,808.7699824,145.1355177,-37.91319551,TRUE,:585132146_2,0,4.329671748,TRUE,793.3967388,809.4368589,794.5035888,808.7690617,-37.91320173,145.1355302,1.292698737,
800.2845003,819.6270833,801.0512319,819.1410947,145.1355984,-37.91310496,TRUE,-1209653401,0,11.28243653,FALSE,800.2845003,819.6270833,801.0501673,819.1394151,-37.91310949,145.1356069,0.907780964,
805.4369479,827.3882689,806.037415,827.0076662,145.1356587,-37.91303597,TRUE,-1209653401,0,20.59449316,FALSE,805.4369479,827.3882689,806.0354717,827.0046004,-37.91303953,145.1356654,0.710937642,
808.7954472,835.198677,810.5316909,834.0981685,145.1356987,-37.91296622,TRUE,-1209653401,0,28.9878777,FALSE,808.7954472,835.198677,810.5289557,834.0938532,-37.91297648,145.1357181,2.055647628,
816.0292122,847.2270003,818.0439072,845.949997,145.1357837,-37.91285917,TRUE,-1209653401,0,43.01748365,FALSE,816.0292122,847.2270003,818.0398481,845.9435932,-37.91287109,145.1358062,2.385328219,
822.5772049,856.0953716,820.4189502,856.9715699,145.1358601,-37.91278046,TRUE,-73530943#10,1,9.098421331,FALSE,822.5772049,856.0953716,822.4824498,856.1401903,-37.91278004,145.1358591,0.10482002,
824.7399559,865.214302,823.9031444,865.5540168,145.1358868,-37.9126987,TRUE,:9263162781_11,0,6.068746845,TRUE,824.7399559,865.214302,825.968286,864.7108038,-37.91270346,145.1359006,1.327518418,
828.850454,874.3713899,827.6849977,874.8463133,145.1359356,-37.91261695,TRUE,-73530943#9,1,6.679065847,FALSE,828.850454,874.3713899,829.7463238,873.9969245,-37.91262049,145.1359457,0.970982483,
828.9681083,878.5281864,829.0866496,878.4851237,145.1359379,-37.91257953,TRUE,-73530943#9,0,10.60814697,FALSE,828.9681083,878.5281864,829.0924405,878.5010645,-37.91257979,145.1359393,0.127255995,
833.6325484,890.9675075,833.6224824,890.9711641,145.1359938,-37.91246831,TRUE,-73530943#9,0,23.91380873,FALSE,833.6325484,890.9675075,833.6355367,891.0070995,-37.91246796,145.1359938,0.039704611,
838.1765216,900.0909357,837.1026682,900.4850986,145.1360475,-37.91238694,TRUE,:94406216_12,0,6.768087297,TRUE,838.1765216,900.0909357,839.1958034,899.7222459,-37.91239045,145.136059,1.083913099,
844.011745,909.452055,840.8558474,910.6282608,145.136116,-37.91230367,TRUE,-73530943#8,1,5.685120241,FALSE,844.011745,909.452055,842.9437508,909.847788,-37.91229991,145.1361039,1.138953952,
848.5066586,919.0572531,844.4392609,920.494727,145.1361693,-37.91221795,TRUE,:579314_0,1,0.204114663,TRUE,848.5066586,919.0572531,849.5522037,918.6874735,-37.91222147,145.1361811,1.10900925,
851.6565402,932.2482302,848.7071639,933.2357,145.1362081,-37.91209969,TRUE,-73530943#7,1,13.31723118,FALSE,851.6565402,932.2482302,850.8174556,932.5284308,-37.91209702,145.1361986,0.884632929,
856.5206012,940.5459321,851.695542,942.1613924,145.1362653,-37.91202582,TRUE,73530943#7,1,48.86630707,FALSE,856.5206012,940.5459321,856.8416194,940.4432346,-37.9120268,145.1362689,0.337045156,
859.8890609,955.4278488,856.515406,956.5573697,145.136307,-37.91189237,TRUE,-73530943#7,1,37.91008823,FALSE,859.8890609,955.4278488,858.6242744,955.8492841,-37.91188834,145.1362927,1.333151439,
864.3422803,967.4502074,860.5837142,968.708599,145.1363603,-37.91178487,TRUE,73530943#7,1,20.87341754,FALSE,864.3422803,967.4502074,865.7312683,966.9870852,-37.91178929,145.136376,1.464161818,
867.8318063,977.4898228,863.9579628,978.78681,145.1364023,-37.91169506,TRUE,73530943#7,1,10.24632848,FALSE,867.8318063,977.4898228,869.1060929,977.0640679,-37.91169912,145.1364167,1.343530211,
866.9945742,983.6768763,865.736241,984.0981742,145.1363942,-37.91163917,TRUE,-73530943#7,1,66.95217343,FALSE,866.9945742,983.6768763,867.8434674,983.3892404,-37.91164191,145.1364038,0.896300184,
867.7545691,987.1500302,866.8584701,987.4500498,145.1364036,-37.91160802,TRUE,-73530943#7,1,70.48676851,FALSE,867.7545691,987.1500302,868.9654982,986.7410175,-37.91161192,145.1364173,1.278139538,
870.3571849,1000.11233,869.4582502,1000.24184,145.1364361,-37.91149172,TRUE,-73530943#6,1,6.644198493,FALSE,870.3571849,1000.11233,871.6577673,999.9262535,-37.91149363,145.1364509,1.313826138,
871.471699,1011.031408,871.0220437,1011.09619,145.1364513,-37.91139356,TRUE,-73530943#6,0,17.61392908,FALSE,871.471699,1011.031408,871.0217175,1011.093926,-37.91139292,145.1364462,0.454303692,
873.2308034,1022.866075,872.7281718,1022.93849,145.136474,-37.91128727,TRUE,-73530943#6,0,29.57694503,FALSE,873.2308034,1022.866075,872.727624,1022.934687,-37.91128656,145.1364683,0.507835762,
875.7222179,1035.867199,874.6026408,1036.028038,145.1365053,-37.9111706,TRUE,-73530943#5,1,3.667896845,FALSE,875.7222179,1035.867199,876.8115756,1035.710623,-37.91117221,145.1365176,1.10055266,
876.9572472,1049.467435,876.5419172,1049.527101,145.1365224,-37.91104831,TRUE,-73530943#5,0,17.31066468,FALSE,876.9572472,1049.467435,876.5415797,1049.524752,-37.91104772,145.1365177,0.419600648,
878.3798339,1062.245585,878.3692734,1062.247102,145.1365415,-37.91093345,TRUE,-73530943#5,0,30.15949272,FALSE,878.3798339,1062.245585,878.3686855,1062.24301,-37.91093348,145.1365414,0.011442027,
880.4344303,1075.276387,880.2449715,1075.303604,145.1365678,-37.91081644,TRUE,-73530943#5,0,43.34823059,FALSE,880.4344303,1075.276387,880.2441265,1075.297722,-37.91081621,145.1365656,0.191496061,
882.0412909,1087.735292,882.0320761,1087.736617,145.1365889,-37.9107045,TRUE,-73530943#5,0,55.90730219,FALSE,882.0412909,1087.735292,882.0309856,1087.72903,-37.91070455,145.1365888,0.012058591,
884.2992268,1099.614785,883.7508936,1099.693608,145.1366173,-37.91059789,TRUE,-73530943#5,0,67.98554595,FALSE,884.2992268,1099.614785,883.7495675,1099.684382,-37.91059716,145.136611,0.554047989,
887.112898,1112.484404,885.6357201,1112.699935,145.1366522,-37.91048246,TRUE,-73530943#5,1,81.12301758,FALSE,887.112898,1112.484404,887.8451215,1112.375832,-37.91048357,145.1366605,0.740229005,
886.5541439,1125.619056,887.4956957,1125.482232,145.1366488,-37.91036404,TRUE,:426343948_9,0,8.673733134,TRUE,886.5541439,1125.619056,887.4973442,1125.493576,-37.91036534,145.1366595,0.951510398,
889.6955381,1138.410757,889.1246755,1138.479482,145.1366875,-37.91024938,TRUE,:92045319_2,0,0.871170517,TRUE,889.6955381,1138.410757,889.1241269,1138.474925,-37.9102487,145.136681,0.575002867,
890.010864,1151.335179,890.7432041,1151.239905,145.136694,-37.91013301,TRUE,-73530943#2,0,8.552163522,FALSE,890.010864,1151.335179,890.7433072,1151.240697,-37.91013399,145.1367023,0.738511974,
891.8387706,1163.221826,892.2942979,1163.162564,145.1367175,-37.91002626,TRUE,-73530943#2,0,20.57641862,FALSE,891.8387706,1163.221826,892.2945459,1163.16447,-37.91002686,145.1367226,0.459370023,
895.7977194,1178.422826,894.3048679,1178.61704,145.1367659,-37.90989004,TRUE,-73530943#2,1,36.16556649,FALSE,895.7977194,1178.422826,896.5047485,1178.333468,-37.90989097,145.1367739,0.712653492,
896.984067,1190.925514,895.9240949,1191.063413,145.1367823,-37.90977762,TRUE,-73530943#2,1,48.71773221,FALSE,896.984067,1190.925514,898.1237663,1190.780783,-37.90977913,145.1367952,1.148852305,
897.2836667,1201.277417,897.2570679,1201.280887,145.136788,-37.90968442,TRUE,-73530943#2,0,59.02003813,FALSE,897.2836667,1201.277417,897.2577813,1201.286355,-37.90968434,145.1367877,0.027385098,
898.7930569,1205.550843,896.8581486,1203.102592,145.1368061,-37.9096462,TRUE,:cluster_3021408813_3031178405_11,0,4.324075876,TRUE,898.7930569,1205.550843,900.070564,1205.373558,-37.90964803,145.1368206,1.28974979,
885.7958086,1208.22582,885.904876,1206.000162,145.136659,-37.90961976,TRUE,298236188#1,0,1.427848903,FALSE,885.7958086,1208.22582,885.9038625,1206.000113,-37.90963983,145.1366597,2.228328654,
879.229121,1205.123524,879.3952242,1204.86104,145.1365836,-37.90964653,TRUE,298236188#1,0,8.206089678,FALSE,879.229121,1205.123524,879.3902957,1204.857922,-37.90964895,145.1365854,0.310679857,
874.592923,1203.096833,875.319585,1202.110929,145.1365304,-37.90966395,TRUE,:3021408814_0,0,2.038423735,TRUE,874.592923,1203.096833,875.3191194,1202.110586,-37.90967296,145.1365385,1.22476297,
870.1261329,1201.943404,871.9540451,1199.367709,145.1364794,-37.90967353,TRUE,:3021408814_1,0,7.248996504,TRUE,870.1261329,1201.943404,870.2384783,1200.864223,-37.90968328,145.1364804,1.085012994,
864.2337142,1199.465221,864.2466492,1196.998342,145.1364118,-37.9096948,TRUE,988580231,0,2.107188607,FALSE,864.2337142,1199.465221,864.2428607,1200.794421,-37.90968282,145.1364122,1.329231954,
856.0975097,1200.295892,856.1150238,1196.955704,145.1363195,-37.90968585,TRUE,988580231,0,10.24869695,FALSE,856.0975097,1200.295892,856.1015431,1200.850142,-37.90968086,145.1363197,0.554264207,
852.7936667,1199.902876,853.12,1196.94,145.1362819,-37.90968879,TRUE,:cluster_3021408815_3031178391_9137640169_6,0,0.140406854,TRUE,852.7936667,1199.902876,853.0644398,1200.906572,-37.9096798,145.1362852,1.039578628,
849.6290163,1198.990335,851.1345276,1196.394626,145.1362457,-37.90969644,TRUE,988580232,0,0.089490459,FALSE,849.6290163,1198.990335,850.0255311,1198.970621,-37.90969669,145.1362502,0.39700452,
849.2285998,1187.74114,849.8203458,1187.732482,145.1362386,-37.90979771,TRUE,988580230#0,0,6.127518075,FALSE,849.2285998,1187.74114,849.8203554,1187.733138,-37.90979789,145.1362453,0.591809724,
849.5777129,1184.682391,849.7756763,1184.679494,145.1362418,-37.90982532,TRUE,988580230#0,0,9.180505483,FALSE,849.5777129,1184.682391,849.7756907,1184.680477,-37.90982538,145.1362441,0.197987069,
849.6205898,1182.268737,849.7403779,1182.266985,145.1362418,-37.90984708,TRUE,988580230#0,0,11.59301567,FALSE,849.6205898,1182.268737,849.7403961,1182.268225,-37.9098471,145.1362431,0.119807383,
849.4400157,1179.803328,849.7042746,1179.799462,145.1362392,-37.90986925,TRUE,988580230#0,0,14.06053848,FALSE,849.4400157,1179.803328,849.7042966,1179.800966,-37.90986932,145.1362422,0.264291489,
848.2961606,1176.670533,849.6582024,1176.650604,145.1362254,-37.90989727,TRUE,988580230#0,0,17.20939558,FALSE,848.2961606,1176.670533,849.6582294,1176.652446,-37.90989767,145.1362409,1.362188857,
849.0235496,1171.127123,849.5772676,1171.119021,145.1362324,-37.90994733,TRUE,988580230#0,0,22.74097867,FALSE,849.0235496,1171.127123,849.5773032,1171.121455,-37.90994748,145.1362387,0.553782632,
849.9416077,1163.76567,849.4697788,1163.772574,145.1362412,-37.91001381,TRUE,988580230#0,0,30.08742648,FALSE,849.9416077,1163.76567,849.4698259,1163.775794,-37.91001364,145.1362359,0.471890399,
847.8332104,1156.616768,849.0717248,1156.410349,145.1362156,-37.91007783,TRUE,:3021408832_1,0,7.681710601,TRUE,847.8332104,1156.616768,846.4367183,1156.441111,-37.91007916,145.1361997,1.407496146,
842.4430905,1155.626758,842.1014957,1153.129657,145.1361541,-37.91008578,TRUE,E9,0,0.735442422,FALSE,842.4430905,1155.626758,842.1013438,1153.129678,-37.91010821,145.1361497,2.520357337,
837.5843969,1155.212322,837.387706,1153.774487,145.1360988,-37.91008864,TRUE,E9,0,5.494125324,FALSE,837.5843969,1155.212322,837.3865708,1153.774642,-37.91010155,145.1360962,1.451226445,
832.7815976,1154.968875,832.7058229,1154.414952,145.1360441,-37.91008997,TRUE,E9,0,10.22059783,FALSE,832.7815976,1154.968875,832.7037111,1154.415241,-37.91009494,145.1360431,0.559085534,
830.3571006,1155.828107,829.9562282,1155.777203,145.1360167,-37.91008179,TRUE,:3021408831_0,0,1.904208253,TRUE,830.3571006,1155.828107,829.9565304,1155.774823,-37.9100822,145.1360122,0.404098577,
829.3268714,1167.364716,830.0071426,1167.358172,145.1360076,-37.90997768,TRUE,E10,0,11.13933679,FALSE,829.3268714,1167.364716,830.0071488,1167.358821,-37.90997785,145.1360154,0.680302984,
829.2738282,1174.819517,830.0788418,1174.811774,145.1360087,-37.90991051,TRUE,E10,0,18.59371718,FALSE,829.2738282,1174.819517,830.0788522,1174.812857,-37.90991072,145.1360179,0.80505159,
829.1520637,1185.60326,830.1825542,1185.593348,145.1360098,-37.90981335,TRUE,E10,0,29.37641854,FALSE,829.1520637,1185.60326,830.1825706,1185.595059,-37.90981361,145.1360215,1.030539555,
831.6995503,1197.209406,830.2944238,1197.222923,145.1360414,-37.90970926,TRUE,E10,0,41.0072097,FALSE,831.6995503,1197.209406,830.2944468,1197.225313,-37.90970886,145.1360254,1.405193578,
831.2091802,1208.774557,830.405618,1208.782287,145.1360385,-37.90960499,TRUE,E10,0,52.56778264,FALSE,831.2091802,1208.774557,830.4056475,1208.785351,-37.90960475,145.1360293,0.803605236,
828.5238291,1220.12277,830.5145225,1220.103621,145.1360105,-37.90950228,TRUE,E10,0,63.89030031,FALSE,828.5238291,1220.12277,830.5145583,1220.107345,-37.90950277,145.1360331,1.990788975,
828.4349328,1230.303409,830.6124369,1230.282463,145.1360118,-37.90941055,TRUE,E10,0,74.07020658,FALSE,828.4349328,1230.303409,830.6124784,1230.28678,-37.90941109,145.1360366,2.177609129,
828.3468629,1240.389507,830.7094421,1240.36678,145.1360131,-37.90931968,TRUE,E10,0,84.15557867,FALSE,828.3468629,1240.389507,830.7094892,1240.371685,-37.90932026,145.13604,2.362693552,
829.9217173,1245.618166,830.7598797,1245.610103,145.1360322,-37.90927286,TRUE,E10,0,89.39944989,FALSE,829.9217173,1245.618166,830.7599298,1245.615314,-37.90927304,145.1360417,0.838217382,
829.4256701,1252.476518,830.7291223,1252.630296,145.1360281,-37.90921099,TRUE,:7217594255_2,0,0.775508802,TRUE,829.4256701,1252.476518,830.7291375,1252.630167,-37.90920984,145.136043,1.312492112,
826.9442524,1259.554966,826.1693555,1257.554781,145.1360015,-37.90914678,TRUE,E11,0,1.14850945,FALSE,826.9442524,1259.554966,826.1690506,1257.554899,-37.90916465,145.1359922,2.145041891,
818.9946828,1260.161677,819.0113796,1260.0986,145.1359113,-37.90913988,TRUE,:7217594256_0,0,1.107909526,TRUE,818.9946828,1260.161677,819.0110723,1260.098519,-37.90914045,145.1359114,0.065249759,
812.0925553,1252.307614,817.9651341,1252.36123,145.135831,-37.90920939,TRUE,E12,0,6.039402939,FALSE,812.0925553,1252.307614,817.9651376,1252.360849,-37.90920997,145.1358978,5.872823576,
811.7846158,1241.152758,818.0669441,1241.210116,145.135825,-37.90930982,TRUE,E12,0,17.19168814,FALSE,811.7846158,1241.152758,818.066954,1241.209028,-37.90931044,145.1358964,6.282590183,
812.0069873,1230.741789,818.1620071,1230.797984,145.1358251,-37.90940364,TRUE,E12,0,27.60491215,FALSE,812.0069873,1230.741789,818.162023,1230.796238,-37.90940426,145.1358951,6.155276544,
812.4125671,1220.175358,818.2585046,1220.228731,145.1358273,-37.9094989,TRUE,E12,0,38.17527425,FALSE,812.4125671,1220.175358,818.2585266,1220.226317,-37.90949949,145.1358938,5.846181648,
812.8273218,1210.233641,818.3492997,1210.284057,145.1358298,-37.90958853,TRUE,E12,0,48.12099263,FALSE,812.8273218,1210.233641,818.3493275,1210.281013,-37.9095891,145.1358926,5.522208905,
813.2983138,1199.478144,818.4475287,1199.525156,145.1358327,-37.90968551,TRUE,E12,0,58.88102203,FALSE,813.2983138,1199.478144,818.4475627,1199.521432,-37.90968604,145.1358913,5.149430897,
813.7009164,1188.132659,818.5511382,1188.176941,145.1358347,-37.90978778,TRUE,E12,0,70.23042776,FALSE,813.7009164,1188.132659,818.5511788,1188.172499,-37.9097883,145.1358899,4.850425999,
813.8710182,1177.788976,818.6455826,1177.832567,145.1358343,-37.90988099,TRUE,E12,0,80.57588708,FALSE,813.8710182,1177.788976,818.6456291,1177.827471,-37.9098815,145.1358886,4.774766113,
813.9949188,1170.254743,818.7143749,1170.297832,145.135834,-37.90994888,TRUE,E12,0,88.11141394,FALSE,813.9949188,1170.254743,818.7144258,1170.292258,-37.9099494,145.1358876,4.71965611,
813.2260583,1162.228629,812.5449217,1157.05785,145.1358234,-37.91002105,TRUE,E13,0,0.51872614,FALSE,813.2260583,1162.228629,812.5457167,1157.057746,-37.9100675,145.1358145,5.215448257,
812.7144719,1153.629472,813.0609996,1156.990036,145.1358156,-37.91009842,TRUE,:cluster_3021408830_9137640151_0,0,9.87,TRUE,812.7144719,1153.629472,813.0621704,1156.990077,-37.91006821,145.1358204,3.378544309,
814.4679131,1141.492714,813.9155436,1157.020434,145.1358328,-37.91020806,TRUE,:634145142_w0,0,2.0641161,TRUE,814.4679131,1141.492714,819.3364826,1140.721689,-37.91021589,145.135888,4.92924419,
814.5028272,1139.369672,799.7982714,1143.023531,145.1358327,-37.9102272,TRUE,:634145142_w0,0,2.624102813,TRUE,814.5028272,1139.369672,818.8065392,1140.902645,-37.91021416,145.135882,4.568582246,
814.4671013,1141.542095,813.9164872,1157.020468,145.1358328,-37.91020762,TRUE,:634145142_w0,0,2.064805795,TRUE,814.4671013,1141.542095,819.3358299,1140.721912,-37.91021588,145.135888,4.937329072,
798.7481492,1158.568039,801.5010893,1156.77121,145.135658,-37.91005141,TRUE,:9137640172_1,0,6.95635382,TRUE,798.7481492,1158.568039,799.4048249,1159.992046,-37.9100387,145.1356658,1.568125543,
788.8824222,1160.392223,800.58,1155.36,145.1355462,-37.9100332,TRUE,998107630#1,0,59.06758718,FALSE,788.8824222,1160.392223,786.0848546,1160.402805,-37.9100326,145.1355144,2.797587629,
778.2961923,1161.708944,776.0260217,1143.923575,145.1354261,-37.91001943,TRUE,998107635#2,0,19.79171356,FALSE,778.2961923,1161.708944,778.2714842,1156.624711,-37.91006523,145.1354247,5.08429284,
768.5836525,1162.916983,766.3174625,1145.162801,145.135316,-37.9100068,TRUE,998107635#2,0,10.07358277,FALSE,768.5836525,1162.916983,768.553466,1156.6715,-37.91006306,145.1353142,6.245556028,
756.2481108,1152.533583,755.9,1146.45,145.1351734,-37.91009812,TRUE,998107636,0,1.696416999,FALSE,756.2481108,1152.533583,755.98,1152.533583,-37.91009807,145.1351703,0.268110801,
744.8305426,1149.213335,744.8861091,1146.286286,145.1350428,-37.91012597,TRUE,E3,0,8.623890859,FALSE,744.8305426,1149.213335,744.8876627,1146.286315,-37.91015234,145.1350428,2.927577086,
736.3175453,1147.910883,736.3514621,1146.124266,145.1349457,-37.91013617,TRUE,E3,0,17.1585379,FALSE,736.3175453,1147.910883,736.3545531,1146.124324,-37.91015227,145.1349457,1.786941968,
732.6217412,1147.331709,732.7977029,1146.018764,145.1349036,-37.91014072,TRUE,:9199366844_0,0,2.80472408,TRUE,732.6217412,1147.331709,732.7991702,1146.018961,-37.91015257,145.1349053,1.324684295,
726.0313468,1168.968573,725.3958995,1168.967131,145.1348335,-37.90994462,TRUE,E7,0,1.806545363,FALSE,726.0313468,1168.968573,725.3959009,1168.966541,-37.90994452,145.1348263,0.635449166,
725.5347475,1176.791918,725.3781456,1176.791562,145.1348297,-37.90987405,TRUE,E7,0,9.6284406,FALSE,725.5347475,1176.791918,725.3781527,1176.788416,-37.90987406,145.1348279,0.156633955,
725.5830166,1187.132291,725.3546832,1187.131773,145.1348326,-37.90978091,TRUE,E7,0,19.96529907,FALSE,725.5830166,1187.132291,725.354698,1187.125248,-37.90978094,145.13483,0.228427233,
727.7217225,1196.542365,725.3333424,1196.536946,145.134859,-37.90969653,TRUE,E7,0,29.36742315,FALSE,727.7217225,1196.542365,725.3333642,1196.527348,-37.90969624,145.1348319,2.388405507,
727.8760272,1205.946002,725.3025015,1205.939414,145.1348629,-37.90961185,TRUE,E0,0,2.931913976,FALSE,727.8760272,1205.946002,725.3024951,1205.941904,-37.90961142,145.1348337,2.573535338,
727.6913585,1214.755338,725.28,1214.73,145.1348628,-37.90953246,TRUE,:9226568321_0,0,0,TRUE,727.6913585,1214.755338,725.28,1214.73,-37.90953225,145.1348354,2.41149162,
726.5059775,1218.496322,724.747526,1217.445293,145.1348502,-37.90949855,TRUE,:9226568321_0,0,2.790148363,TRUE,726.5059775,1218.496322,724.7479381,1217.444604,-37.9095077,145.13483,2.048612749,
725.9585812,1224.274734,727.1350569,1223.514927,145.1348453,-37.90944639,TRUE,:9226568321_1,0,4.650433707,TRUE,725.9585812,1224.274734,727.1348602,1223.514622,-37.90945345,145.1348585,1.400500684,
724.0085814,1224.370014,725.4163945,1221.713015,145.1348231,-37.90944518,TRUE,:9226568321_1,0,7.218273726,TRUE,724.0085814,1224.370014,725.4158971,1221.712751,-37.90946938,145.1348385,3.006922304,
699.4878782,1221.703883,699.4718489,1220.620052,145.1345437,-37.90946478,TRUE,-11294993,0,20.29126671,FALSE,699.4878782,1221.703883,699.4709521,1220.620066,-37.90947454,145.1345433,1.083949606,
689.2405191,1221.349407,689.231972,1220.771495,145.1344272,-37.90946613,TRUE,-11294993,0,30.53271599,FALSE,689.2405191,1221.349407,689.2306227,1220.771515,-37.90947133,145.1344269,0.577976481,
676.7248935,1223.630426,676.6808189,1220.971257,145.1342854,-37.90944332,TRUE,11294993,0,17.42702359,FALSE,676.7248935,1223.630426,676.7346284,1224.17108,-37.90943845,145.1342856,0.540741622,
669.4719493,1223.153789,669.4377645,1221.091308,145.1342028,-37.90944631,TRUE,11294993,0,10.18265815,FALSE,669.4719493,1223.153789,669.4912587,1224.291183,-37.90943607,145.1342033,1.137558129,
661.5176567,1223.511634,661.479727,1221.223209,145.1341124,-37.90944165,TRUE,11294993,0,2.223174354,FALSE,661.5176567,1223.511634,661.5328688,1224.423142,-37.90943344,145.1341128,0.911635254,
647.6812683,1222.294521,647.666953,1221.448149,145.1339548,-37.90945012,TRUE,-11294994,0,6.593608704,FALSE,647.6812683,1222.294521,647.6672784,1221.448144,-37.90945774,145.1339545,0.846492935,
635.7345897,1222.443792,635.7211671,1221.650196,145.133819,-37.90944662,TRUE,-11294994,0,18.54051366,FALSE,635.7345897,1222.443792,635.7220819,1221.650181,-37.90945377,145.1338187,0.793709557,
628.3073766,1223.781186,628.2734643,1221.776165,145.1337349,-37.90943323,TRUE,11294994,0,111.4833186,FALSE,628.3073766,1223.781186,628.3301983,1224.97622,-37.90942247,145.1337354,1.195251731,
621.6715909,1224.174766,621.6329214,1221.888481,145.1336595,-37.90942849,TRUE,11294994,0,104.8416705,FALSE,621.6715909,1224.174766,621.6895,1225.088539,-37.90942026,145.13366,0.913948019,
611.8931419,1224.301407,611.8551276,1222.053859,145.1335484,-37.90942559,TRUE,11294994,0,95.06224931,FALSE,611.8931419,1224.301407,611.9114774,1225.253921,-37.90941701,145.1335488,0.952690416,
601.1625045,1223.473858,601.1415519,1222.235065,145.1334262,-37.90943111,TRUE,-11294994,0,53.12336797,FALSE,601.1625045,1223.473858,601.1441731,1222.235021,-37.90944226,145.1334257,1.238972659,
593.4147238,1222.97243,593.4044656,1222.365928,145.133338,-37.90943423,TRUE,-11294994,0,60.86117906,FALSE,593.4147238,1222.97243,593.4074686,1222.365877,-37.90943969,145.1333378,0.606596224,
587.4162457,1224.687147,587.3786769,1222.467906,145.1332702,-37.9094177,TRUE,1000438539,0,7.54381221,FALSE,587.4162457,1224.687147,588.0277835,1224.693364,-37.90941775,145.1332771,0.611569398,
571.3463292,1224.501005,571.3209014,1222.707262,145.1330874,-37.90941648,TRUE,11294994,0,54.5130201,FALSE,571.3463292,1224.501005,571.367542,1225.907193,-37.90940381,145.133088,1.406348212,
562.0878347,1223.363308,562.0803917,1222.838254,145.1329819,-37.90942505,TRUE,-11294994,0,92.1872941,FALSE,562.0878347,1223.363308,562.0849405,1222.83819,-37.90942978,145.1329818,0.525126322,
550.0817973,1223.51306,550.0746439,1223.008446,145.1328454,-37.90942154,TRUE,-11294994,0,104.1936555,FALSE,550.0817973,1223.51306,550.0797852,1223.008373,-37.90942608,145.1328453,0.504691188,
542.4814669,1225.4309,542.4486591,1223.11655,145.1327595,-37.90940289,TRUE,11294994,0,25.63720004,FALSE,542.4814669,1225.4309,542.4946237,1226.316553,-37.90939491,145.1327598,0.885750566,
530.0951917,1223.84098,530.0874063,1223.291782,145.1326183,-37.90941498,TRUE,-11294994,0,124.1819149,FALSE,530.0951917,1223.84098,530.0935339,1223.291695,-37.90941993,145.1326181,0.549287764,
521.3714493,1223.23833,521.3739581,1223.415302,145.1325189,-37.90941883,TRUE,-11294994,0,132.8958087,FALSE,521.3714493,1223.23833,521.3805156,1223.415209,-37.90941724,145.1325191,0.177111301,
513.1443258,1224.430901,513.0866,1224.060888,145.1324257,-37.9094066,TRUE,:100383254_0,0,3.293021749,TRUE,513.1443258,1224.430901,513.5563633,1223.093018,-37.90941873,145.1324301,1.399894476,
507.0588925,1232.091763,508.3542546,1232.199983,145.1323582,-37.9093365,TRUE,:100383254_1,0,13.948856,TRUE,507.0588925,1232.091763,508.3551055,1232.189797,-37.90933585,145.132373,1.299914989,
509.4046489,1242.891108,508.9215485,1242.919297,145.1323874,-37.90923964,TRUE,310292423,0,10.32718405,FALSE,509.4046489,1242.891108,508.921569,1242.919648,-37.90923929,145.1323819,0.483922229,
508.2870912,1254.578535,509.5974049,1254.502078,145.1323773,-37.90913415,TRUE,310292423,0,21.93006179,FALSE,508.2870912,1254.578535,509.5974485,1254.502824,-37.90913507,145.1323922,1.312542709,
509.1746692,1266.055512,510.2678271,1265.991726,145.13239,-37.90903092,TRUE,310292423,0,33.43964491,FALSE,509.1746692,1266.055512,510.2678934,1265.992863,-37.90903169,145.1324024,1.095017848,
515.705781,1277.538452,515.9707484,1277.244538,145.1324669,-37.90892866,TRUE,63906910#0,0,0.768398592,FALSE,515.705781,1277.538452,515.970716,1277.244509,-37.90893136,145.1324698,0.395718295,
529.8902091,1277.034165,529.8942374,1277.855375,145.132628,-37.90893576,TRUE,63906910#0,0,14.95076088,FALSE,529.8902091,1277.034165,529.8933855,1277.855379,-37.90892837,145.1326283,0.821220473,
536.7816661,1278.172637,531.1330572,1278.924608,145.1327067,-37.90892675,TRUE,-63906910#0,0,61.54899533,FALSE,536.7816661,1278.172637,534.3063227,1278.505089,-37.90892331,145.1326786,2.497568749,
534.2652591,1303.832253,534.4456897,1303.808233,145.1326839,-37.90869515,TRUE,63906910#0,0,42.23222423,FALSE,534.2652591,1303.832253,534.4453722,1303.805847,-37.90869542,145.1326859,0.182038399,
536.279163,1315.572535,536.0164681,1315.607507,145.1327095,-37.90858975,TRUE,63906910#0,0,54.13491477,FALSE,536.279163,1315.572535,536.0160609,1315.604448,-37.90858942,145.1327065,0.265030485,
536.9007279,1326.917798,537.5014935,1326.844398,145.1327191,-37.90848767,TRUE,63906910#0,0,65.46891622,FALSE,536.9007279,1326.917798,537.501041,1326.840694,-37.90848847,145.1327259,0.605244417,
540.0240194,1338.869703,539.8687462,1338.935543,145.1327574,-37.90838056,TRUE,63906910#0,0,77.87144413,FALSE,540.0240194,1338.869703,539.8670138,1338.931458,-37.90837998,145.1327556,0.168713905,
543.4999511,1342.565006,542.8702765,1343.267768,145.1327977,-37.9083479,TRUE,:9237664398_1,0,2.573171576,TRUE,543.4999511,1342.565006,542.8714641,1343.268832,-37.90834145,145.1327907,0.943592451,
546.1168119,1347.233256,546.8544496,1346.047361,145.1328285,-37.90830632,TRUE,:9237664398_1,0,7.450366722,TRUE,546.1168119,1347.233256,546.8583701,1346.0498,-37.90831712,145.1328367,1.396595022,
555.4482429,1350.779773,555.5769266,1348.006417,145.1329354,-37.90827606,TRUE,63906910#1,0,8.208466711,FALSE,555.4482429,1350.779773,555.5782028,1348.006477,-37.90830106,145.1329363,2.776339757,
567.4114536,1349.423539,567.4417827,1348.445096,145.1330711,-37.90829043,TRUE,63906910#1,0,20.08361132,FALSE,567.4114536,1349.423539,567.4449069,1348.445193,-37.90829925,145.1330713,0.978918247,
575.8258606,1349.592048,575.5980931,1350.598463,145.1331668,-37.90829043,TRUE,:26582424_3,0,1.292010508,TRUE,575.8258606,1349.592048,575.0907973,1350.872732,-37.90827876,145.1331588,1.476641399,
577.5166641,1352.228443,576.9988867,1350.356478,145.1331867,-37.90826699,TRUE,:26582424_3,0,4.049657709,TRUE,577.5166641,1352.228443,577.3604669,1352.428015,-37.90826516,145.1331849,0.253429245,
588.1666384,1341.176154,586.8998709,1340.028893,145.1333052,-37.90836847,TRUE,:9237664411_w0,0,2.258304114,TRUE,588.1666384,1341.176154,585.7669048,1347.017771,-37.90831542,145.1332793,6.315315165,
596.2341539,1334.891626,595.2545432,1333.181134,145.1333955,-37.90842654,TRUE,4577074#2,0,6.321884639,FALSE,596.2341539,1334.891626,595.254996,1333.180875,-37.90844177,145.133384,1.971146862,
607.0798435,1331.053967,607.1041432,1329.917665,145.133518,-37.90846307,TRUE,4577074#2,0,18.8987493,FALSE,607.0798435,1331.053967,607.1057026,1329.917698,-37.90847331,145.133518,1.136562887,
613.9119401,1332.060595,613.8916655,1330.058667,145.1335959,-37.90845523,TRUE,4577074#2,0,25.6883604,FALSE,613.9119401,1332.060595,613.8937854,1330.058645,-37.90847326,145.1335952,2.002032233,
621.800886,1331.590248,621.7845654,1329.978731,145.1336855,-37.90846089,TRUE,4577074#2,0,33.58231645,FALSE,621.800886,1331.590248,621.7873367,1329.978703,-37.9084754,145.1336849,1.611602066,
632.2841424,1330.965214,632.273076,1329.872508,145.1338045,-37.90846841,TRUE,4577074#2,0,44.07223072,FALSE,632.2841424,1330.965214,632.276713,1329.872471,-37.90847825,145.1338042,1.092767856,
641.7599075,1330.08593,641.7327295,1329.698025,145.1339121,-37.90847804,TRUE,4577074#2,0,53.53630114,FALSE,641.7599075,1330.08593,641.7371369,1329.697717,-37.90848153,145.1339117,0.388880707,
653.1914125,1328.119874,652.9590954,1327.349523,145.1340416,-37.90849781,TRUE,4577074#2,0,65.05367518,FALSE,653.1914125,1328.119874,652.9642356,1327.347973,-37.90850473,145.1340388,0.804637347,
664.9830615,1325.106695,664.6006794,1323.838736,145.134175,-37.90852708,TRUE,4577074#2,0,77.21412371,FALSE,664.9830615,1325.106695,664.6067805,1323.836896,-37.90853845,145.1341704,1.324377444,
675.9872792,1321.478352,675.6905274,1320.494339,145.1342993,-37.90856175,TRUE,4577074#2,0,88.79824522,FALSE,675.9872792,1321.478352,675.6975438,1320.492223,-37.90857058,145.1342957,1.027811875,
686.9851517,1317.960237,686.7167492,1317.112809,145.1344235,-37.90859543,TRUE,4577074#2,0,100.3325403,FALSE,686.9851517,1317.960237,686.7246431,1317.110309,-37.90860304,145.1344203,0.888955977,
696.4741185,1315.859614,695.7424255,1314.103874,145.1345309,-37.90861606,TRUE,4577074#2,0,109.8525809,FALSE,696.4741185,1315.859614,695.750794,1314.100387,-37.90863178,145.1345223,1.902124892,
709.7516888,1306.701494,709.1198669,1306.364074,145.1346798,-37.90870095,TRUE,4577074#2,0,125.5547307,FALSE,709.7516888,1306.701494,709.124748,1306.354934,-37.90870396,145.1346726,0.71635088,
711.4656255,1296.617364,712.4024921,1296.633277,145.134697,-37.9087921,TRUE,405414870#0,0,4.6018953,FALSE,711.4656255,1296.617364,712.4024985,1296.632899,-37.90879213,145.1347076,0.937001821,
712.5467599,1285.935521,712.459598,1285.935811,145.1347068,-37.90888852,TRUE,405414870#0,0,15.30093268,FALSE,712.5467599,1285.935521,712.4595939,1285.934553,-37.90888851,145.1347058,0.087171413,
713.3845928,1276.175214,711.9704438,1276.275317,145.1347141,-37.90897659,TRUE,405414870#0,0,24.97919014,FALSE,713.3845928,1276.175214,711.9702988,1276.273269,-37.90897546,145.1346981,1.417689055,
714.941501,1266.359988,712.6818887,1265.315835,145.1347296,-37.90906529,TRUE,:cluster_26582434_9215816595_0,0,9.037099973,TRUE,714.941501,1266.359988,712.6822762,1265.314996,-37.9090743,145.1347037,2.489197644,
717.9600232,1259.827657,716.0612726,1258.812588,145.1347624,-37.90912468,TRUE,:588090419_0,0,2.378315058,TRUE,717.9600232,1259.827657,716.061272,1258.812589,-37.90913348,145.1347406,2.153048652,
721.5383195,1252.138904,720.0531771,1251.345249,145.1348014,-37.90919459,TRUE,405414870#3,0,0.685545613,FALSE,721.5383195,1252.138904,720.0531102,1251.345374,-37.90920147,145.1347843,1.683905137,
723.7494414,1246.428928,722.9179115,1245.984561,145.1348252,-37.90924643,TRUE,405414870#3,0,6.762416795,FALSE,723.7494414,1246.428928,722.9172509,1245.985797,-37.90925027,145.1348157,0.94281804,
725.2766641,1242.081372,725.0643857,1241.967931,145.1348416,-37.90928586,TRUE,405414870#3,0,11.31566531,FALSE,725.2766641,1242.081372,725.0632802,1241.97,-37.90928683,145.1348391,0.24069987,
728.2778641,1232.363302,727.9010508,1232.306834,145.1348735,-37.90937395,TRUE,:588090556_0,0,10.07055108,TRUE,728.2778641,1232.363302,727.9006324,1232.309626,-37.90937436,145.1348692,0.381031307,
726.8981161,1236.810886,727.0232343,1236.845144,145.1348588,-37.90933363,TRUE,:588090556_0,0,5.441960018,TRUE,726.8981161,1236.810886,727.0228314,1236.846616,-37.90933334,145.1348603,0.1297325,
706.8863259,1221.61327,706.8700185,1220.510637,145.1346278,-37.90946693,TRUE,-11294993,0,12.89196099,FALSE,706.8863259,1221.61327,706.8694487,1220.510645,-37.90947686,145.1346274,1.102753915,
700.6271128,1221.689931,700.6110407,1220.603204,145.1345567,-37.90946511,TRUE,-11294993,0,19.1519,FALSE,700.6271128,1221.689931,700.6101942,1220.603217,-37.9094749,145.1345563,1.086845996,
690.1642921,1221.818065,690.1486133,1220.757939,145.1344378,-37.90946207,TRUE,-11294993,0,29.61593396,FALSE,690.1642921,1221.818065,690.1473045,1220.757958,-37.90947162,145.1344373,1.060243146,
682.0441876,1221.9175,682.0270353,1220.882646,145.1343455,-37.90945971,TRUE,-11294993,0,37.73883118,FALSE,682.0441876,1221.9175,682.0253675,1220.882673,-37.90946903,145.134345,1.034997658,
669.150472,1223.153314,669.1163834,1221.096635,145.1341991,-37.90944626,TRUE,11294993,0,9.861218707,FALSE,669.150472,1223.153314,669.1698634,1224.296512,-37.90943596,145.1341996,1.143362783,
658.4045439,1223.489343,658.3691025,1221.274254,145.134077,-37.90944129,TRUE,:664323249_1,0,4.110302174,TRUE,658.4045439,1223.489343,658.4197762,1224.474244,-37.90943242,145.1340774,0.985018364,
648.7117446,1223.967317,648.6688496,1221.431203,145.1339669,-37.90943524,TRUE,11294994,0,131.8820983,FALSE,648.7117446,1223.967317,648.7260609,1224.631251,-37.90942926,145.1339673,0.664087916,
638.871186,1223.634478,638.8367332,1221.597501,145.133855,-37.90943646,TRUE,11294994,0,122.0483455,FALSE,638.871186,1223.634478,638.8937145,1224.797552,-37.90942599,145.1338555,1.163291987,
631.7368793,1223.305749,631.7100253,1221.71804,145.1337738,-37.90943814,TRUE,-11294994,0,22.55203119,FALSE,631.7368793,1223.305749,631.711138,1221.718021,-37.90945243,145.1337731,1.587936798,
620.5731795,1224.1306,620.5355709,1221.907041,145.1336471,-37.90942869,TRUE,11294994,0,103.7441373,FALSE,620.5731795,1224.1306,620.5921239,1225.107099,-37.9094199,145.1336475,0.976682958,
614.6769853,1222.706861,614.6651367,1222.006332,145.1335797,-37.90944045,TRUE,-11294994,0,39.59851636,FALSE,614.6769853,1222.706861,614.6670906,1222.006299,-37.90944676,145.1335794,0.700632318,
597.9896941,1223.894351,597.9625389,1222.288834,145.1333902,-37.90942675,TRUE,11294994,0,81.16734844,FALSE,597.9896941,1223.894351,598.0185636,1225.488901,-37.90941239,145.1333909,1.594811686,
590.0937314,1224.671235,590.0556648,1222.422589,145.1333006,-37.90941832,TRUE,11294994,0,73.25916714,FALSE,590.0937314,1224.671235,590.1115126,1225.622604,-37.90940976,145.133301,0.951535281,
579.9361089,1224.715529,579.9059148,1222.585562,145.1331851,-37.90941609,TRUE,11294994,0,63.09909631,FALSE,579.9361089,1224.715529,579.9527553,1225.785472,-37.90940646,145.1331856,1.070072734,
571.0061391,1224.939701,570.974562,1222.712172,145.1330837,-37.90941246,TRUE,11294994,0,54.16663688,FALSE,571.0061391,1224.939701,571.0211935,1225.912104,-37.90940371,145.1330841,0.972519268,
559.3527669,1223.397423,559.3453898,1222.877025,145.1329508,-37.90942425,TRUE,-11294994,0,94.92243571,FALSE,559.3527669,1223.397423,559.3500736,1222.876959,-37.90942894,145.1329507,0.520471278,
547.3520755,1224.861407,547.3263605,1223.047405,145.1328147,-37.9094089,TRUE,11294994,0,30.51550679,FALSE,547.3520755,1224.861407,547.3724402,1226.247395,-37.90939642,145.1328153,1.386137873,
535.6991098,1225.376456,535.6684363,1223.212666,145.1326823,-37.90940216,TRUE,11294994,0,18.85613765,FALSE,535.6991098,1225.376456,535.7142427,1226.412685,-37.90939283,145.1326827,1.036339438,
524.5302938,1225.130849,524.5053452,1223.370912,145.1325553,-37.90940235,TRUE,11294994,0,7.69166462,FALSE,524.5302938,1225.130849,524.5508917,1226.570959,-37.90938939,145.1325558,1.440256999,
515.7750314,1225.534144,515.4867702,1223.686437,145.1324558,-37.90939714,TRUE,:100383254_2,0,8.147557283,TRUE,515.7750314,1225.534144,515.9813309,1226.819301,-37.9093856,145.1324585,1.301609968,
509.1019043,1224.977098,510.18,1225.82,145.1323798,-37.90940095,TRUE,:100383254_1,0,7.175592945,TRUE,509.1019043,1224.977098,510.1844367,1225.817178,-37.90939358,145.1323923,1.370259465,
509.1524885,1243.660553,508.9654378,1243.671468,145.1323847,-37.90923266,TRUE,310292423,0,11.08065957,FALSE,509.1524885,1243.660553,508.9654597,1243.671844,-37.90923252,145.1323825,0.187369302,
509.4475381,1253.316124,509.5279307,1253.311433,145.1323902,-37.90914573,TRUE,310292423,0,20.73735099,FALSE,509.4475381,1253.316124,509.5279719,1253.312138,-37.90914578,145.1323911,0.080532443,
507.9509424,1264.460007,510.1708928,1264.330472,145.1323757,-37.90904508,TRUE,310292423,0,31.77550911,FALSE,507.9509424,1264.460007,510.1709558,1264.331553,-37.90904663,145.132401,2.223726595,
508.0175776,1266.363277,510.281798,1266.231159,145.1323769,-37.90902794,TRUE,310292423,0,33.67949372,FALSE,508.0175776,1266.363277,510.2818649,1266.232305,-37.90902953,145.1324026,2.268071986,
