wall_time,phone_timestamp,method,kalman,lat,lon,raw_x,raw_y,filt_x,filt_y,match_x,match_y,actual_x,actual_y,edge_id,raw_dist,score,correction_m,match_ms,phone_speed_mps,sumo_speed_mps,phone_course_deg,accuracy_m,matched,lane_index,lane_pos,is_internal_edge,matched_x,matched_y,matched_lat,matched_lon,match_error_raw_m,match_error_filt_m,components,window_len,unmatched_reason
2026-09-10T11:08:54.620,1789002535,fuzzy,False,-37.90890681,145.1320219,1726.5148374992423,1575.5093499543145,1726.5148374992423,1575.5093499543145,1726.5176,1575.5092,1722.1289,1574.7433,1272942443#3,2.5388773118229055,52.14469340575869,0,28.79630000097677,2.245,1.256,,4.68,True,0,,False,1724.08,1574.79,-37.90891285056006,145.13199405261398,2.5388773118229055,2.5388773118229055,short=0.484 small=0.500 angle_diff=45.000 mode=confirmed,,
2026-09-10T11:09:00.734,1789002541,fuzzy,False,-37.9086944,145.1320598,1729.3746126800543,1599.146181775257,1729.3746126800543,1599.146181775257,1729.3731,1599.1461,1727.8004,1588.6762,1272942443#3,24.925017835523303,10.00000000000001,0,1.2800000258721411,4.621,4.227,,4.74,True,0,,False,1724.08,1574.79,-37.90891285056006,145.13199405261398,24.925017835523303,24.925017835523303,short=0.000 small=0.000 angle_diff=98.268 mode=entering_pending,,
2026-09-10T11:09:04.800,1789002545,fuzzy,False,-37.90850578,145.1320856,1731.2234988441924,1620.121839493513,1731.2234988441924,1620.121839493513,1731.2259,1620.1223,1730.3157,1609.7871,1272942443#3,45.891232796718555,10.0,0,0.04630000330507755,5.022,4.889,,4.75,True,0,,False,1724.08,1574.79,-37.90891285056006,145.13199405261398,45.891232796718555,45.891232796718555,short=0.000 small=0.000 angle_diff=96.407 mode=entering_pending,,
2026-09-10T11:09:08.865,1789002549,fuzzy,False,-37.90831408,145.1321039,1732.406164638931,1641.4260556353256,1732.406164638931,1641.4260556353256,1732.4034,1641.4255,1732.8163,1630.209,1272942443#5,74.64465505141813,10.0,0,0.031100003980100155,5.11,5.241,,7.35,True,0,,False,1709.54,1570.37,-37.9089500421986,145.13182772933055,74.64465505141813,74.64465505141813,short=0.000 small=0.000 angle_diff=174.361 mode=confirmed,,
2026-09-10T11:09:12.948,1789002553,fuzzy,False,-37.90809307,145.1321135,1732.7587834526785,1665.967326803133,1732.7587834526785,1665.967326803133,1732.7623,1665.9673,1735.6301,1653.1892,1272942443#5,98.37662728985676,10.0,0,0.03409996861591935,5.402,5.362,,7.71,True,0,,False,1709.54,1570.37,-37.9089500421986,145.13182772933055,98.37662728985676,98.37662728985676,short=0.000 small=0.000 angle_diff=172.007 mode=entering_pending,,
2026-09-10T11:09:16.985,1789002557,fuzzy,False,-37.90790482,145.1321639,1736.771325328271,1686.9452586760744,1736.771325328271,1686.9452586760744,1736.7688,1686.9451,1735.7258,1677.8319,-1272942443#5,119.87873832522835,50.0,0,0.02789997961372137,5.045,5.78,,6.49,True,0,,False,1707.56,1570.68,-37.908946892196106,145.13180528785057,119.87873832522835,119.87873832522835,short=0.000 small=1.000 angle_diff=2.082 mode=confirmed,,
2026-09-10T11:09:21.077,1789002561,fuzzy,False,-37.9077477,145.1322051,1740.0442491235444,1704.4526432398707,1740.0442491235444,1704.4526432398707,1740.0436,1704.4531,1738.5441,1695.5062,-1272942443#5,137.6602575927497,50.0,0,0.04569999873638153,4.686,4.75,,5.44,True,0,,False,1707.56,1570.68,-37.908946892196106,145.13180528785057,137.6602575927497,137.6602575927497,short=0.000 small=1.000 angle_diff=1.843 mode=confirmed,,
2026-09-10T11:09:27.190,1789002567,fuzzy,False,-37.90757032,145.1322276,1741.6280625027139,1724.1752349557355,1741.6280625027139,1724.1752349557355,1741.6243,1724.1751,1744.0294,1718.4149,-1272942443#5,157.2304679023924,50.0,0,0.03789999755099416,2.786,3.22,,4.48,True,0,,False,1707.56,1570.68,-37.908946892196106,145.13180528785057,157.2304679023924,157.2304679023924,short=0.000 small=1.000 angle_diff=4.155 mode=confirmed,,
2026-09-10T11:09:31.273,1789002571,fuzzy,False,-37.90752425,145.1319933,1720.9262104933732,1728.8746434850618,1720.9262104933732,1728.8746434850618,1720.928,1728.8746,1731.8829,1727.2104,-1272942443#5,158.7583094213306,10.0,0,0.04039995837956667,5.294,4.324,,4.02,True,0,,False,1707.56,1570.68,-37.908946892196106,145.13180528785057,158.7583094213306,158.7583094213306,short=0.000 small=0.000 angle_diff=85.957 mode=entering_pending,,
2026-09-10T11:09:35.352,1789002576,fuzzy,False,-37.90749283,145.131628,1688.7395129092038,1731.7175418939441,1688.7395129092038,1731.7175418939441,1688.7382,1731.7179,1708.069,1729.9267,250248456,157.03335696705577,50.0,0,0.03649998689070344,6.548,6.348,,4.15,True,0,,False,1666.51549377101,1576.26475750689,-37.90888917266418,145.13133989480372,157.03335696705577,157.03335696705577,short=0.000 small=1.000 angle_diff=3.088 mode=confirmed,,
2026-09-10T11:09:39.431,1789002580,fuzzy,False,-37.90744598,145.1313347,1662.8486413902137,1736.3993946071714,1662.8486413902137,1736.3993946071714,1662.848,1736.3999,1675.8205,1733.8758,250248456,158.003901182389,50.0,0,0.017899961676448584,6.535,6.572,,4.43,True,0,,False,1640.4872667650545,1579.9858347291115,-37.90885095189791,145.1310448088037,158.003901182389,158.003901182389,short=0.000 small=1.000 angle_diff=2.114 mode=following,,
2026-09-10T11:09:43.522,1789002584,fuzzy,False,-37.90743482,145.1310711,1639.6483322769636,1737.1731773009524,1639.6483322769636,1737.1731773009524,1639.6456,1737.1734,1650.2339,1737.0233,250248456,155.49126838139216,50.0,0,0.015600002370774746,5.543,6.378,,4.48,True,0,,False,1616.4744366273007,1583.418485979768,-37.90881569265073,145.13077257189656,155.49126838139216,155.49126838139216,short=0.000 small=1.000 angle_diff=6.661 mode=following,,
2026-09-10T11:09:47.602,1789002588,fuzzy,False,-37.90738725,145.1308054,1616.1823755856603,1741.983425945975,1616.1823755856603,1741.983425945975,1616.1809,1741.9838,1627.8614,1739.7754,250248456,156.7505073466923,50.0,0,0.014499993994832039,5.849,5.828,,4.86,True,0,,False,1592.8208071960191,1586.9835592498337,-37.908779304783835,145.13050444948104,156.7505073466923,156.7505073466923,short=0.000 small=1.000 angle_diff=3.013 mode=following,,
2026-09-10T11:09:51.671,1789002592,fuzzy,False,-37.90735952,145.130537,1592.5231547788717,1744.5873035062104,1592.5231547788717,1744.5873035062104,1592.5225,1744.5868,1604.1998,1742.6144,250248456,156.2152857587677,50.0,0,0.029799994081258774,5.765,5.867,,5.0,True,0,,False,1580.57,1588.83,-37.90876045835848,145.1303655822793,156.2152857587677,156.2152857587677,short=0.000 small=1.000 angle_diff=2.291 mode=entering_pending,,
2026-09-10T11:09:55.730,1789002596,fuzzy,False,-37.90740172,145.1302707,1569.2041792010423,1739.4350375998765,1569.2041792010423,1739.4350375998765,1569.207,1739.4356,1582.8443,1742.6843,1272942442#0,150.49640959529742,50.0,0,0.02370000584051013,5.918,5.425,,4.86,True,0,,False,1578.07,1589.2,-37.908756673637,145.13033724236033,150.49640959529742,150.49640959529742,short=0.000 small=1.000 angle_diff=20.952 mode=confirmed,,
2026-09-10T11:09:59.802,1789002600,fuzzy,False,-37.90758172,145.1300857,1553.3397695865715,1719.1351113393903,1553.3397695865715,1719.1351113393903,1553.3385,1719.1353,1559.2258,1731.3058,1272942442#0,132.26759790319394,14.514927466007945,0,0.03390002530068159,6.183,5.988,,4.9,True,0,,False,1578.07,1589.2,-37.908756673637,145.13033724236033,132.26759790319394,132.26759790319394,short=0.000 small=0.113 angle_diff=60.485 mode=entering_pending,,
2026-09-10T11:10:03.876,1789002604,fuzzy,False,-37.90760943,145.1298189,1529.944670386496,1715.589730949141,1529.944670386496,1715.589730949141,1529.9416,1715.5894,1541.9885,1716.9977,1272942442#0,135.24204760282453,50.0,0,0.030700000934302807,6.12,6.131,,4.82,True,0,,False,1578.07,1589.2,-37.908756673637,145.13033724236033,135.24204760282453,135.24204760282453,short=0.000 small=1.000 angle_diff=17.110 mode=entering_pending,,
2026-09-10T11:10:07.958,1789002608,fuzzy,False,-37.90756423,145.1296124,1511.6887753895135,1720.24110752251,1511.6887753895135,1720.24110752251,1511.691,1720.2409,1522.4096,1718.283,1272942442#3,123.3297951599718,50.0,0,0.03239995567128062,5.115,5.565,,4.63,True,0,,False,1519.03,1597.13,-37.90867456961769,145.12966778345935,123.3297951599718,123.3297951599718,short=0.000 small=1.000 angle_diff=6.699 mode=confirmed,,
2026-09-10T11:10:14.075,1789002614,fuzzy,False,-37.90772286,145.1294545,1498.159560738597,1702.3601928101853,1498.159560738597,1702.3601928101853,1498.1558,1702.3603,1499.7802,1713.377,1272942442#3,107.27986164156182,14.51755452112633,0,0.02300000051036477,5.259,4.187,,4.77,True,0,,False,1519.03,1597.13,-37.90867456961769,145.12966778345935,107.27986164156182,107.27986164156182,short=0.000 small=0.113 angle_diff=60.482 mode=entering_pending,,
2026-09-10T11:10:18.145,1789002618,fuzzy,False,-37.90793824,145.1294164,1495.289418771048,1678.3933444032446,1495.289418771048,1678.3933444032446,1495.2887,1678.3936,1496.5064,1690.5935,1272942442#4,77.84410296658085,10.0,0,0.01869996776804328,6.045,5.872,,4.78,True,0,,False,1489.3,1600.78,-37.90863631582275,145.1293305951213,77.84410296658085,77.84410296658085,short=0.000 small=0.000 angle_diff=90.051 mode=confirmed,,
2026-09-10T11:10:22.207,1789002622,fuzzy,False,-37.90817003,145.1293646,1491.2513576347847,1652.5813887417316,1491.2513576347847,1652.5813887417316,1491.2538,1652.5812,1492.8322,1665.1687,1272942442#4,51.83812952056466,10.0,0,0.028999987989664078,6.413,6.451,,4.77,True,0,,False,1489.3,1600.78,-37.90863631582275,145.1293305951213,51.83812952056466,51.83812952056466,short=0.000 small=0.000 angle_diff=87.989 mode=entering_pending,,
2026-09-10T11:10:26.291,1789002626,fuzzy,False,-37.90840631,145.1293252,1488.3135091998265,1626.2930733207613,1488.3135091998265,1626.2930733207613,1488.3172,1626.2937,1489.0733,1639.158,-4577073#9,30.838387814062795,50.0,0,0.02629996743053198,6.395,6.632,,4.63,True,0,,False,1482.92,1595.93,-37.90867885238275,145.12925694989167,30.838387814062795,30.838387814062795,short=0.000 small=1.000 angle_diff=1.162 mode=confirmed,,
2026-09-10T11:10:28.332,1789002629,fuzzy,False,-37.90857858,145.1292882,1485.444151321135,1607.1118580549955,1485.444151321135,1607.1118580549955,1485.4461,1607.1115,1487.2368,1626.4498,-4577073#9,11.463214621302976,50.000029559038786,0,0.03549997927621007,6.466,6.395,,4.27,True,0,,False,1482.92,1595.93,-37.90867885238275,145.12925694989167,11.463214621302976,11.463214621302976,short=0.000 small=1.000 angle_diff=0.970 mode=confirmed,,
2026-09-10T11:10:32.406,1789002633,fuzzy,False,-37.90880577,145.1292417,1481.8618918436696,1581.8196825785562,1481.8618918436696,1581.8196825785562,1481.8592,1581.8192,1482.7883,1594.9345,-4577073#9,0.8021290778934795,96.89993577017455,0,0.01079996582120657,6.554,6.338,,4.14,True,0,,False,1481.0666950721816,1581.9249116250087,-37.90880467831878,145.12923268284823,0.8021290778934795,0.8021290778934795,short=0.938 small=1.000 angle_diff=0.523 mode=following,,
2026-09-10T11:10:36.470,1789002637,fuzzy,False,-37.90904376,145.1292006,1478.7784640415339,1555.3386096237227,1478.7784640415339,1555.3386096237227,1478.7789,1555.339,1479.1909,1568.272,-4577073#9,1.4010454736007472,92.65000176504029,0,0.011399970389902592,6.542,6.863,,4.16,True,0,,False,1477.3911977567225,1555.5346215471425,-37.90904174348574,145.12918487185075,1.4010454736007472,1.4010454736007472,short=0.853 small=1.000 angle_diff=1.401 mode=following,,
2026-09-10T11:10:40.542,1789002641,fuzzy,False,-37.9092745,145.1291489,1474.7469968339428,1529.6433270908892,1474.7469968339428,1529.6433270908892,1474.7482,1529.6435,1475.4888,1542.0702,-4577073#9,1.004101338794525,95.81627683482614,0,0.01160003012046218,6.282,6.668,,3.69,True,0,,False,1473.7527707648462,1529.7838049257873,-37.90927305479888,145.1291376279153,1.004101338794525,1.004101338794525,short=0.916 small=1.000 angle_diff=0.874 mode=following,,
2026-09-10T11:10:44.603,1789002645,fuzzy,False,-37.90951519,145.129106,1471.5113868610351,1502.8594664437696,1471.5113868610351,1502.8594664437696,1471.5102,1502.8592,1471.9512,1517.0334,-4577073#9,1.5474837130109973,91.05652866849886,0,0.022599997464567423,6.959,6.503,,4.08,True,0,,False,1469.9791225471313,1503.0759656686437,-37.90951296270151,145.12908862782692,1.5474837130109973,1.5474837130109973,short=0.821 small=1.000 angle_diff=1.154 mode=following,,
2026-09-10T11:10:48.680,1789002649,fuzzy,False,-37.90977783,145.1290574,1467.8235662769293,1473.6298630870879,1467.8235662769293,1473.6298630870879,1467.828,1473.6299,1469.7321,1487.4087,-4577073#9,21.05233128935893,50.00000000000642,0,0.047200010158121586,7.246,7.323,,5.1,True,0,,False,1468.79,1494.66,-37.90958856059778,145.1290731872293,21.05233128935893,21.05233128935893,short=0.000 small=1.000 angle_diff=0.851 mode=entering_pending,,
2026-09-10T11:10:52.757,1789002653,fuzzy,False,-37.91002136,145.1290042,1463.6888038247125,1446.5126802334562,1463.6888038247125,1446.5126802334562,1463.6886,1446.5129,1464.0289,1460.434,-4577073#4,1.475427476970371,91.87209244763338,0,0.03360002301633358,6.956,6.854,,5.36,True,0,,False,1462.225936166077,1446.7047855512308,-37.91001936497674,145.12898761117836,1.475427476970371,1.475427476970371,short=0.837 small=1.000 angle_diff=1.188 mode=confirmed,,
2026-09-10T11:10:56.836,1789002657,fuzzy,False,-37.91026796,145.1289663,1460.9060245934525,1419.081829519011,1460.9060245934525,1419.081829519011,1460.9104,1419.082,1460.4742,1433.3629,-4577073#4,2.286908677441099,79.221016376216,0,0.029399991035461426,6.985,6.764,,4.5,True,0,,False,1458.6385689248575,1419.3794804721626,-37.910264868712154,145.128940587095,2.286908677441099,2.286908677441099,short=0.584 small=1.000 angle_diff=1.686 mode=confirmed,,
2026-09-10T11:11:00.908,1789002661,fuzzy,False,-37.91051662,145.1289136,1456.826709559653,1391.3962710993364,1456.826709559653,1391.3962710993364,1456.8248,1391.3959,1456.8355,1405.4144,-4577073#4,24.450656188377035,50.00000000000003,0,0.04569999873638153,6.92,6.895,,6.03,True,0,,False,1458.17,1415.81,-37.910296938653865,145.1289344448745,24.450656188377035,24.450656188377035,short=0.000 small=1.000 angle_diff=0.903 mode=entering_pending,,
2026-09-10T11:11:04.985,1789002665,fuzzy,False,-37.91076064,145.1288732,1453.8184507174883,1364.247292415239,1453.8184507174883,1364.247292415239,1453.8145,1364.2476,1453.3583,1378.2438,-4577073#3,2.2319814438324688,80.27970872898561,0,0.04700000863522291,6.716,6.89,,4.89,True,0,,False,1451.6045021382115,1364.5304405283011,-37.91075768900776,145.1288480919954,2.2319814438324688,2.2319814438324688,short=0.606 small=1.000 angle_diff=0.965 mode=confirmed,,
2026-09-10T11:11:09.079,1789002669,fuzzy,False,-37.91100317,145.1288209,1449.7607118812157,1337.2426480725408,1449.7607118812157,1337.2426480725408,1449.7646,1337.2427,1449.9534,1351.6202,-4577073#3,4.698644523984152,51.440455703087245,0,0.031800009310245514,6.767,6.377,,5.46,True,0,,False,1448.7,1341.82,-37.9109617444085,145.12880988438224,4.698644523984152,4.698644523984152,short=0.029 small=1.000 angle_diff=1.257 mode=entering_pending,,
2026-09-10T11:11:13.171,1789002673,fuzzy,False,-37.91126207,145.1287656,1445.475727257086,1308.4162076516077,1445.475727257086,1308.4162076516077,1445.472,1308.4162,1446.9143,1322.6639,-4577073#2,21.661731210191487,50.00000000000242,0,0.018400023691356182,6.877,7.255,,4.91,True,0,,False,1447.19,1330.01,-37.91106785841185,145.12879002007892,21.661731210191487,21.661731210191487,short=0.000 small=1.000 angle_diff=1.217 mode=confirmed,,
2026-09-10T11:11:17.245,1789002677,fuzzy,False,-37.91149985,145.1287287,1442.761356283212,1281.9658180996776,1442.761356283212,1281.9658180996776,1442.7583,1281.966,1442.5966,1296.4885,-4577073#2,48.24786316140348,50.0,0,0.03060000017285347,6.771,6.108,,3.57,True,0,,False,1447.19,1330.01,-37.91106785841185,145.12879002007892,48.24786316140348,48.24786316140348,short=0.000 small=1.000 angle_diff=1.379 mode=entering_pending,,
2026-09-10T11:11:21.324,1789002681,fuzzy,False,-37.91171807,145.1286917,1439.994644614635,1257.6857258183882,1439.994644614635,1257.6857258183882,1439.9924,1257.6851,1438.9915,1269.5815,-4577073#1,2.5704081588758303,73.59332415093581,0,0.03289995947852731,5.945,6.505,,2.78,True,0,,False,1437.446898967516,1258.0262991890468,-37.91171454129626,145.12866280946207,2.5704081588758303,2.5704081588758303,short=0.472 small=1.000 angle_diff=1.113 mode=confirmed,,
2026-09-10T11:11:25.411,1789002686,fuzzy,False,-37.91192503,145.128661,1437.7567276044283,1234.6662167478353,1437.7567276044283,1234.6662167478353,1437.758,1234.6662,1435.5487,1243.8264,-4577073#1,3.4022559984162335,59.54935019917735,0,0.013599987141788006,4.262,4.414,,2.47,True,0,,False,1434.3844682687202,1235.1170081092084,-37.911920359306116,145.12862275966376,3.4022559984162335,3.4022559984162335,short=0.191 small=1.000 angle_diff=2.061 mode=following,,
2026-09-10T11:11:29.476,1789002690,fuzzy,False,-37.91213081,145.1285852,1431.5512967033428,1211.6980436285958,1431.5512967033428,1211.6980436285958,1431.5521,1211.6975,1432.9664,1224.5087,-4577073#1,0.2947684182567134,98.57421532615493,0,0.012000033166259527,6.07,5.202,,2.34,True,0,,False,1431.2591271691276,1211.7370997891603,-37.912130405333386,145.12858188688256,0.2947684182567134,0.2947684182567134,short=0.971 small=1.000 angle_diff=7.505 mode=following,,
2026-09-10T11:11:33.552,1789002694,fuzzy,False,-37.91235695,145.1285646,1430.2440799816977,1186.568046568893,1430.2440799816977,1186.568046568893,1430.2481,1186.5686,1429.6985,1200.0624,-4577073#1,6.940976707710769,50.04099275569366,0,0.03539997851476073,6.563,6.006,,2.25,True,0,,False,1429.61,1193.48,-37.91229457095991,145.1285589682136,6.940976707710769,6.940976707710769,short=0.001 small=1.000 angle_diff=2.789 mode=entering_pending,,
2026-09-10T11:11:37.619,1789002698,fuzzy,False,-37.91258599,145.1285439,1428.9345464737853,1161.1160729164258,1428.9345464737853,1161.1160729164258,1428.9373,1161.1157,1429.4411,1173.1799,-4577073#1,32.37097486540971,50.0,0,0.03489997470751405,6.021,6.536,,2.12,True,0,,False,1429.61,1193.48,-37.91229457095991,145.1285589682136,32.37097486540971,32.37097486540971,short=0.000 small=1.000 angle_diff=2.757 mode=entering_pending,,
2026-09-10T11:11:41.703,1789002702,fuzzy,False,-37.91281212,145.1285644,1431.240549711336,1136.0597266368568,1431.240549711336,1136.0597266368568,1431.2366,1136.0598,1428.337,1148.2449,1162333280#0,23.191890568291367,50.000000000000206,0,0.027999980375170708,6.12,6.388,,2.07,True,0,,False,1432.93,1159.19,-37.91260406308958,145.12858888979852,23.191890568291367,23.191890568291367,short=0.000 small=1.000 angle_diff=6.998 mode=confirmed,,
2026-09-10T11:11:45.774,1789002706,fuzzy,False,-37.91290272,145.1287809,1450.4754851353355,1126.3884011190385,1450.4754851353355,1126.3884011190385,1450.4773,1126.3885,1439.054,1126.2873,1162333280#0,37.19931367353135,10.0,0,0.03659998765215278,5.363,5.544,,2.04,True,0,,False,1432.93,1159.19,-37.91260406308958,145.12858888979852,37.19931367353135,37.19931367353135,short=0.000 small=0.000 angle_diff=65.047 mode=entering_pending,,
2026-09-10T11:11:49.853,1789002710,fuzzy,False,-37.91294896,145.1290766,1476.5742458957247,1121.7791979713365,1476.5742458957247,1121.7791979713365,1476.5777,1121.7791,1463.6112,1122.8119,1162333280#1,45.168888095963574,26.420679004402118,0,0.02139998832717538,6.629,6.426,,2.02,True,0,,False,1435.27,1140.06,-37.91277681343545,145.12861112935096,45.168888095963574,45.168888095963574,short=0.000 small=0.411 angle_diff=48.579 mode=confirmed,,
2026-09-10T11:11:53.931,1789002714,fuzzy,False,-37.91298794,145.1293613,1501.6897676814115,1117.956111826934,1501.6897676814115,1117.956111826934,1501.6921,1117.9564,1489.8607,1120.4369,1162333280#1,70.00119578421558,25.060289425584823,0,0.02829998265951872,6.194,6.561,,2.14,True,0,,False,1435.27,1140.06,-37.91277681343545,145.12861112935096,70.00119578421558,70.00119578421558,short=0.000 small=0.377 angle_diff=49.940 mode=entering_pending,,
2026-09-10T11:11:58.026,1789002718,fuzzy,False,-37.91301289,145.129632,1525.5432478577131,1115.6650927532464,1525.5432478577131,1115.6650927532464,1525.5466,1115.6653,1512.9409,1116.3198,725249377#0,50.21835755742886,50.0,0,0.021799991372972727,6.054,5.78,,2.33,True,0,,False,1477.03,1128.64,-37.91288723881398,145.12908334786988,50.21835755742886,50.21835755742886,short=0.000 small=1.000 angle_diff=1.719 mode=confirmed,,
2026-09-10T11:12:02.086,1789002722,fuzzy,False,-37.91304358,145.1298981,1549.0050925372634,1112.7289519179612,1549.0050925372634,1112.7289519179612,1549.0061,1112.7291,1536.8953,1113.3144,725249377#0,73.71278991339689,50.0,0,0.04439998883754015,5.944,5.702,,3.6,True,0,,False,1477.03,1128.64,-37.91288723881398,145.12908334786988,73.71278991339689,73.71278991339689,short=0.000 small=1.000 angle_diff=0.072 mode=entering_pending,,
2026-09-10T11:12:06.155,1789002726,fuzzy,False,-37.91307134,145.1301551,1571.6603916300228,1110.1018238561228,1571.6603916300228,1110.1018238561228,1571.6624,1110.1021,1560.4594,1110.3581,725249377#2,78.20063399347012,50.0,0,0.03709999145939946,5.415,5.856,,3.89,True,0,,False,1495.16,1126.32,-37.91291141577874,145.1292889628011,78.20063399347012,78.20063399347012,short=0.000 small=1.000 angle_diff=1.516 mode=confirmed,,
2026-09-10T11:12:10.209,1789002730,fuzzy,False,-37.91310419,145.1304152,1594.5995300714858,1106.9152878150344,1594.5995300714858,1106.9152878150344,1594.6017,1106.9149,1582.5749,1107.3055,725249377#2,101.31516666234755,50.0,0,0.026799971237778664,6.005,5.694,,3.99,True,0,,False,1495.16,1126.32,-37.91291141577874,145.1292889628011,101.31516666234755,101.31516666234755,short=0.000 small=1.000 angle_diff=0.222 mode=entering_pending,,
2026-09-10T11:12:14.259,1789002734,fuzzy,False,-37.91313881,145.1306823,1618.1579727355856,1103.544621385634,1618.1579727355856,1103.544621385634,1618.1567,1103.5451,1606.5395,1103.8924,725249377#3,52.288354695103116,50.0,0,0.023500004317611456,5.884,6.081,,4.04,True,0,,False,1567.5,1116.5,-37.91301295198951,145.13010925418095,52.288354695103116,52.288354695103116,short=0.000 small=1.000 angle_diff=0.410 mode=confirmed,,
2026-09-10T11:12:18.329,1789002739,fuzzy,False,-37.91317721,145.1309783,1644.2654687584727,1099.8053844114766,1644.2654687584727,1099.8053844114766,1644.2669,1099.8053,1629.1962,1100.5375,725249377#3,78.55983314236748,50.0,0,0.024900014977902174,5.024,5.688,,4.01,True,0,,False,1567.5,1116.5,-37.91301295198951,145.13010925418095,78.55983314236748,78.55983314236748,short=0.000 small=1.000 angle_diff=0.419 mode=entering_pending,,
2026-09-10T11:12:30.520,1789002751,fuzzy,False,-37.91316706,145.130705,1620.216448759369,1100.4498799825087,1620.216448759369,1100.4498799825087,1620.2173,1100.4496,1632.3563,1095.5515,725249377#3,55.10562877215957,10.0,0,0.02859998494386673,6.419,5.845,,4.15,True,0,,False,1567.5,1116.5,-37.91301295198951,145.13010925418095,55.10562877215957,55.10562877215957,short=0.000 small=0.000 angle_diff=173.803 mode=entering_pending,,
2026-09-10T11:12:34.585,1789002755,fuzzy,False,-37.91313507,145.1304123,1594.4133130908012,1103.4835737692192,1594.4133130908012,1103.4835737692192,1594.4123,1103.4837,1606.5854,1100.6546,-725249377#3,29.3382892231294,50.0,0,0.038700003642588854,6.287,6.639,,4.36,True,0,,False,1567.23,1114.52,-37.913030739476575,145.13010573254732,29.3382892231294,29.3382892231294,short=0.000 small=1.000 angle_diff=1.027 mode=confirmed,,
2026-09-10T11:12:38.648,1789002759,fuzzy,False,-37.91309392,145.1301305,1569.5480089942575,1107.5528496960178,1569.5480089942575,1107.5528496960178,1569.5443,1107.5525,1581.8031,1104.1871,-725249377#3,7.342639107006265,50.02156613580106,0,0.027699978090822697,6.296,6.337,,4.1,True,0,,False,1567.23,1114.52,-37.913030739476575,145.13010573254732,7.342639107006265,7.342639107006265,short=0.000 small=1.000 angle_diff=1.562 mode=confirmed,,
2026-09-10T11:12:42.704,1789002763,fuzzy,False,-37.91307162,145.1298488,1544.733434259193,1109.5305361924693,1544.733434259193,1109.5305361924693,1544.7359,1109.5309,1557.5671,1107.5009,-725249377#3,7.970838951476735,50.00789538208169,0,0.01090002479031682,6.427,5.927,,3.99,True,0,,False,1545.805849408806,1117.4289030703283,-37.91300066359363,145.12986279560138,7.970838951476735,7.970838951476735,short=0.000 small=1.000 angle_diff=3.175 mode=following,,
2026-09-10T11:12:46.769,1789002767,fuzzy,False,-37.91302771,145.1295469,1518.0948925224948,1113.870467800647,1518.0948925224948,1113.870467800647,1518.097,1113.8706,1531.3177,1110.7896,-725249377#3,7.254377813704467,50.024835571189165,0,0.010600022505968809,6.738,6.714,,4.3,True,0,,False,1519.070913329814,1121.0588877137884,-37.91296313156962,145.12955963785748,7.254377813704467,7.254377813704467,short=0.000 small=1.000 angle_diff=1.521 mode=following,,
2026-09-10T11:12:50.836,1789002771,fuzzy,False,-37.91299903,145.1292435,1491.3583675355767,1116.5176693201065,1491.3583675355767,1116.5176693201065,1491.3571,1116.5181,1504.6825,1114.1267,-725249377#3,11.094770092980964,50.00005329808217,0,0.025699962861835957,6.653,6.745,,4.66,True,0,,False,1499.84,1123.67,-37.91293613364129,145.12934157132997,11.094770092980964,11.094770092980964,short=0.000 small=1.000 angle_diff=2.078 mode=entering_pending,,
2026-09-10T11:12:54.891,1789002775,fuzzy,False,-37.91296138,145.1289733,1467.5205385328736,1120.2187279229984,1467.5205385328736,1120.2187279229984,1467.5165,1120.219,1478.3831,1118.7478,-725249377#2,27.474886843108543,50.0,0,0.021299987565726042,5.576,6.567,,3.98,True,0,,False,1494.68,1124.37,-37.91292889502392,145.12928306004886,27.474886843108543,27.474886843108543,short=0.000 small=1.000 angle_diff=0.695 mode=confirmed,,
2026-09-10T11:13:00.994,1789002781,fuzzy,False,-37.91314589,145.1287547,1448.7138710439904,1099.3587870262563,1448.7138710439904,1099.3587870262563,1448.7145,1099.3589,1454.4454,1114.8447,-725249377#2,52.33016133759261,18.906725327132506,0,0.043000036384910345,6.327,0.0,,2.97,True,0,,False,1494.68,1124.37,-37.91292889502392,145.12928306004886,52.33016133759261,52.33016133759261,short=0.000 small=0.223 angle_diff=56.093 mode=entering_pending,,
2026-09-10T11:13:05.047,1789002785,fuzzy,False,-37.91339986,145.1287149,1445.7807301641442,1071.1067456481978,1445.7807301641442,1071.1067456481978,1445.7825,1071.1071,1447.3034,1085.241,-725249377#2,72.30569033364252,10.0,0,0.036800047382712364,7.063,6.936,,2.43,True,0,,False,1494.68,1124.37,-37.91292889502392,145.12928306004886,72.30569033364252,72.30569033364252,short=0.000 small=0.000 angle_diff=92.203 mode=entering_pending,,
2026-09-10T11:13:09.123,1789002789,fuzzy,False,-37.91360087,145.128781,1452.0394960198319,1048.9183145891875,1452.0394960198319,1048.9183145891875,1452.0413,1048.9187,1444.0848,1058.4659,1470433046#1,81.3880731805042,12.06227921184238,0,0.03359996480867267,5.78,6.321,,2.2,True,0,,False,1493.91,1118.71,-37.91297974232636,145.129273013273,81.3880731805042,81.3880731805042,short=0.000 small=0.052 angle_diff=62.938 mode=confirmed,,
2026-09-10T11:13:13.198,1789002793,fuzzy,False,-37.91362591,145.1290064,1471.910594708519,1046.5375220254064,1471.910594708519,1046.5375220254064,1471.908,1046.5379,1462.4795,1046.8128,1470433046#1,75.45091391210615,50.0,0,0.021099986042827368,4.728,4.976,,2.13,True,0,,False,1493.91,1118.71,-37.91297974232636,145.129273013273,75.45091391210615,75.45091391210615,short=0.000 small=1.000 angle_diff=4.478 mode=entering_pending,,
2026-09-10T11:13:17.274,1789002797,fuzzy,False,-37.91365192,145.1292407,1492.5662543004146,1044.0647488813847,1492.5662543004146,1044.0647488813847,1492.5657,1044.0646,1481.2166,1043.9639,1470433046#2,74.22929919237018,50.0,0,0.019499973859637976,5.501,4.838,,2.09,True,0,,False,1501.8066323287471,1117.716661772252,-37.912990118145466,145.12936257415353,74.22929919237018,74.22929919237018,short=0.000 small=1.000 angle_diff=0.324 mode=confirmed,,
2026-09-10T11:13:21.321,1789002802,fuzzy,False,-37.91369232,145.1295618,1520.8846789167728,1040.1482653263956,1520.8846789167728,1040.1482653263956,1520.8828,1040.1479,1503.8422,1040.8208,1470433046#2,74.59012109558101,50.0,0,0.010599964298307896,5.258,5.726,,2.12,True,0,,False,1530.1699735861466,1114.1581934979345,-37.91302730078166,145.12968426377057,74.59012109558101,74.59012109558101,short=0.000 small=1.000 angle_diff=0.723 mode=following,,
2026-09-10T11:13:25.383,1789002806,fuzzy,False,-37.91372781,145.1297511,1537.6053831346799,1036.5440448923036,1537.6053831346799,1036.5440448923036,1537.6064,1036.5439,1530.8535,1037.1407,1470433046#2,76.0848422203257,50.0,0,0.010399962775409222,3.644,4.662,,2.09,True,0,,False,1547.0767470299504,1112.0370676272241,-37.91304946413123,145.12987601615558,76.0848422203257,76.0848422203257,short=0.000 small=1.000 angle_diff=5.013 mode=following,,
2026-09-10T11:13:29.447,1789002810,fuzzy,False,-37.91390565,145.1297756,1540.1551747717313,1016.8532341755927,1540.1551747717313,1016.8532341755927,1540.1524,1016.8532,1542.641,1029.1198,1470433046#2,95.30508075902613,10.0,0,0.010299962013959885,5.738,4.171,,2.15,True,0,,False,1552.0191554884545,1111.4169924555897,-37.91305594315206,145.1299320717372,95.30508075902613,95.30508075902613,short=0.000 small=0.000 angle_diff=75.471 mode=following,,
2026-09-10T11:13:33.520,1789002814,fuzzy,False,-37.91414286,145.1297322,1536.867974193825,990.4546557944268,1536.867974193825,990.4546557944268,1536.8716,990.4545,1539.3133,1003.5652,1470433046#2,121.90752471110564,10.0,0,0.013700046110898256,6.647,6.515,,3.12,True,0,,False,1552.0435399756004,1111.4139331748404,-37.913055975117715,145.12993234830006,121.90752471110564,121.90752471110564,short=0.000 small=0.000 angle_diff=89.947 mode=following,,
2026-09-10T11:13:37.590,1789002818,fuzzy,False,-37.91436913,145.1296823,1532.9850210599834,965.2585662314668,1532.9850210599834,965.2585662314668,1532.9855,965.259,1536.0605,976.9218,1470433046#2,147.39099510737537,10.0,0,0.010399962775409222,6.018,6.712,,5.37,True,0,,False,1551.3328773321366,1111.5030929972872,-37.913055043509154,145.12992428813843,147.39099510737537,147.39099510737537,short=0.000 small=0.000 angle_diff=91.610 mode=following,,
2026-09-10T11:13:41.657,1789002822,fuzzy,False,-37.91453851,145.1296554,1530.9973675226793,946.4158494984731,1530.9973675226793,946.4158494984731,1530.9949,946.4157,1533.2407,955.877,1470433046#2,166.33457691158463,10.0,0,0.010000017937272787,4.832,4.863,,5.78,True,0,,False,1551.7034012124568,1111.4566070257993,-37.913055529229446,145.1299284905295,166.33457691158463,166.33457691158463,short=0.000 small=0.000 angle_diff=88.871 mode=following,,
2026-09-10T11:13:45.727,1789002826,fuzzy,False,-37.91469299,145.1296257,1528.730399124208,929.2215717695653,1528.730399124208,929.2215717695653,1528.7296,929.2213,1530.6235,936.061,1470433046#2,183.6773122532565,10.0,0,0.010100018698722124,3.552,5.043,,5.13,True,0,,False,1551.5953300735039,1111.4701656441525,-37.913055387558856,145.12992726481312,183.6773122532565,183.6773122532565,short=0.000 small=0.000 angle_diff=90.360 mode=following,,
2026-09-10T11:13:55.923,1789002836,fuzzy,False,-37.91480773,145.1297863,1543.1042968301335,916.7727357689291,1543.1042968301335,916.7727357689291,1543.1023,916.7732,1529.4079,920.6973,1470433046#2,194.26374466040636,41.25603927839231,0,0.025900022592395544,3.894,2.239,,3.78,True,0,,False,1564.27,1109.88,-37.913072002713626,145.13007101785078,194.26374466040636,194.26374466040636,short=0.000 small=0.781 angle_diff=33.744 mode=entering_pending,,
2026-09-10T11:13:59.978,1789002840,fuzzy,False,-37.91482579,145.1300133,1563.1001574634574,915.1690915776417,1563.1001574634574,915.1690915776417,1563.1038,915.1692,1552.5563,916.2127,1470433046#3,193.07406684971085,50.0,0,0.02069998299703002,5.271,4.84,,3.45,True,0,,False,1583.71,1107.14,-37.91310019813642,145.13029143310052,193.07406684971085,193.07406684971085,short=0.000 small=1.000 angle_diff=3.708 mode=confirmed,,
2026-09-10T11:14:04.023,1789002844,fuzzy,False,-37.91481665,145.1302638,1585.1013547416078,916.6250905906782,1585.1013547416078,916.6250905906782,1585.0992,916.6255,1573.1066,913.8136,1470433046#3,190.51998996236364,50.0,0,0.05400000372901559,5.627,5.179,,3.5,True,0,,False,1583.71,1107.14,-37.91310019813642,145.13029143310052,190.51998996236364,190.51998996236364,short=0.000 small=1.000 angle_diff=12.080 mode=entering_pending,,
2026-09-10T11:14:08.099,1789002848,fuzzy,False,-37.91483965,145.1305248,1608.0971473159152,914.533126858063,1608.0971473159152,914.533126858063,1608.0978,914.5333,1596.2883,913.1107,1360476884,187.38814169073726,50.0,0,0.043700041715055704,5.675,5.659,,3.66,True,0,,False,1624.86,1101.17,-37.913161411861964,145.1307579632248,187.38814169073726,187.38814169073726,short=0.000 small=1.000 angle_diff=5.048 mode=confirmed,,
2026-09-10T11:14:12.177,1789002852,fuzzy,False,-37.91487065,145.1308049,1632.7898138247547,911.5870511345565,1632.7898138247547,911.5870511345565,1632.7903,911.5874,1620.1273,910.1799,1360476884,189.7487192257504,50.0,0,0.023800006601959467,6.147,6.123,,3.84,True,0,,False,1624.86,1101.17,-37.913161411861964,145.1307579632248,189.7487192257504,189.7487192257504,short=0.000 small=1.000 angle_diff=3.442 mode=confirmed,,
2026-09-10T11:14:16.242,1789002856,fuzzy,False,-37.91490605,145.1310839,1657.3955473083188,908.1507163606584,1657.3955473083188,908.1507163606584,1657.3944,908.1507,1644.8981,907.1345,1360476884,195.74219191399817,50.0,0,0.02600002335384488,6.19,6.236,,3.82,True,0,,False,1624.86,1101.17,-37.913161411861964,145.1307579632248,195.74219191399817,195.74219191399817,short=0.000 small=1.000 angle_diff=2.296 mode=confirmed,,
2026-09-10T11:14:20.318,1789002860,fuzzy,False,-37.91493298,145.1313641,1682.08790592046,905.6562973391265,1682.08790592046,905.6562973391265,1682.0906,905.656,1669.5065,904.3116,1360476884,203.71706149511758,50.0,0,0.021899992134422064,6.241,6.156,,3.91,True,0,,False,1624.86,1101.17,-37.913161411861964,145.1307579632248,203.71706149511758,203.71706149511758,short=0.000 small=1.000 angle_diff=4.478 mode=confirmed,,
2026-09-10T11:14:22.355,1789002863,fuzzy,False,-37.91500275,145.1315679,1700.1592016597278,898.2734292047098,1700.1592016597278,898.2734292047098,1700.1604,898.2735,1682.4901,904.417,1360476884,216.41854867612574,50.0,0,0.027900037821382284,6.321,6.241,,8.32,True,0,,False,1624.86,1101.17,-37.913161411861964,145.1307579632248,216.41854867612574,216.41854867612574,short=0.000 small=1.000 angle_diff=11.976 mode=entering_pending,,
2026-09-10T11:14:26.431,1789002867,fuzzy,False,-37.91503922,145.1318545,1725.4353529459331,894.731552763842,1725.4353529459331,894.731552763842,1725.4389,894.7319,1712.1656,896.5378,1360476884,229.63500194324698,50.0,0,0.027300033252686262,6.588,6.106,,8.03,True,0,,False,1624.86,1101.17,-37.913161411861964,145.1307579632248,229.63500194324698,229.63500194324698,short=0.000 small=1.000 angle_diff=2.269 mode=confirmed,,
2026-09-10T11:14:30.510,1789002871,fuzzy,False,-37.9150792,145.1321567,1752.0906799626537,890.827594153583,1752.0906799626537,890.827594153583,1752.0871,890.8277,1739.1768,892.8574,1360476884,245.82834177738343,50.0,0,0.023900007363408804,6.707,6.944,,6.52,True,0,,False,1624.86,1101.17,-37.913161411861964,145.1307579632248,245.82834177738343,245.82834177738343,short=0.000 small=1.000 angle_diff=1.914 mode=confirmed,,
2026-09-10T11:14:34.594,1789002875,fuzzy,False,-37.91511867,145.1324465,1777.65475958772,886.9583004182205,1777.65475958772,886.9583004182205,1777.6516,886.9583,1764.8384,889.3609,1360476884,263.1214373539028,50.0,0,0.02080004196614027,6.442,6.387,,3.78,True,0,,False,1624.86,1101.17,-37.913161411861964,145.1307579632248,263.1214373539028,263.1214373539028,short=0.000 small=1.000 angle_diff=1.639 mode=confirmed,,
2026-09-10T11:14:38.674,1789002879,fuzzy,False,-37.91516006,145.1327474,1804.1988792717457,882.8954234281555,1804.1988792717457,882.8954234281555,1804.1996,882.8951,1790.9332,884.8953,1360476884,282.49995468329524,50.0,0,0.021299987565726042,6.578,6.651,,3.43,True,0,,False,1624.86,1101.17,-37.913161411861964,145.1307579632248,282.49995468329524,282.49995468329524,short=0.000 small=1.000 angle_diff=1.544 mode=confirmed,,
2026-09-10T11:14:42.722,1789002883,fuzzy,False,-37.91520093,145.1330483,1830.7418124665273,878.8901631394401,1830.7418124665273,878.8901631394401,1830.7407,878.8899,1816.7836,881.0516,1360476884,302.9779638509367,50.0,0,0.022000051103532314,7.003,6.52,,3.51,True,0,,False,1624.86,1101.17,-37.913161411861964,145.1307579632248,302.9779638509367,302.9779638509367,short=0.000 small=1.000 angle_diff=1.665 mode=confirmed,,
2026-09-10T11:14:46.780,1789002887,fuzzy,False,-37.91524203,145.1333569,1857.962132000248,874.8728520609438,1857.962132000248,874.8728520609438,1857.959,874.8727,1844.3817,876.9461,1360476884,324.8799826219094,50.0,0,0.021600048057734966,7.035,6.938,,3.57,True,0,,False,1624.86,1101.17,-37.913161411861964,145.1307579632248,324.8799826219094,324.8799826219094,short=0.000 small=1.000 angle_diff=1.851 mode=confirmed,,
2026-09-10T11:14:50.837,1789002891,fuzzy,False,-37.91528443,145.1336803,1886.4863731263904,870.7372486982495,1886.4863731263904,870.7372486982495,1886.4894,870.7375,1872.4041,872.7826,1360476884,348.636790926838,50.0,0,0.02220005262643099,7.23,7.241,,6.1,True,0,,False,1624.86,1101.17,-37.913161411861964,145.1307579632248,348.636790926838,348.636790926838,short=0.000 small=1.000 angle_diff=1.996 mode=confirmed,,
2026-09-10T11:14:54.898,1789002895,fuzzy,False,-37.91532473,145.1339939,1914.144400075893,866.8173260381445,1914.144400075893,866.8173260381445,1914.1438,866.8172,1900.2092,868.6514,1360476884,372.2991269400737,50.0,0,0.021400046534836292,6.995,7.079,,3.83,True,0,,False,1624.86,1101.17,-37.913161411861964,145.1307579632248,372.2991269400737,372.2991269400737,short=0.000 small=1.000 angle_diff=2.179 mode=confirmed,,
2026-09-10T11:14:58.977,1789002899,fuzzy,False,-37.91530064,145.1343133,1942.169252472464,870.0525544108823,1942.169252472464,870.0525544108823,1942.17,870.0529,1928.0089,865.1862,1360476884,392.5562830477596,50.0,0,0.0219999928958714,6.695,6.96,,2.78,True,0,,False,1624.86,1101.17,-37.913161411861964,145.1307579632248,392.5562830477596,392.5562830477596,short=0.000 small=1.000 angle_diff=16.831 mode=confirmed,,
2026-09-10T11:15:03.057,1789002903,fuzzy,False,-37.91521102,145.134568,1964.360829511308,880.4453915683553,1964.360829511308,880.4453915683553,1964.364,880.4458,1954.704,875.4643,1360476884,404.94464560748213,39.65916630857744,0,0.02239999594166875,5.932,6.061,,2.34,True,0,,False,1624.86,1101.17,-37.913161411861964,145.1307579632248,404.94464560748213,404.94464560748213,short=0.000 small=0.741 angle_diff=35.341 mode=confirmed,,
2026-09-10T11:15:07.127,1789002907,fuzzy,False,-37.91500731,145.1347309,1978.2289764134912,903.3366686599329,1978.2289764134912,903.3366686599329,1978.2326,903.3364,1974.7557,889.4029,1360476884,404.978592620187,10.0,0,0.02570002106949687,6.565,6.467,,2.18,True,0,,False,1624.86,1101.17,-37.913161411861964,145.1307579632248,404.978592620187,404.978592620187,short=0.000 small=0.000 angle_diff=69.037 mode=entering_pending,,
2026-09-10T11:15:11.178,1789002911,fuzzy,False,-37.91479097,145.1348145,1985.0978708844632,927.4899076353759,1985.0978708844632,927.4899076353759,1985.0935,927.4903,1981.64,916.0592,1470433048,369.79394238907446,10.0,0,0.021299987565726042,6.029,6.515,,2.09,True,0,,False,1655.73,1095.61,-37.91321707371461,145.13110769986784,369.79394238907446,369.79394238907446,short=0.000 small=0.000 angle_diff=117.335 mode=confirmed,,
2026-09-10T11:15:15.251,1789002915,fuzzy,False,-37.9145978,145.134879,1990.339165820973,949.038480926305,1990.339165820973,949.038480926305,1990.3354,949.0379,1988.073,937.9145,1470433048,365.30330419389566,10.0,0,0.03809999907389283,5.696,5.564,,2.06,True,0,,False,1655.73,1095.61,-37.91321707371461,145.13110769986784,365.30330419389566,365.30330419389566,short=0.000 small=0.000 angle_diff=119.539 mode=entering_pending,,
2026-09-10T11:15:19.323,1789002919,fuzzy,False,-37.91439834,145.1348996,1991.7072422259953,971.2077961796895,1991.7072422259953,971.2077961796895,1991.7108,971.2079,1986.9757,960.4751,-45897759#2,341.27357470329486,10.0,0,0.03029999788850546,5.237,5.831,,2.01,True,0,,False,1672.78,1092.67,-37.91324663723783,145.13130089514726,341.27357470329486,341.27357470329486,short=0.000 small=0.000 angle_diff=95.336 mode=confirmed,,
2026-09-10T11:15:23.400,1789002924,fuzzy,False,-37.91442697,145.1351963,2017.8539356972906,968.5527473241091,2017.8539356972906,968.5527473241091,2017.8541,968.5525,2006.3065,975.6068,-45897759#2,366.71666652802793,50.0,0,0.026899971999228,6.027,4.93,,2.01,True,0,,False,1672.78,1092.67,-37.91324663723783,145.13130089514726,366.71666652802793,366.71666652802793,short=0.000 small=1.000 angle_diff=3.069 mode=confirmed,,
2026-09-10T11:15:27.451,1789002928,fuzzy,False,-37.91448365,145.1354897,2043.7727649753797,962.7792446445674,2043.7727649753797,962.7792446445674,2043.7767,962.7789,2029.9739,964.3857,-45897759#2,393.0740896966909,50.0,0,0.024500011932104826,6.873,6.168,,2.0,True,0,,False,1672.78,1092.67,-37.91324663723783,145.13130089514726,393.0740896966909,393.0740896966909,short=0.000 small=1.000 angle_diff=3.691 mode=confirmed,,
2026-09-10T11:15:31.500,1789002932,fuzzy,False,-37.91452732,145.1358309,2073.864808305283,958.5333589464426,2073.864808305283,958.5333589464426,2073.8621,958.5337,2059.9912,961.0589,-45897759#2,422.9203966781652,50.0,0,0.023800006601959467,7.593,7.43,,2.0,True,0,,False,1672.78,1092.67,-37.91324663723783,145.13130089514726,422.9203966781652,422.9203966781652,short=0.000 small=1.000 angle_diff=0.836 mode=confirmed,,
2026-09-10T11:15:35.553,1789002936,fuzzy,False,-37.91457125,145.1361781,2104.484855159768,954.2690601758659,2104.484855159768,954.2690601758659,2104.4883,954.2687,2090.307,956.6327,,,,0,1.6956999897956848,7.664,7.751,,3.34,False,,,False,,,,,,,,,no_match
2026-09-10T11:15:39.610,1789002940,fuzzy,False,-37.91460415,145.1364187,2125.7091315541184,951.0412311879918,2125.7091315541184,951.0412311879918,2125.7095,951.0417,2116.8844,952.224,,,,0,0.7510000141337514,4.682,6.347,,2.99,False,,,False,,,,,,,,,no_match
2026-09-10T11:15:45.714,1789002946,fuzzy,False,-37.91448689,145.1365876,2140.297092192108,964.3498376784846,2140.297092192108,964.3498376784846,2140.2992,964.3499,2137.053,954.5584,,,,0,0.6534000276587903,4.615,3.359,,3.25,False,,,False,,,,,,,,,no_match
2026-09-10T11:15:49.760,1789002950,fuzzy,False,-37.91429204,145.136628,2143.416440633533,986.0423632161692,2143.416440633533,986.0423632161692,2143.4124,986.0427,2141.1022,975.3026,,,,0,0.6007999763824046,5.437,5.361,,3.37,False,,,False,,,,,,,,,no_match
2026-09-10T11:15:53.822,1789002954,fuzzy,False,-37.91408497,145.1366831,2147.800996345177,1009.1167119611055,2147.800996345177,1009.1167119611055,2147.8052,1009.1167,2145.875,997.5074,,,,0,0.6521999603137374,5.865,5.808,,3.45,False,,,False,,,,,,,,,no_match
2026-09-10T11:15:57.866,1789002958,fuzzy,False,-37.91389341,145.1367446,2152.782618137193,1030.4812372541055,2152.782618137193,1030.4812372541055,2152.7823,1030.4818,2150.8807,1020.7561,,,,0,0.6146999658085406,4.945,5.956,,3.54,False,,,False,,,,,,,,,no_match
2026-09-10T11:16:01.940,1789002962,fuzzy,False,-37.9137548,145.1368011,2157.442159980128,1045.961377395317,2157.442159980128,1045.961377395317,2157.4425,1045.9611,2154.6299,1039.001,,,,0,0.5975000094622374,3.937,4.217,,3.58,False,,,False,,,,,,,,,no_match
2026-09-10T11:16:08.006,1789002968,fuzzy,False,-37.91354374,145.1368144,2158.143236233329,1069.4050115970895,2158.143236233329,1069.4050115970895,2158.1433,1069.4047,2158.2634,1059.3592,,,,0,0.6684000254608691,4.784,3.404,,3.73,False,,,False,,,,,,,,,no_match
2026-09-10T11:16:12.082,1789002972,fuzzy,False,-37.91335199,145.1368339,2159.43220640457,1090.7168066175655,2159.43220640457,1090.7168066175655,2159.4317,1090.7172,2157.1914,1080.2091,,,,0,0.671599991619587,5.276,5.108,,4.09,False,,,False,,,,,,,,,no_match
2026-09-10T11:16:18.191,1789002978,fuzzy,False,-37.91318598,145.1368825,2163.3365244021406,1109.2234976654872,2163.3365244021406,1109.2234976654872,2163.3337,1109.2237,2160.1958,1105.7577,,,,0,0.6569999968633056,2.348,3.075,,4.35,False,,,False,,,,,,,,,no_match
2026-09-10T11:16:24.307,1789002984,fuzzy,False,-37.91302047,145.1369802,2171.5584715540754,1127.7609779788181,2171.5584715540754,1127.7609779788181,2171.5594,1127.7615,2167.659,1118.4433,,,,0,0.7596000214107335,4.732,3.474,,4.59,False,,,False,,,,,,,,,no_match
2026-09-10T11:16:26.331,1789002987,fuzzy,False,-37.91288549,145.1370614,2178.3976081068395,1142.8816982014105,2178.3976081068395,1142.8816982014105,2178.3952,1142.8814,2170.5047,1128.0732,,,,0,0.6379999686032534,5.583,4.732,,4.75,False,,,False,,,,,,,,,no_match
2026-09-10T11:16:30.389,1789002991,fuzzy,False,-37.91267671,145.1371537,2186.0489422114915,1166.211125335656,2186.0489422114915,1166.211125335656,2186.0507,1166.2107,2185.5341,1153.6442,,,,0,0.6140000186860561,6.279,5.994,,4.72,False,,,False,,,,,,,,,no_match
2026-09-10T11:16:34.443,1789002995,fuzzy,False,-37.91246505,145.1372386,2193.04338115477,1189.8471214342862,2193.04338115477,1189.8471214342862,2193.0445,1189.847,2187.8958,1178.89,,,,0,0.5988000193610787,5.909,6.314,,4.77,False,,,False,,,,,,,,,no_match
2026-09-10T11:16:38.491,1789002999,fuzzy,False,-37.91226741,145.1373101,2198.890914696036,1211.9038405381143,2198.890914696036,1211.9038405381143,2198.8932,1211.9043,2197.7147,1200.9473,,,,0,0.671899993903935,5.206,5.944,,5.03,False,,,False,,,,,,,,,no_match
2026-09-10T11:16:42.575,1789003003,fuzzy,False,-37.91210553,145.1373952,2206.013398872805,1230.0163394510746,2206.013398872805,1230.0163394510746,2206.0158,1230.0166,2204.548,1218.9232,,,,0,0.5986000178381801,5.314,4.558,,4.79,False,,,False,,,,,,,,,no_match
2026-09-10T11:16:46.635,1789003007,fuzzy,False,-37.91190733,145.1374746,2212.554280218552,1252.149063535966,2212.554280218552,1252.149063535966,2212.5573,1252.1493,2211.28,1240.2948,,,,0,0.679599994327873,5.633,5.572,,4.7,False,,,False,,,,,,,,,no_match
2026-09-10T11:16:50.705,1789003011,fuzzy,False,-37.91172515,145.1375549,2219.2098414319917,1272.5057035991922,2219.2098414319917,1272.5057035991922,2219.2088,1272.5054,2217.6924,1262.2828,,,,0,0.6476000417023897,5.136,5.467,,4.67,False,,,False,,,,,,,,,no_match
2026-09-10T11:16:54.770,1789003015,fuzzy,False,-37.91154249,145.1375905,2221.934611574572,1292.8370851250365,2221.934611574572,1292.8370851250365,2221.9317,1292.837,2222.2685,1283.15,,,,0,0.665100000333041,4.682,5.331,,4.74,False,,,False,,,,,,,,,no_match
2026-09-10T11:17:04.963,1789003025,fuzzy,False,-37.91174897,145.1375519,2218.9989109487506,1269.857249907218,2218.9989109487506,1269.857249907218,2218.9989,1269.8572,2223.7493,1280.4204,,,,0,0.6401000428013504,5.462,4.381,,4.65,False,,,False,,,,,,,,,no_match
2026-09-10T11:17:09.046,1789003029,fuzzy,False,-37.91191202,145.1372751,2195.025889440323,1251.2781746890396,2195.025889440323,1251.2781746890396,2195.0292,1251.278,2218.475,1257.587,,,,0,0.5815000040456653,6.107,5.891,,19.14,False,,,False,,,,,,,,,no_match
2026-09-10T11:17:13.117,1789003033,fuzzy,False,-37.9120798,145.1372121,2189.859379756148,1232.5498005431145,2189.859379756148,1232.5498005431145,2189.8565,1232.5493,2200.5485,1238.7232,,,,0,0.6871000514365733,4.379,5.485,,20.18,False,,,False,,,,,,,,,no_match
2026-09-10T11:17:17.171,1789003037,fuzzy,False,-37.91222878,145.1373532,2202.5943215102307,1216.266131487675,2202.5943215102307,1216.266131487675,2202.5915,1216.2662,2198.364,1224.7212,,,,0,0.8339000050909817,3.074,3.668,,4.38,False,,,False,,,,,,,,,no_match
2026-09-10T11:17:25.314,1789003045,fuzzy,False,-37.91204765,145.1372977,2197.313488099491,1236.267706796527,2197.313488099491,1236.267706796527,2197.3169,1236.2682,2196.6995,1227.8634,,,,0,0.7377999718300998,4.206,3.393,,4.29,False,,,False,,,,,,,,,no_match
2026-09-10T11:17:29.402,1789003050,fuzzy,False,-37.91185142,145.1373794,2204.0609224210493,1258.1858777711168,2204.0609224210493,1258.1858777711168,2204.0645,1258.1859,2201.6613,1249.0093,,,,0,0.6709999870508909,4.64,4.462,,4.23,False,,,False,,,,,,,,,no_match
2026-09-10T11:17:35.492,1789003056,fuzzy,False,-37.91163337,145.1374264,2207.7093993872404,1282.4643401661888,2207.7093993872404,1282.4643401661888,2207.7133,1282.4643,2208.2895,1271.8076,,,,0,0.7321999873965979,4.789,3.593,,4.32,False,,,False,,,,,,,,,no_match
2026-09-10T11:17:39.548,1789003060,fuzzy,False,-37.91148798,145.1374263,2207.378243017185,1298.597352148965,2207.378243017185,1298.597352148965,2207.3809,1298.597,2213.7373,1290.9027,,,,0,0.5997999687679112,3.301,4.687,,4.64,False,,,False,,,,,,,,,no_match
2026-09-10T11:17:47.650,1789003068,fuzzy,False,-37.91138663,145.1372871,2194.9158474408905,1309.5991100165993,2194.9158474408905,1309.5991100165993,2194.9182,1309.5987,2198.282,1307.827,,,,0,0.7453000289388001,2.011,2.482,,4.51,False,,,False,,,,,,,,,no_match
2026-09-10T11:17:57.825,1789003078,fuzzy,False,-37.91134464,145.1370774,2176.387087056297,1313.8901082389057,2176.387087056297,1313.8901082389057,2176.3888,1313.8903,2183.3627,1309.1981,,,,0,0.6364999571815133,4.036,2.259,,4.29,False,,,False,,,,,,,,,no_match
2026-09-10T11:18:01.902,1789003082,fuzzy,False,-37.91130627,145.1368718,2158.226783299935,1317.7865766398609,2158.226783299935,1317.7865766398609,2158.2283,1317.7862,2167.7124,1316.8964,,,,0,0.6304000271484256,4.657,4.673,,4.14,False,,,False,,,,,,,,,no_match
2026-09-10T11:18:05.951,1789003086,fuzzy,False,-37.91127395,145.1366921,2142.3568655740237,1321.057183144614,2142.3568655740237,1321.057183144614,2142.357,1321.0569,2149.4315,1318.6005,,,,0,0.6626999820582569,3.742,4.401,,4.08,False,,,False,,,,,,,,,no_match
2026-09-10T11:18:12.052,1789003092,fuzzy,False,-37.91115708,145.1365258,2127.4774314151146,1333.7333933636546,2127.4774314151146,1333.7333933636546,2127.4801,1333.7334,2131.2306,1324.8053,,,,0,0.6222999654710293,4.503,3.283,,4.07,False,,,False,,,,,,,,,no_match
2026-09-10T11:18:16.106,1789003096,fuzzy,False,-37.91093089,145.1365584,2129.841702457983,1358.8898404296488,2129.841702457983,1358.8898404296488,2129.8449,1358.8904,2128.812,1346.1144,,,,0,0.5924000288359821,6.357,5.813,,4.09,False,,,False,,,,,,,,,no_match
2026-09-10T11:18:20.184,1789003100,fuzzy,False,-37.9107039,145.1366066,2133.5756958840648,1384.162473113276,2133.5756958840648,1384.162473113276,2133.5728,1384.1629,2132.4604,1371.5106,,,,0,0.5816000048071146,6.279,6.412,,3.93,False,,,False,,,,,,,,,no_match
2026-09-10T11:18:24.250,1789003104,fuzzy,False,-37.91049437,145.1366436,2136.3637932935962,1407.4779726825655,2136.3637932935962,1407.4779726825655,2136.3599,1407.4778,2136.0101,1396.197,,,,0,0.6351000047288835,5.598,6.209,,4.11,False,,,False,,,,,,,,,no_match
2026-09-10T11:18:28.329,1789003108,fuzzy,False,-37.91039415,145.1368098,2150.7530574504635,1418.8909376459196,2150.7530574504635,1418.8909376459196,2150.7514,1418.8907,2140.3501,1416.5415,,,,0,0.6354000070132315,4.968,4.905,,4.05,False,,,False,,,,,,,,,no_match
2026-09-10T11:18:30.359,1789003111,fuzzy,False,-37.9103919,145.1370249,2169.6587016338017,1419.5185645483434,2169.6587016338017,1419.5185645483434,2169.6619,1419.5186,2150.6417,1417.765,,,,0,0.6021999870426953,6.228,0.0,,4.0,False,,,False,,,,,,,,,no_match
2026-09-10T11:18:34.434,1789003115,fuzzy,False,-37.91038367,145.1373464,2197.9053012342774,1420.9966372838244,2197.9053012342774,1420.9966372838244,2197.9029,1420.9968,2183.3423,1421.6277,,,,0,0.6643999950028956,7.2,6.782,,4.19,False,,,False,,,,,,,,,no_match
2026-09-10T11:18:38.501,1789003119,fuzzy,False,-37.91040063,145.1376218,2222.1548435922596,1419.598435533233,2222.1548435922596,1419.598435533233,2222.1518,1419.5988,2210.894,1418.9248,,,,0,0.6041000015102327,5.75,6.544,,3.6,False,,,False,,,,,,,,,no_match
2026-09-10T11:18:42.574,1789003123,fuzzy,False,-37.9103211,145.1378638,2243.2541102661053,1428.8485061228275,2243.2541102661053,1428.8485061228275,2243.2528,1428.8485,2233.8948,1421.0889,,,,0,0.6263999966904521,5.903,5.646,,3.02,False,,,False,,,,,,,,,no_match
2026-09-10T11:18:46.649,1789003127,fuzzy,False,-37.91019201,145.1380918,2263.0127584846923,1443.5733558163047,2263.0127584846923,1443.5733558163047,2263.011,1443.573,2253.7651,1435.614,,,,0,0.637899967841804,6.059,6.219,,2.69,False,,,False,,,,,,,,,no_match
2026-09-10T11:18:50.710,1789003131,fuzzy,False,-37.91010712,145.1382871,2279.9945798805566,1453.3360933270305,2279.9945798805566,1453.3360933270305,2279.9978,1453.3359,2272.4813,1448.5811,,,,0,0.7356000132858753,4.592,5.423,,2.21,False,,,False,,,,,,,,,no_match
2026-09-10T11:18:56.814,1789003137,fuzzy,False,-37.91001599,145.1384705,2295.916413283092,1463.7703228304163,2295.916413283092,1463.7703228304163,2295.9199,1463.7705,2294.25,1456.059,,,,0,0.7067000260576606,3.052,3.413,,2.09,False,,,False,,,,,,,,,no_match
2026-09-10T11:19:02.928,1789003143,fuzzy,False,-37.90990074,145.138614,2308.2769909863127,1476.810948307626,2308.2769909863127,1476.810948307626,2308.2776,1476.8106,2309.7219,1469.538,,,,0,0.7095999899320304,2.704,3.291,,2.07,False,,,False,,,,,,,,,no_match
2026-09-10T11:19:06.998,1789003147,fuzzy,False,-37.90977808,145.1384862,2296.7695100920973,1490.1975364536047,2296.7695100920973,1490.1975364536047,2296.771,1490.1976,2301.4613,1482.8218,,,,0,0.7998999790288508,4.323,3.917,,2.06,False,,,False,,,,,,,,,no_match
2026-09-10T11:19:11.043,1789003151,fuzzy,False,-37.90963069,145.1384246,2291.0272579728044,1506.444498614408,2291.0272579728044,1506.444498614408,2291.0262,1506.4442,2292.507,1498.2213,,,,0,0.8245999924838543,4.299,4.611,,2.05,False,,,False,,,,,,,,,no_match
2026-09-10T11:19:15.074,1789003155,fuzzy,False,-37.90945818,145.1384667,2294.3462746206205,1525.6609592214227,2294.3462746206205,1525.6609592214227,2294.3487,1525.6611,2293.6713,1515.5387,,,,0,0.7515999604947865,4.958,4.607,,2.04,False,,,False,,,,,,,,,no_match
2026-09-10T11:19:19.143,1789003159,fuzzy,False,-37.9092812,145.1384565,2293.0573538405006,1545.2816112712026,2293.0573538405006,1545.2816112712026,2293.0598,1545.2814,2294.8161,1535.3028,,,,0,0.6500000017695129,5.15,4.772,,2.03,False,,,False,,,,,,,,,no_match
2026-09-10T11:19:23.202,1789003163,fuzzy,False,-37.90908129,145.1383568,2283.849039911118,1567.2895519658923,2283.849039911118,1567.2895519658923,2283.8497,1567.2897,2286.8563,1555.3719,,,,0,0.671899993903935,6.03,5.748,,2.03,False,,,False,,,,,,,,,no_match
2026-09-10T11:19:27.274,1789003167,fuzzy,False,-37.90888206,145.1384091,2288.00562150951,1589.4889022009447,2288.00562150951,1589.4889022009447,2288.0098,1589.4886,2283.4242,1578.9584,,,,0,0.5822000093758106,5.746,5.826,,2.02,False,,,False,,,,,,,,,no_match
2026-09-10T11:19:31.355,1789003172,fuzzy,False,-37.90865127,145.1385842,2302.8885788136977,1615.4058837685734,2302.8885788136977,1615.4058837685734,2302.8895,1615.4064,2291.7477,1601.1164,,,,0,0.5991000216454268,5.883,5.819,,2.02,False,,,False,,,,,,,,,no_match
2026-09-10T11:19:35.412,1789003176,fuzzy,False,-37.90851555,145.1387505,2317.2085859890794,1630.7579604825005,2317.2085859890794,1630.7579604825005,2317.2066,1630.758,2310.8808,1622.8612,,,,0,0.6397999823093414,5.064,5.419,,2.01,False,,,False,,,,,,,,,no_match
2026-09-10T11:19:39.492,1789003180,fuzzy,False,-37.90839376,145.138909,2330.8737471201457,1644.550579429604,2330.8737471201457,1644.550579429604,2330.8759,1644.5504,2324.7162,1637.8742,,,,0,0.6647999980486929,4.663,5.045,,2.02,False,,,False,,,,,,,,,no_match
2026-09-10T11:19:43.565,1789003184,fuzzy,False,-37.9082956,145.1390466,2342.753811431583,1655.6843941519037,2342.753811431583,1655.6843941519037,2342.7542,1655.6839,2336.6949,1651.0623,,,,0,0.6700000376440585,3.835,4.444,,2.02,False,,,False,,,,,,,,,no_match
2026-09-10T11:19:49.683,1789003190,fuzzy,False,-37.90813547,145.1388769,2327.4793796770973,1673.1553421178833,2327.4793796770973,1673.1553421178833,2327.4817,1673.1556,2337.0061,1666.7993,,,,0,0.7181999972090125,5.193,4.285,,2.05,False,,,False,,,,,,,,,no_match
2026-09-10T11:19:53.753,1789003194,fuzzy,False,-37.90805319,145.1386823,2310.1881978353485,1681.9439420886338,2310.1881978353485,1681.9439420886338,2310.1909,1681.9439,2321.0022,1679.8716,,,,0,0.6350000039674342,4.599,5.208,,2.05,False,,,False,,,,,,,,,no_match
2026-09-10T11:19:57.818,1789003198,fuzzy,False,-37.90790009,145.1386052,2303.0704784256523,1698.7973118051887,2303.0704784256523,1698.7973118051887,2303.0737,1698.797,2306.7862,1689.3603,,,,0,0.6680000224150717,4.588,3.991,,2.04,False,,,False,,,,,,,,,no_match
2026-09-10T11:20:01.898,1789003202,fuzzy,False,-37.90772029,145.1384638,2290.2403985547717,1718.5005525471643,2290.2403985547717,1718.5005525471643,2290.2435,1718.5002,2296.7701,1707.4069,,,,0,0.6407999899238348,5.978,5.421,,2.03,False,,,False,,,,,,,,,no_match
2026-09-10T11:20:05.966,1789003206,fuzzy,False,-37.90760563,145.1383182,2277.18534896028,1730.9681518496946,2277.18534896028,1730.9681518496946,2277.1818,1730.9685,2282.8327,1724.7321,,,,0,0.6883000023663044,4.307,4.935,,2.02,False,,,False,,,,,,,,,no_match
2026-09-10T11:20:10.039,1789003210,fuzzy,False,-37.90759571,145.1381219,2259.9048933709273,1731.7242507748306,2259.9048933709273,1731.7242507748306,2259.9015,1731.7239,2268.0068,1729.2435,,,,0,0.7123000104911625,4.189,4.325,,2.02,False,,,False,,,,,,,,,no_match
2026-09-10T11:20:24.294,1789003224,fuzzy,False,-37.90746386,145.1379608,2245.4489310539793,1746.0720699038357,2245.4489310539793,1746.0720699038357,2245.4484,1746.0726,2252.6388,1742.0403,,,,0,0.6897000130265951,3.358,0.934,,2.02,False,,,False,,,,,,,,,no_match
2026-09-10T11:20:28.361,1789003229,fuzzy,False,-37.90741715,145.1376664,2219.4620252755703,1750.7382044531405,2219.4620252755703,1750.7382044531405,2219.4604,1750.7381,2230.8117,1749.0708,,,,0,0.6766999722458422,5.616,4.973,,2.18,False,,,False,,,,,,,,,no_match
2026-09-10T11:20:32.414,1789003233,fuzzy,False,-37.9074336,145.1374265,2198.406706960057,1748.4914540946484,2198.406706960057,1748.4914540946484,2198.4108,1748.4912,2208.136,1749.4069,,,,0,0.6785999867133796,4.564,5.795,,2.5,False,,,False,,,,,,,,,no_match
2026-09-10T11:20:40.544,1789003241,fuzzy,False,-37.90744229,145.1372302,2181.1674619233236,1747.1823327587917,2181.1674619233236,1747.1823327587917,2181.1632,1747.1817,2184.2719,1745.4977,,,,0,0.6740999524481595,1.548,2.05,,3.26,False,,,False,,,,,,,,,no_match
2026-09-10T11:20:46.653,1789003247,fuzzy,False,-37.90761376,145.1371555,2174.98011955939,1728.0239575505257,2174.98011955939,1728.0239575505257,2174.9836,1728.0246,2176.721,1736.9011,,,,0,0.6618999759666622,4.333,3.39,,3.47,False,,,False,,,,,,,,,no_match
2026-09-10T11:20:50.731,1789003251,fuzzy,False,-37.90779203,145.1371475,2174.672061439138,1708.228199834004,2174.672061439138,1708.228199834004,2174.6749,1708.2284,2175.1885,1718.4815,,,,0,0.6781999836675823,5.021,4.77,,3.64,False,,,False,,,,,,,,,no_match
2026-09-10T11:20:54.798,1789003255,fuzzy,False,-37.90794951,145.1371449,2174.792668128095,1690.7488877745345,2174.792668128095,1690.7488877745345,2174.794,1690.7493,2175.3028,1698.8978,,,,0,0.8036999497562647,4.186,4.69,,3.76,False,,,False,,,,,,,,,no_match
2026-09-10T11:21:00.898,1789003261,fuzzy,False,-37.90813887,145.137122,2173.1992279656697,1669.6963511444628,2173.1992279656697,1669.6963511444628,2173.2,1669.6962,2173.6812,1675.0906,,,,0,0.889600021764636,2.921,3.73,,4.12,False,,,False,,,,,,,,,no_match
2026-09-10T11:21:11.046,1789003271,fuzzy,False,-37.90795559,145.1370127,2163.1833308822243,1689.8419557744637,2163.1833308822243,1689.8419557744637,2163.1805,1689.8414,2173.4064,1681.1534,,,,0,0.7239999831654131,4.172,3.491,,4.33,False,,,False,,,,,,,,,no_match
2026-09-10T11:21:21.184,1789003281,fuzzy,False,-37.9080844,145.1367897,2143.8631941163912,1675.156740645878,2143.8631941163912,1675.156740645878,2143.8602,1675.1563,2152.8677,1682.7406,,,,0,0.7679999689571559,5.53,4.569,,4.34,False,,,False,,,,,,,,,no_match
2026-09-10T11:21:25.262,1789003285,fuzzy,False,-37.90810962,145.1365158,2119.838313253247,1671.8768738908693,2119.838313253247,1671.8768738908693,2119.8391,1671.8767,2132.6564,1669.0603,,,,0,0.7075000321492553,6.055,5.818,,4.23,False,,,False,,,,,,,,,no_match
2026-09-10T11:21:29.341,1789003289,fuzzy,False,-37.90802943,145.136232,2094.709206078667,1680.2763410946354,2094.709206078667,1680.2763410946354,2094.7059,1680.2768,2108.073,1676.9066,,,,0,0.6613000296056271,6.659,6.391,,4.01,False,,,False,,,,,,,,,no_match
2026-09-10T11:21:31.365,1789003292,fuzzy,False,-37.9079785,145.136015,2075.5179183037253,1685.5463327495381,2075.5179183037253,1685.5463327495381,2075.5149,1685.5459,2095.0452,1681.3198,,,,0,0.6453999667428434,6.499,6.659,,4.65,False,,,False,,,,,,,,,no_match
2026-09-10T11:21:35.439,1789003296,fuzzy,False,-37.90794316,145.1357207,2049.565099434112,1688.9504312239587,2049.565099434112,1688.9504312239587,2049.5628,1688.9502,2062.6851,1686.8282,,,,0,0.7090999861247838,6.541,6.363,,4.01,False,,,False,,,,,,,,,no_match
2026-09-10T11:21:39.516,1789003300,fuzzy,False,-37.90791177,145.1354322,2024.1309489983832,1691.926336184144,2024.1309489983832,1691.926336184144,2024.1351,1691.926,2036.8252,1690.0116,,,,0,0.7465000380761921,6.44,6.408,,3.54,False,,,False,,,,,,,,,no_match
2026-09-10T11:21:43.602,1789003304,fuzzy,False,-37.90788106,145.1351673,2000.7731635177624,1694.8682130109519,2000.7731635177624,1694.8682130109519,2000.7712,1694.8682,2011.9746,1693.1144,,,,0,0.6717999931424856,5.719,6.184,,3.36,False,,,False,,,,,,,,,no_match
2026-09-10T11:21:47.688,1789003308,fuzzy,False,-37.90785275,145.1349202,1978.985637048143,1697.5750178033486,1978.985637048143,1697.5750178033486,1978.9819,1697.5752,1989.9107,1695.747,,,,0,0.6350999465212226,5.628,5.651,,3.77,False,,,False,,,,,,,,,no_match
2026-09-10T11:21:51.743,1789003312,fuzzy,False,-37.90785064,145.1346478,1955.0319253352936,1697.3299771910533,1955.0319253352936,1697.3299771910533,1955.0328,1697.3302,1967.0232,1698.5415,,,,0,0.6656000041402876,5.853,5.933,,3.59,False,,,False,,,,,,,,,no_match
2026-09-10T11:21:55.821,1789003316,fuzzy,False,-37.90782226,145.1344137,1934.3871577330283,1700.0673014819622,1934.3871577330283,1700.0673014819622,1934.3874,1700.0669,1944.899,1701.4376,,,,0,0.7128000142984092,5.244,5.281,,3.7,False,,,False,,,,,,,,,no_match
2026-09-10T11:21:59.874,1789003320,fuzzy,False,-37.90778701,145.1341546,1911.529148763162,1703.522911223583,1911.529148763162,1703.522911223583,1911.5319,1703.5226,1923.1691,1704.0555,,,,0,0.6818000110797584,5.683,5.628,,3.72,False,,,False,,,,,,,,,no_match
2026-09-10T11:22:03.940,1789003324,fuzzy,False,-37.90776125,145.1338971,1888.8328669739421,1705.9282168708742,1888.8328669739421,1705.9282168708742,1888.8355,1705.9283,1900.2057,1706.7159,,,,0,0.701199984177947,5.535,5.752,,3.84,False,,,False,,,,,,,,,no_match
2026-09-10T11:22:08.008,1789003328,fuzzy,False,-37.90772916,145.1336486,1866.913774946006,1709.0517094284296,1866.913774946006,1709.0517094284296,1866.9129,1709.0522,1878.0299,1709.2851,,,,0,0.6186999962665141,5.486,5.528,,3.85,False,,,False,,,,,,,,,no_match
2026-09-10T11:22:12.084,1789003332,fuzzy,False,-37.90770957,145.1334429,1848.7853604147676,1710.8634267011657,1848.7853604147676,1710.8634267011657,1848.7824,1710.8636,1858.1245,1711.6405,,,,0,0.6204000092111528,4.646,4.618,,3.81,False,,,False,,,,,,,,,no_match
2026-09-10T11:22:16.141,1789003336,fuzzy,False,-37.90782684,145.1333279,1838.935266256216,1697.6481251344085,1838.935266256216,1697.6481251344085,1838.9373,1697.6487,1841.0553,1706.4471,,,,0,0.6033999961800873,4.226,4.412,,3.94,False,,,False,,,,,,,,,no_match
2026-09-10T11:22:20.216,1789003340,fuzzy,False,-37.90797133,145.1332927,1836.1615844015032,1681.5528365634382,1836.1615844015032,1681.5528365634382,1836.1621,1681.5527,1838.1512,1688.9453,,,,0,0.6831000209785998,3.914,4.357,,4.3,False,,,False,,,,,,,,,no_match
2026-09-10T11:22:26.318,1789003346,fuzzy,False,-37.9081519,145.1332445,1832.3251494358992,1661.4310451969504,1832.3251494358992,1661.4310451969504,1832.3225,1661.431,1835.1081,1667.1031,,,,0,0.6828000186942518,3.144,3.426,,4.86,False,,,False,,,,,,,,,no_match
2026-09-10T11:22:30.383,1789003351,fuzzy,False,-37.90832277,145.1332506,1833.2411328773596,1642.4812095686793,1833.2411328773596,1642.4812095686793,1833.2432,1642.4812,1832.2618,1649.8516,,,,0,0.9670999716036022,3.936,3.672,,5.36,False,,,False,,,,,,,,,no_match
2026-09-10T11:22:34.465,1789003355,fuzzy,False,-37.9084225,145.1334137,1847.8021547304234,1631.7018112195656,1847.8021547304234,1631.7018112195656,1847.8025,1631.7022,1838.4233,1634.8712,,,,0,0.7630999898537993,4.575,4.215,,5.21,False,,,False,,,,,,,,,no_match
2026-09-10T11:22:38.555,1789003359,fuzzy,False,-37.90845088,145.1335985,1864.1124398988904,1628.877931687981,1864.1124398988904,1628.877931687981,1864.1113,1628.878,1856.7338,1626.2473,,,,0,0.7425000076182187,3.689,4.415,,4.96,False,,,False,,,,,,,,,no_match
2026-09-10T11:22:42.633,1789003363,fuzzy,False,-37.9084549,145.1338016,1881.9774956601905,1628.7893339544535,1881.9774956601905,1628.7893339544535,1881.9805,1628.7889,1871.966,1626.3098,,,,0,0.7742999587208033,4.722,3.851,,5.43,False,,,False,,,,,,,,,no_match
2026-09-10T11:22:46.709,1789003367,fuzzy,False,-37.90847061,145.1340247,1901.6268718617503,1627.4387140953913,1901.6268718617503,1627.4387140953913,1901.6227,1627.4381,1892.1244,1626.0055,,,,0,0.6550999823957682,4.727,5.024,,5.51,False,,,False,,,,,,,,,no_match
2026-09-10T11:22:50.782,1789003371,fuzzy,False,-37.90853195,145.1342485,1921.4391202077968,1621.025950522162,1921.4391202077968,1621.025950522162,1921.4411,1621.0259,1910.32,1621.4636,,,,0,0.6577000021934509,5.37,5.042,,5.33,False,,,False,,,,,,,,,no_match
2026-09-10T11:22:54.853,1789003375,fuzzy,False,-37.9085913,145.134473,1941.3084587957128,1614.8351917639375,1941.3084587957128,1614.8351917639375,1941.3076,1614.8348,1931.0576,1615.2098,,,,0,0.6545000360347331,4.956,5.354,,5.27,False,,,False,,,,,,,,,no_match
2026-09-10T11:22:58.943,1789003379,fuzzy,False,-37.90864739,145.1346531,1957.266982971225,1608.928022584878,1957.266982971225,1608.928022584878,1957.2651,1608.9277,1949.8123,1608.7343,,,,0,0.6653000018559396,3.167,5.1,,5.29,False,,,False,,,,,,,,,no_match
2026-09-10T11:23:05.048,1789003385,fuzzy,False,-37.90883049,145.1347111,1962.7727506604278,1588.7123829396442,1962.7727506604278,1588.7123829396442,1962.7691,1588.7128,1961.7043,1597.7863,,,,0,0.6129000103101134,4.538,3.778,,5.67,False,,,False,,,,,,,,,no_match
2026-09-10T11:23:09.132,1789003389,fuzzy,False,-37.90899737,145.1347163,1963.6004516031244,1570.2037075925618,1963.6004516031244,1570.2037075925618,1963.6,1570.2039,1962.3937,1578.8675,,,,0,0.63109997427091,4.496,4.729,,5.3,False,,,False,,,,,,,,,no_match
2026-09-10T11:23:13.188,1789003393,fuzzy,False,-37.9091582,145.1347941,1970.7974962597364,1552.4940827796236,1970.7974962597364,1552.4940827796236,1970.8004,1552.4937,1963.8636,1559.2224,,,,0,0.6295000202953815,4.544,5.03,,4.69,False,,,False,,,,,,,,,no_match
2026-09-10T11:23:17.235,1789003397,fuzzy,False,-37.90933153,145.1348773,1978.497015431407,1533.4068896165118,1978.497015431407,1533.4068896165118,1978.4954,1533.407,1972.8704,1542.3515,,,,0,0.6167000392451882,5.323,4.977,,4.19,False,,,False,,,,,,,,,no_match
2026-09-10T11:23:21.314,1789003401,fuzzy,False,-37.90950811,145.134894,1980.3572612659773,1513.8420815998688,1980.3572612659773,1513.8420815998688,1980.3539,1513.8417,1976.7385,1523.4914,,,,0,0.694099988322705,4.593,0.0,,3.88,False,,,False,,,,,,,,,no_match
2026-09-10T11:23:25.395,1789003406,fuzzy,False,-37.9097236,145.1348804,1979.6400215658941,1489.90632993076,1979.6400215658941,1489.90632993076,1979.642,1489.9062,1976.8871,1500.4873,,,,0,0.6477999850176275,5.144,4.769,,3.6,False,,,False,,,,,,,,,no_match
2026-09-10T11:23:29.478,1789003410,fuzzy,False,-37.90990039,145.1348532,1977.6412092532846,1470.240996430628,1977.6412092532846,1470.240996430628,1977.6452,1470.2412,1976.9426,1479.9807,,,,0,0.6627999828197062,4.743,5.09,,3.46,False,,,False,,,,,,,,,no_match
2026-09-10T11:23:33.535,1789003414,fuzzy,False,-37.91004313,145.134873,1979.6988614000147,1454.4366931086406,1979.6988614000147,1454.4366931086406,1979.6981,1454.4362,1976.9856,1461.3727,,,,0,0.6906000198796391,3.389,4.251,,3.22,False,,,False,,,,,,,,,no_match
2026-09-10T11:23:39.637,1789003420,fuzzy,False,-37.91007754,145.1351097,2000.5849634765182,1451.0347290365025,2000.5849634765182,1451.0347290365025,2000.587,1451.0348,1987.2151,1444.5235,,,,0,0.6813000072725117,4.545,3.254,,2.89,False,,,False,,,,,,,,,no_match
2026-09-10T11:23:43.713,1789003424,fuzzy,False,-37.9101239,145.1353626,2022.921807691455,1446.3351707188413,2022.921807691455,1446.3351707188413,2022.9258,1446.3349,2010.5026,1443.871,,,,0,0.672800000756979,5.916,5.316,,2.73,False,,,False,,,,,,,,,no_match
2026-09-10T11:23:47.785,1789003428,fuzzy,False,-37.91012645,145.1355783,2041.890923655359,1446.4315140862018,2041.890923655359,1446.4315140862018,2041.8912,1446.4319,2032.9767,1441.0068,,,,0,0.7057000184431672,4.229,5.273,,2.61,False,,,False,,,,,,,,,no_match
2026-09-10T11:23:53.879,1789003434,fuzzy,False,-37.90999368,145.1356649,2049.2097868950223,1461.3165968116373,2049.2097868950223,1461.3165968116373,2049.2137,1461.3167,2046.9882,1446.1823,,,,0,0.6755999638698995,2.293,2.933,,2.53,False,,,False,,,,,,,,,no_match
2026-09-10T11:23:57.944,1789003438,fuzzy,False,-37.91016206,145.1357738,2059.1575018548756,1442.8237984087318,2059.1575018548756,1442.8237984087318,2059.1551,1442.8237,2053.349,1458.4901,,,,0,0.6590000120922923,3.003,2.548,,19.28,False,,,False,,,,,,,,,no_match
2026-09-10T11:24:02.018,1789003442,fuzzy,False,-37.90983805,145.1358294,2063.326622217777,1478.8752911016345,2063.326622217777,1478.8752911016345,2063.3265,1478.8755,2062.9349,1453.617,,,,0,0.8737000171095133,5.267,3.863,,2.4,False,,,False,,,,,,,,,no_match
2026-09-10T11:24:06.109,1789003446,fuzzy,False,-37.90962757,145.135844,2064.143136160914,1502.2568518230692,2064.143136160914,1502.2568518230692,2064.1435,1502.2567,2064.1609,1490.3242,,,,0,0.7398999878205359,5.979,5.85,,2.33,False,,,False,,,,,,,,,no_match
2026-09-10T11:24:10.168,1789003450,fuzzy,False,-37.90941404,145.1358462,2063.862724269333,1525.9550538938493,2063.862724269333,1525.9550538938493,2063.8632,1525.9555,2064.335,1514.2042,,,,0,0.7761000306345522,5.917,6.014,,2.6,False,,,False,,,,,,,,,no_match
2026-09-10T11:24:14.251,1789003454,fuzzy,False,-37.90920885,145.1358447,2063.275529487699,1548.7213029824197,2063.275529487699,1548.7213029824197,2063.2792,1548.721,2064.5058,1537.6417,,,,0,0.7111000013537705,5.645,5.896,,2.63,False,,,False,,,,,,,,,no_match
2026-09-10T11:24:20.309,1789003460,fuzzy,False,-37.90909699,145.1359749,2074.47411829303,1561.3627334022895,2074.47411829303,1561.3627334022895,2074.4763,1561.363,2066.2609,1561.1338,,,,0,0.6590999546460807,3.547,3.048,,3.91,False,,,False,,,,,,,,,no_match
2026-09-10T11:24:24.365,1789003465,fuzzy,False,-37.90928326,145.1360713,2083.362611477496,1540.8627694705501,2083.362611477496,1540.8627694705501,2083.3653,1540.8628,2083.7888,1551.3802,,,,0,0.8120000129565597,5.051,4.332,,3.95,False,,,False,,,,,,,,,no_match
2026-09-10T11:24:28.443,1789003469,fuzzy,False,-37.90947955,145.1360637,2083.129963112995,1519.0681111337617,2083.129963112995,1519.0681111337617,2083.1338,1519.0679,2083.8234,1530.0464,,,,0,0.6674000178463757,5.455,5.401,,3.66,False,,,False,,,,,,,,,no_match
2026-09-10T11:24:32.514,1789003473,fuzzy,False,-37.90967803,145.1360504,2082.401055826689,1497.0204187706113,2082.401055826689,1497.0204187706113,2082.3993,1497.0208,2083.611,1507.8606,,,,0,0.6152000278234482,5.405,5.561,,3.43,False,,,False,,,,,,,,,no_match
2026-09-10T11:24:36.583,1789003477,fuzzy,False,-37.90985548,145.1360508,2082.829947071383,1477.3304009987041,2082.829947071383,1477.3304009987041,2082.8278,1477.3301,2083.4075,1486.613,,,,0,0.7537000346928835,4.631,5.214,,3.54,False,,,False,,,,,,,,,no_match
2026-09-10T11:24:42.692,1789003483,fuzzy,False,-37.91002129,145.1360468,2082.8461824333062,1458.9242792464793,2082.8461824333062,1458.9242792464793,2082.8455,1458.9242,2083.1843,1463.3019,,,,0,0.6827000179328024,2.38,3.161,,3.63,False,,,False,,,,,,,,,no_match
2026-09-10T11:24:48.788,1789003489,fuzzy,False,-37.91008491,145.1362928,2104.614660418476,1452.2971154348925,2104.614660418476,1452.2971154348925,2104.616,1452.2967,2096.3683,1453.7865,,,,0,0.7201000116765499,4.396,4.025,,3.82,False,,,False,,,,,,,,,no_match
2026-09-10T11:24:54.896,1789003495,fuzzy,False,-37.90992375,145.1363791,2111.8442850190913,1470.331904192455,2111.8442850190913,1470.331904192455,2111.8425,1470.3323,2112.4043,1461.5467,,,,0,0.7141000241972506,4.248,3.459,,3.91,False,,,False,,,,,,,,,no_match
2026-09-10T11:25:01.001,1789003501,fuzzy,False,-37.90975949,145.1363835,2111.8667216035537,1488.5667310124263,2111.8667216035537,1488.5667310124263,2111.8641,1488.5671,2112.7038,1484.9618,,,,0,0.6034999969415367,2.065,3.224,,3.84,False,,,False,,,,,,,,,no_match
2026-09-10T11:25:09.140,1789003509,fuzzy,False,-37.90997426,145.1364238,2115.8861844663043,1464.8056319681928,2115.8861844663043,1464.8056319681928,2115.8903,1464.8061,2115.7681,1474.31,,,,0,0.6235999753698707,4.586,3.841,,4.15,False,,,False,,,,,,,,,no_match
2026-09-10T11:25:15.239,1789003515,fuzzy,False,-37.91010291,145.1362808,2103.599602974835,1450.2786547653377,2103.599602974835,1450.2786547653377,2103.6007,1450.2782,2111.5612,1451.1905,,,,0,0.6172999856062233,3.892,3.251,,4.13,False,,,False,,,,,,,,,no_match
2026-09-10T11:25:19.318,1789003519,fuzzy,False,-37.91006799,145.1360619,2084.27733167354,1453.7687630364671,2084.27733167354,1453.7687630364671,2084.2741,1453.7684,2094.2888,1452.6099,,,,0,0.6745000137016177,4.96,4.514,,3.94,False,,,False,,,,,,,,,no_match
2026-09-10T11:25:23.376,1789003524,fuzzy,False,-37.91003613,145.1357942,2060.671531811531,1456.833476019092,2060.671531811531,1456.833476019092,2060.6748,1456.8335,2069.1789,1456.2407,,,,0,0.6688999710604548,4.2,5.073,,3.77,False,,,False,,,,,,,,,no_match
2026-09-10T11:25:31.493,1789003532,fuzzy,False,-37.91015503,145.1356393,2047.3172200298868,1443.3673962187022,2047.3172200298868,1443.3673962187022,2047.3185,1443.3669,2050.2009,1449.6742,,,,0,0.6776999798603356,3.081,2.657,,4.02,False,,,False,,,,,,,,,no_match
2026-09-10T11:25:37.600,1789003538,fuzzy,False,-37.91015138,145.1353653,2023.220175952476,1443.290603053756,2023.220175952476,1443.290603053756,2023.2166,1443.2904,2032.711,1441.0434,,,,0,0.6609000265598297,4.718,4.124,,4.4,False,,,False,,,,,,,,,no_match
2026-09-10T11:25:41.683,1789003542,fuzzy,False,-37.91012351,145.135127,2002.2079585826723,1445.964099231176,2002.2079585826723,1445.964099231176,2002.2105,1445.9637,2012.7152,1443.5971,,,,0,0.636699958704412,5.242,5.17,,4.66,False,,,False,,,,,,,,,no_match
2026-09-10T11:25:45.745,1789003546,fuzzy,False,-37.91012343,145.1348994,1982.1981239704182,1445.5726483929902,1982.1981239704182,1445.5726483929902,1982.1949,1445.5723,1992.0854,1445.0477,,,,0,0.7965000113472342,4.922,5.135,,4.6,False,,,False,,,,,,,,,no_match
2026-09-10T11:25:49.813,1789003550,fuzzy,False,-37.91017878,145.1346982,1964.6323463944136,1439.0768063087016,1964.6323463944136,1439.0768063087016,1964.6293,1439.0764,1974.0156,1441.4638,,,,0,0.8135999669320881,4.807,0.0,,4.49,False,,,False,,,,,,,,,no_match
2026-09-10T11:25:55.927,1789003556,fuzzy,False,-37.91028904,145.1345033,1947.7424008278176,1426.4989255405962,1947.7424008278176,1426.4989255405962,1947.7404,1426.499,1952.3822,1430.5945,-45897759#2,432.4882349805441,10.0,0,0.04710000939667225,3.062,3.297,,4.18,True,0,,False,1672.78,1092.67,-37.91324663723783,145.13130089514726,432.4882349805441,432.4882349805441,short=0.000 small=0.000 angle_diff=113.950 mode=entering_pending,,
2026-09-10T11:26:02.047,1789003562,fuzzy,False,-37.91029326,145.1342821,1928.3048197856406,1425.6414523730054,1928.3048197856406,1425.6414523730054,1928.3091,1425.6416,1934.8779,1423.2759,-45897759#2,419.7176689417217,10.0,0,0.04950002767145634,3.499,3.731,,4.05,True,0,,False,1672.78,1092.67,-37.91324663723783,145.13130089514726,419.7176689417217,419.7176689417217,short=0.000 small=0.000 angle_diff=168.607 mode=entering_pending,,
2026-09-10T11:26:06.130,1789003566,fuzzy,False,-37.91029255,145.1340807,1910.5970207994105,1425.36583421845,1910.5970207994105,1425.36583421845,1910.5928,1425.366,1919.8054,1423.6953,45897759#2,411.8123086320534,50.0,0,0.037699996028095484,4.62,4.117,,4.03,True,0,,False,1672.29,1089.51,-37.913275014744144,145.13129460330737,411.8123086320534,411.8123086320534,short=0.000 small=1.000 angle_diff=9.702 mode=confirmed,,
2026-09-10T11:26:10.208,1789003570,fuzzy,False,-37.91028658,145.1338689,1891.9632129751844,1425.6555494777858,1891.9632129751844,1425.6555494777858,1891.9629,1425.656,1901.0886,1424.2219,45897759#2,401.5596480382003,50.0,0,0.07910002022981644,4.65,4.595,,3.95,True,0,,False,1672.29,1089.51,-37.913275014744144,145.13129460330737,401.5596480382003,401.5596480382003,short=0.000 small=1.000 angle_diff=7.919 mode=confirmed,,
2026-09-10T11:26:14.287,1789003574,fuzzy,False,-37.91028219,145.1336652,1874.0450291526504,1425.7841553520411,1874.0450291526504,1425.7841553520411,1874.0421,1425.7839,1883.0543,1424.7293,45897759#2,392.1548155335027,50.0,0,0.03309996100142598,4.536,4.412,,3.93,True,0,,False,1672.29,1089.51,-37.913275014744144,145.13129460330737,392.1548155335027,392.1548155335027,short=0.000 small=1.000 angle_diff=8.399 mode=confirmed,,
2026-09-10T11:26:18.367,1789003579,fuzzy,False,-37.9102729,145.1333899,1849.8211888439837,1426.3304048506543,1849.8211888439837,1426.3304048506543,1849.8222,1426.33,1858.9663,1425.411,45897759#2,380.74309991924594,50.0,0,0.035999983083456755,4.621,4.742,,3.99,True,0,,False,1672.29,1089.51,-37.913275014744144,145.13129460330737,380.74309991924594,380.74309991924594,short=0.000 small=1.000 angle_diff=7.518 mode=confirmed,,
2026-09-10T11:26:22.416,1789003583,fuzzy,False,-37.91025857,145.1331788,1831.230332446983,1427.5488815456629,1831.230332446983,1427.5488815456629,1831.226,1427.5491,1839.9306,1425.8909,45897759#2,373.54024510753885,50.0,0,0.04229997284710407,4.396,4.856,,3.92,True,0,,False,1672.29,1089.51,-37.913275014744144,145.13129460330737,373.54024510753885,373.54024510753885,short=0.000 small=1.000 angle_diff=5.060 mode=confirmed,,
2026-09-10T11:26:26.458,1789003587,fuzzy,False,-37.91032602,145.1330021,1815.8455229230458,1419.7531748525798,1815.8455229230458,1419.7531748525798,1815.844,1419.7534,1823.5261,1425.272,45897759#2,360.0954633127454,39.31776124304008,0,0.032400013878941536,3.813,4.05,,7.19,True,0,,False,1672.29,1089.51,-37.913275014744144,145.13129460330737,360.0954633127454,360.0954633127454,short=0.000 small=0.733 angle_diff=35.682 mode=confirmed,,
2026-09-10T11:26:30.518,1789003591,fuzzy,False,-37.91031796,145.1328044,1798.4466787821148,1420.2994213765487,1798.4466787821148,1420.2994213765487,1798.4446,1420.2996,1807.4131,1424.2617,45897759#2,354.0298700617867,50.0,0,0.029100046958774328,4.589,3.97,,5.87,True,0,,False,1672.29,1089.51,-37.913275014744144,145.13129460330737,354.0298700617867,354.0298700617867,short=0.000 small=1.000 angle_diff=7.012 mode=confirmed,,
2026-09-10T11:26:34.588,1789003595,fuzzy,False,-37.91030667,145.1325801,1778.7020926092518,1421.157200012356,1778.7020926092518,1421.157200012356,1778.6987,1421.1573,1788.4492,1422.4454,45897759#2,348.30073030287446,50.0,0,0.027800037059932947,4.866,4.88,,3.16,True,0,,False,1672.29,1089.51,-37.913275014744144,145.13129460330737,348.30073030287446,348.30073030287446,short=0.000 small=1.000 angle_diff=6.323 mode=confirmed,,
2026-09-10T11:26:38.644,1789003599,fuzzy,False,-37.91028273,145.13239,1761.9360941640916,1423.4788780817762,1761.9360941640916,1423.4788780817762,1761.9333,1423.4792,1769.7504,1422.6492,45897759#2,345.7913152843453,50.0,0,0.03270001616328955,4.006,4.453,,2.95,True,0,,False,1672.29,1089.51,-37.913275014744144,145.13129460330737,345.7913152843453,345.7913152843453,short=0.000 small=1.000 angle_diff=0.926 mode=confirmed,,
2026-09-10T11:26:42.726,1789003603,fuzzy,False,-37.91026508,145.1321714,1742.678470576473,1425.0523474486545,1742.678470576473,1425.0523474486545,1742.6807,1425.0529,1752.5581,1423.5475,45897759#2,342.84574333284144,50.0,0,0.026900030206888914,4.881,4.609,,2.77,True,0,,False,1672.29,1089.51,-37.913275014744144,145.13129460330737,342.84574333284144,342.84574333284144,short=0.000 small=1.000 angle_diff=4.139 mode=confirmed,,
2026-09-10T11:26:46.792,1789003607,fuzzy,False,-37.91026233,145.1319665,1724.6584163095104,1424.9965303782374,1724.6584163095104,1424.9965303782374,1724.6619,1424.9964,1733.5961,1426.0365,45897759#2,339.54920570072636,50.0,0,0.03430002834647894,4.401,4.641,,4.5,True,0,,False,1672.29,1089.51,-37.913275014744144,145.13129460330737,339.54920570072636,339.54920570072636,short=0.000 small=1.000 angle_diff=8.988 mode=entering_pending,,
2026-09-10T11:26:50.844,1789003611,fuzzy,False,-37.91024074,145.1317525,1705.7964276804123,1427.0152196846902,1705.7964276804123,1427.0152196846902,1705.7949,1427.0147,1715.2096,1428.3078,711979119,338.95698338000443,50.0,0,0.030399998649954796,4.429,4.887,,3.84,True,0,,False,1624.71,1097.9,-37.91319084165994,145.13075551204025,338.95698338000443,338.95698338000443,short=0.000 small=1.000 angle_diff=10.965 mode=confirmed,,
2026-09-10T11:26:56.948,1789003617,fuzzy,False,-37.91021137,145.1314882,1682.494957019342,1429.8085339386016,1682.494957019342,1429.8085339386016,1682.4988,1429.8085,1693.5767,1429.878,711979119,336.9011370699111,50.0,0,0.044199987314641476,5.103,3.605,,2.13,True,0,,False,1624.71,1097.9,-37.91319084165994,145.13075551204025,336.9011370699111,336.9011370699111,short=0.000 small=1.000 angle_diff=10.238 mode=entering_pending,,
2026-09-10T11:27:01.026,1789003621,fuzzy,False,-37.91017974,145.1312163,1658.5202788965544,1432.8391683856025,1658.5202788965544,1432.8391683856025,1658.5206,1432.8397,1670.4439,1433.0766,-1360476884,336.182717454222,50.0,0,0.03459997242316604,5.845,5.908,,2.12,True,0,,False,1611.537427649917,1099.9556584250736,-37.91316994411588,145.1306062033847,336.182717454222,336.182717454222,short=0.000 small=1.000 angle_diff=0.829 mode=confirmed,,
2026-09-10T11:27:05.201,1789003625,fuzzy,False,-37.91013269,145.1309458,1634.6343538322253,1437.583281177096,1634.6343538322253,1437.583281177096,1634.632,1437.5835,1646.5833,1436.2499,-1360476884,337.58294701681723,50.0,0,0.04020001506432891,5.763,5.916,,2.65,True,0,,False,1592.66,1102.62,-37.913142532470786,145.13039216719577,337.58294701681723,337.58294701681723,short=0.000 small=1.000 angle_diff=3.200 mode=entering_pending,,
2026-09-10T11:27:09.277,1789003629,fuzzy,False,-37.91010448,145.1306902,1612.1002685953863,1440.2630135873333,1612.1002685953863,1440.2630135873333,1612.1041,1440.263,1623.4405,1439.3262,-1470433046#3,337.0134980068847,50.0,0,0.03379996633157134,5.623,5.749,,7.51,True,0,,False,1570.96,1105.77,-37.913110235464494,145.130146148221,337.0134980068847,337.0134980068847,short=0.000 small=1.000 angle_diff=1.524 mode=confirmed,,
2026-09-10T11:27:13.336,1789003633,fuzzy,False,-37.91007383,145.1304533,1591.2047645297134,1443.246411385946,1591.2047645297134,1443.246411385946,1591.2063,1443.2461,1601.8475,1442.1616,-1470433046#3,338.0830944202916,50.0,0,0.02929999027401209,5.582,5.439,,11.88,True,0,,False,1570.96,1105.77,-37.913110235464494,145.130146148221,338.0830944202916,338.0830944202916,short=0.000 small=1.000 angle_diff=0.180 mode=entering_pending,,
2026-09-10T11:27:17.398,1789003638,fuzzy,False,-37.91003236,145.1301295,1562.645254170522,1447.2771513462067,1562.645254170522,1447.2771513462067,1562.6457,1447.2776,1580.5343,1446.6828,-1470433046#2,337.7717793418624,50.0,0,0.02340000355616212,5.711,5.847,,9.11,True,0,,False,1520.6549384125442,1112.1255613122146,-37.91304389126418,145.12957561054245,337.7717793418624,337.7717793418624,short=0.000 small=1.000 angle_diff=0.892 mode=confirmed,,
2026-09-10T11:27:21.461,1789003642,fuzzy,False,-37.91000917,145.1299135,1543.6037610623753,1449.4694873858243,1543.6037610623753,1449.4694873858243,1543.5995,1449.4696,1552.6535,1447.7572,-1470433046#2,337.5799533738256,50.0,0,0.03270001616328955,4.468,5.076,,8.0,True,0,,False,1501.6372922728567,1114.5082352726693,-37.913018989736806,145.12935991656934,337.5799533738256,337.5799533738256,short=0.000 small=1.000 angle_diff=0.573 mode=entering_pending,,
2026-09-10T11:27:27.567,1789003648,fuzzy,False,-37.90996403,145.1297288,1527.2651620000834,1454.1526716956869,1527.2651620000834,1454.1526716956869,1527.2682,1454.1526,1529.3472,1450.3966,-1470433046#1,340.2949520746714,50.0,0,0.020000035874545574,3.607,3.793,,6.77,True,0,,False,1493.47,1115.54,-37.91300821882732,145.12926728692142,340.2949520746714,340.2949520746714,short=0.000 small=1.000 angle_diff=7.864 mode=confirmed,,
2026-09-10T11:27:29.588,1789003650,fuzzy,False,-37.90981782,145.1297467,1528.5133522440447,1470.4084375463426,1528.5133522440447,1470.4084375463426,1528.514,1470.4085,1527.2686,1454.1526,-1470433046#1,356.59450991719245,10.0,0,0.044599990360438824,4.824,3.607,,6.49,True,0,,False,1493.47,1115.54,-37.91300821882732,145.12926728692142,356.59450991719245,356.59450991719245,short=0.000 small=0.000 angle_diff=86.261 mode=entering_pending,,
2026-09-10T11:27:33.646,1789003654,fuzzy,False,-37.90961314,145.1297765,1530.677586545702,1493.1733156163245,1530.677586545702,1493.1733156163245,1530.6814,1493.1731,1529.3209,1481.7444,-4577075#1,307.4021482864843,50.0,0,0.037999998312443495,5.73,5.454,,6.09,True,0,,False,1490.79,1188.37,-37.91235166579321,145.12925343415708,307.4021482864843,307.4021482864843,short=0.000 small=1.000 angle_diff=2.259 mode=confirmed,,
2026-09-10T11:27:37.713,1789003658,fuzzy,False,-37.90942338,145.1298223,1534.281721253763,1514.3108152458444,1534.281721253763,1514.3108152458444,1534.286,1514.3104,1532.872,1504.052,-4577075#1,328.8296593386016,50.0,0,0.03579998156055808,5.171,5.327,,5.49,True,0,,False,1490.79,1188.37,-37.91235166579321,145.12925343415708,328.8296593386016,328.8296593386016,short=0.000 small=1.000 angle_diff=1.987 mode=entering_pending,,
2026-09-10T11:27:41.762,1789003662,fuzzy,False,-37.90923441,145.1298406,1535.4699191846885,1535.312146089971,1535.4699191846885,1535.312146089971,1535.4685,1535.3124,1536.1138,1524.4161,-45897636#3,332.6613888615598,50.0,0,0.025699962861835957,5.367,5.202,,5.08,True,0,,False,1492.79,1205.4,-37.91219861740971,145.12928006080372,332.6613888615598,332.6613888615598,short=0.000 small=1.000 angle_diff=4.244 mode=confirmed,,
2026-09-10T11:27:45.820,1789003666,fuzzy,False,-37.90904034,145.1298882,1539.2227491763188,1556.9310750598088,1539.2227491763188,1556.9310750598088,1539.2231,1556.9306,1539.232,1545.139,-45897636#3,354.58440028965714,50.0,0,0.030800001695752144,5.71,5.188,,4.85,True,0,,False,1492.79,1205.4,-37.91219861740971,145.12928006080372,354.58440028965714,354.58440028965714,short=0.000 small=1.000 angle_diff=2.365 mode=confirmed,,
2026-09-10T11:27:49.855,1789003670,fuzzy,False,-37.90884629,145.1299231,1541.8590956110274,1578.5253828028217,1541.8590956110274,1578.5253828028217,1541.8616,1578.5254,1542.498,1568.1363,-45897636#3,376.3380494128069,50.0,0,0.03060000017285347,5.136,5.786,,4.68,True,0,,False,1492.79,1205.4,-37.91219861740971,145.12928006080372,376.3380494128069,376.3380494128069,short=0.000 small=1.000 angle_diff=0.522 mode=confirmed,,
2026-09-10T11:27:55.946,1789003676,fuzzy,False,-37.90867731,145.1300151,1549.571365167969,1597.438500130549,1549.571365167969,1597.438500130549,1549.5675,1597.438,1544.0664,1592.6264,-45897636#3,396.1291569866433,50.0,0,0.02400000812485814,3.008,3.243,,4.6,True,0,,False,1492.79,1205.4,-37.91219861740971,145.12928006080372,396.1291569866433,396.1291569866433,short=0.000 small=1.000 angle_diff=14.702 mode=confirmed,,
2026-09-10T11:28:00.032,1789003680,fuzzy,False,-37.90871239,145.1302356,1569.0352890252252,1593.9347012527287,1569.0352890252252,1593.9347012527287,1569.0381,1593.9348,1558.9629,1596.4314,-45897636#3,395.94514541295644,10.0,0,0.03550003748387098,5.055,4.163,,4.7,True,0,,False,1492.79,1205.4,-37.91219861740971,145.12928006080372,395.94514541295644,395.94514541295644,short=0.000 small=0.000 angle_diff=92.722 mode=entering_pending,,
2026-09-10T11:28:04.088,1789003684,fuzzy,False,-37.9087381,145.1304818,1590.737824139651,1591.5159121314064,1590.737824139651,1591.5159121314064,1590.7412,1591.5165,1579.8198,1592.1689,-45897636#2,376.0456547049651,10.0,0,0.024600012693554163,5.376,5.437,,4.47,True,0,,False,1495.73,1227.67,-37.91199853588186,145.12931857102302,376.0456547049651,376.0456547049651,short=0.000 small=0.000 angle_diff=178.368 mode=confirmed,,
2026-09-10T11:28:08.160,1789003688,fuzzy,False,-37.90878225,145.1307029,1610.2746436763555,1587.0066220900044,1610.2746436763555,1587.0066220900044,1610.277,1587.0063,1600.8781,1589.0001,-45897636#2,377.1515389999063,10.0,0,0.012000033166259527,4.838,5.182,,4.52,True,0,,False,1495.73,1227.67,-37.91199853588186,145.12931857102302,377.1515389999063,377.1515389999063,short=0.000 small=0.000 angle_diff=174.995 mode=following,,
2026-09-10T11:28:12.236,1789003692,fuzzy,False,-37.90880253,145.1309304,1630.321004306723,1585.1573013653979,1630.321004306723,1585.1573013653979,1630.3219,1585.1571,1619.7553,1586.1536,-45897636#2,381.9841738577752,10.0,0,0.012000033166259527,5.346,4.826,,4.59,True,0,,False,1495.73,1227.67,-37.91199853588186,145.12931857102302,381.9841738577752,381.9841738577752,short=0.000 small=0.000 angle_diff=177.279 mode=following,,
2026-09-10T11:28:16.309,1789003696,fuzzy,False,-37.90883121,145.1311628,1650.81683539995,1582.3844626629725,1650.81683539995,1582.3844626629725,1650.8185,1582.385,1641.3093,1583.0923,-45897636#2,387.13599230328924,10.0,0,0.014899997040629387,4.911,5.506,,4.68,True,0,,False,1495.73,1227.67,-37.91199853588186,145.12931857102302,387.13599230328924,387.13599230328924,short=0.000 small=0.000 angle_diff=179.713 mode=following,,
2026-09-10T11:28:20.378,1789003701,fuzzy,False,-37.90885718,145.1314319,1674.5331923862686,1579.9769641989842,1674.5331923862686,1579.9769641989842,1674.5305,1579.9773,1665.3871,1579.6586,-45897636#2,395.0832553154149,10.0,0,0.012499978765845299,4.492,4.941,,4.55,True,0,,False,1495.73,1227.67,-37.91199853588186,145.12931857102302,395.0832553154149,395.0832553154149,short=0.000 small=0.000 angle_diff=177.805 mode=following,,
2026-09-10T11:28:24.467,1789003705,fuzzy,False,-37.90888369,145.1316283,1691.8591370338108,1577.381375300698,1691.8591370338108,1577.381375300698,1691.8585,1577.3814,1683.2511,1577.6631,-45897636#2,400.95471615674126,10.0,0,0.012299977242946625,4.344,4.373,,4.08,True,0,,False,1495.73,1227.67,-37.91199853588186,145.12931857102302,400.95471615674126,400.95471615674126,short=0.000 small=0.000 angle_diff=179.472 mode=following,,
2026-09-10T11:28:30.567,1789003711,fuzzy,False,-37.90891637,145.1318871,1714.6848334242823,1574.2110372399911,1714.6848334242823,1574.2110372399911,1714.6809,1574.2115,1706.8797,1575.3214,-45897636#2,409.91695448129985,10.0,0,0.011599971912801266,3.834,3.61,,3.53,True,0,,False,1495.73,1227.67,-37.91199853588186,145.12931857102302,409.91695448129985,409.91695448129985,short=0.000 small=0.000 angle_diff=179.916 mode=following,,
