run,method,n,max_m,min_m,mean_m,std_m
20261005-152039,native,651,20.810043825037827,0.0016031219541261196,1.6428340201369898,2.049807291589453
20261005-152039,native_kalman,651,82.74199623220356,0.14065311941076813,3.7485773459015252,4.231303719545879
20261005-152039,topo,651,32.88807127242343,0.004675467891304819,3.381121168453549,3.72499071950877
20261005-152039,topo_kalman,651,92.49946247389765,0.13891238245749257,4.827138638088013,5.123193022296408
20261005-152039,fuzzy,646,144.04690312287178,0.004675467891304819,11.371765389723842,16.186680417631596
20261005-152039,fuzzy_kalman,631,144.04690312287178,0.13891238245749257,13.003893890693242,17.13727755386189
20261005-152039,hmm,651,35.447520920368994,0.004675467891304819,3.6532320428421032,5.096251747220281
20261005-152039,hmm_kalman,651,92.49946247389765,0.308833709300069,5.085922805691465,5.973319197222621
20261005-152039,st,651,28.836733345682486,0.03344622549715042,3.0483886118556134,4.172536860150037
20261005-152039,st_kalman,651,92.49946247389765,0.1963838333467797,4.737250680195398,5.541407173223634
20261005-152040,native,718,22.278775802319146,0.0038897300677843668,1.4172845964015943,1.8841302163986446
20261005-152040,native_kalman,718,22.278775802319146,0.12412260068163926,3.88769563400957,3.3623885434346006
20261005-152040,topo,718,22.276478003715127,0.012106609764832911,3.1925796494241094,3.6347140074283497
20261005-152040,topo_kalman,718,30.215184237234194,0.12353210109116441,4.733336537274629,4.227599240129677
20261005-152040,fuzzy,706,139.05264824191596,0.012106609764832911,9.679960864899442,15.513408468368477
20261005-152040,fuzzy_kalman,702,139.05264824191596,0.12353210109116441,11.504014000872923,16.157967820436504
20261005-152040,hmm,718,26.181712613577986,0.012106609764832911,2.952460643082256,3.737473555136871
20261005-152040,hmm_kalman,718,39.30117494439578,0.12353210109116441,4.98439675749572,5.238361457980665
20261005-152040,st,718,26.181712613577986,0.012106609764832911,2.611349615152652,3.637202118771263
20261005-152040,st_kalman,718,31.035430066941057,0.12353210109116441,4.643668180365303,4.597450417872067
20261005-155952,native,616,19.271014820449867,0.0013038404810271369,1.970350127698565,2.447135466009322
20261005-155952,native_kalman,616,31.087450613551415,0.09330348332191567,6.334001120167604,5.41041248857046
20261005-155952,topo,616,22.353134480202172,0.0012041594580301373,3.957825998355726,3.7310318833866996
20261005-155952,topo_kalman,616,45.53263522189342,0.3280298766880516,7.360035380429091,6.220470665304964
20261005-155952,fuzzy,609,102.63710854276826,0.010171037311854283,11.70136377731254,14.694685515120291
20261005-155952,fuzzy_kalman,603,92.49192586409893,0.4288970039531493,14.218728202635214,15.345524117135438
20261005-155952,hmm,616,29.679706717216607,0.0012041594580301373,4.115401637692227,4.921114643144245
20261005-155952,hmm_kalman,616,34.19000662796071,0.29453531197474747,7.212110742335076,6.367645353087913
20261005-155952,st,616,28.14388575818907,0.0012041594580301373,3.450485115809466,4.43109416242782
20261005-155952,st_kalman,616,34.30836730973945,0.3280298766880516,7.114790448860998,6.4185361129935625
20261005-155953,native,628,18.59592596457624,0.005671860364954176,1.5852046914889637,1.9979902466100292
20261005-155953,native_kalman,628,22.810153410268775,0.08290651361622199,4.694235602310171,3.747958738564848
20261005-155953,topo,628,31.423524099152257,0.008287339742017692,3.3832967716004547,3.6480707609214233
20261005-155953,topo_kalman,628,36.413148208991885,0.1515145207563372,5.479751657406405,4.887956628923275
20261005-155953,fuzzy,617,106.44741706856964,0.008287339742017692,11.349553125452891,15.50713561362148
20261005-155953,fuzzy_kalman,623,106.44741706856964,0.1515145207563372,13.532851254298937,15.78152743421955
20261005-155953,hmm,628,26.656840822010416,0.008287339742017692,3.4421394040120123,4.365682698212411
20261005-155953,hmm_kalman,628,33.28477529592175,0.1515145207563372,5.960064997867598,5.4183794340311495
20261005-155953,st,628,26.409378462205414,0.007951100552590833,3.086388590498412,4.129484718070767
20261005-155953,st_kalman,628,30.178892068464055,0.1515145207563372,5.584929935343909,4.865766473512609
