method,runs,avg_n,avg_max_m,avg_min_m,avg_mean_m,avg_std_m
native,2,684.5,21.544409813678485,0.0027464260109552434,1.530059308269292,1.9669687539940488
native_kalman,2,684.5,52.510386017261354,0.1323878600462037,3.8181364899555477,3.79684613149024
topo,2,684.5,27.58227463806928,0.008391038828068865,3.2868504089388293,3.6798523634685596
topo_kalman,2,684.5,61.357323355565924,0.1312222417743285,4.780237587681321,4.675396131213042
fuzzy,2,676,141.54977568239389,0.008391038828068865,10.525863127311641,15.850044443000037
fuzzy_kalman,2,666.5,141.54977568239389,0.1312222417743285,12.253953945783081,16.647622687149195
hmm,2,684.5,30.81461676697349,0.008391038828068865,3.3028463429621797,4.416862651178576
hmm_kalman,2,684.5,65.90031870914672,0.2161829051956167,5.035159781593592,5.605840327601643
st,2,684.5,27.509222979630238,0.022776417630991665,2.8298691135041327,3.9048694894606504
st_kalman,2,684.5,61.767446270419356,0.15995796721897204,4.690459430280351,5.06942879554785
