group,runs,avg_n,avg_match_rate,avg_on_route_rate,avg_max_m,avg_min_m,avg_mean_m,avg_std_m
input:raw_gps,4,653.25,1.0,,40.14317588500182,0.005126136155625989,3.3569296246912104,5.672373208698244
input:kalman,4,653.25,1.0,,37.056645622260966,0.005330438756127769,4.611656393820588,6.1331657107678215
native,4,653.25,1.0,0.7067833277037235,39.18641390192648,0.0,2.453268849345512,6.180434502214776
native_kalman,4,653.25,1.0,0.5737062258029332,39.66127671515448,0.0,3.4306569360502857,6.5561673150809145
topo,4,653.25,1.0,0.8500107850494214,37.83631325919314,0.0,2.061872432435527,6.093749526378124
topo_kalman,4,653.25,1.0,0.8285348150225511,35.499126166175984,0.0,2.382886740339371,6.490015874616944
fuzzy,4,644.5,0.986681714149005,0.872334284895894,13.970539995152677,0.0,1.1524699011838475,3.1187110363737833
fuzzy_kalman,4,639.75,0.9794820579220256,0.8509564329707391,16.233590313213085,0.0,1.3582759335349004,3.4799873602615654
hmm,4,653.25,1.0,0.7429882302285941,45.7994816092106,0.0,2.1135341978220263,5.489777642035149
hmm_kalman,4,653.25,1.0,0.7024634735358726,45.79746040936869,0.0,2.7841763222179066,6.808619573647806
st,4,653.25,1.0,0.7675087958044262,48.833226853776495,0.0,1.9655054088604555,5.677789119873457
st_kalman,4,653.25,1.0,0.7101217154121627,48.91419814896731,0.0,2.6994320143871864,7.07873538333849
