run,group,n,match_rate,on_route_rate,max_m,min_m,mean_m,std_m
20261005-152039,input:raw_gps,651,1.0,,45.75230859913497,0.004654160529054514,2.8668329814964957,5.33539941833663
20261005-152039,input:kalman,651,1.0,,28.612080627031695,0.006750357833947548,3.334954992793507,5.109062525469734
20261005-152039,native,651,1.0,0.7592233009708738,46.15194681276657,0.0,2.1036225748778667,6.224048304327884
20261005-152039,native_kalman,651,1.0,0.674,30.439891703184465,0.0,2.454561629985454,6.079846839251847
20261005-152039,topo,651,1.0,0.8970814132104454,46.151922408179004,0.0,1.7404794477850498,6.25384892607917
20261005-152039,topo_kalman,651,1.0,0.880184331797235,30.441832320116895,0.0,1.8116409849128399,6.1048880545925845
20261005-152039,fuzzy,646,0.9923195084485407,0.8993808049535603,18.019802995593693,0.0,0.9497286426303834,3.0873430602367655
20261005-152039,fuzzy_kalman,631,0.9692780337941628,0.866877971473851,11.246384598614132,0.0,0.8584770932771741,2.3780461621863687
20261005-152039,hmm,651,1.0,0.8033794162826421,16.86650460149309,0.0,0.8765823602751743,2.150809536784105
20261005-152039,hmm_kalman,651,1.0,0.7557603686635944,15.894080266721573,0.0,1.1063757838092247,2.314452592897208
20261005-152039,st,651,1.0,0.8279569892473119,30.441832320116895,0.0,1.1701880808023475,4.055392422509307
20261005-152039,st_kalman,651,1.0,0.7864823348694316,30.441832320116895,0.0,1.25489200213401,3.7384913185632267
20261005-152040,input:raw_gps,718,1.0,,33.84759229158092,0.009021664779270338,3.3682262218938663,5.623556562629635
20261005-152040,input:kalman,718,1.0,,35.38543065334634,0.001269543252149831,4.442300106194024,5.94723382972559
20261005-152040,native,718,1.0,0.7181818181818181,30.439891703184465,0.0,2.4555110832062694,5.747100739839948
20261005-152040,native_kalman,718,1.0,0.5658362989323843,30.439891703184465,0.0,3.354659191654057,6.044544124336867
20261005-152040,topo,718,1.0,0.8328690807799443,30.441832320116895,0.0,2.164578280793455,5.7258351561558944
20261005-152040,topo_kalman,718,1.0,0.8272980501392758,30.441832320116895,0.0,2.309990032375633,6.088108552249868
20261005-152040,fuzzy,706,0.9832869080779945,0.8314447592067988,11.404645694424506,0.0,1.500500774442153,3.4360999932510143
20261005-152040,fuzzy_kalman,702,0.9777158774373259,0.8447293447293447,11.404645694424506,0.0,1.4197708262628552,3.3734597286700843
20261005-152040,hmm,718,1.0,0.7381615598885793,54.941744409178554,0.0,2.589686457767581,6.706276543438286
20261005-152040,hmm_kalman,718,1.0,0.6949860724233984,58.12724460228288,0.0,2.9803736903713918,7.454073011733836
20261005-152040,st,718,1.0,0.7437325905292479,54.941744409178554,0.0,2.5279737060378866,6.841880817720494
20261005-152040,st_kalman,718,1.0,0.6977715877437326,54.97932114758903,0.0,2.7931023143858713,6.971637250130675
20261005-155952,input:raw_gps,616,1.0,,35.33049399229304,0.0011919661228519574,3.7216167704526115,5.028792331929736
20261005-155952,input:kalman,616,1.0,,37.053560942274125,0.0010883642684832125,5.9379163204047005,6.555785306009339
20261005-155952,native,616,1.0,0.6295546558704453,30.439891703184465,0.0,2.6892721458006674,5.581235637727501
20261005-155952,native_kalman,616,1.0,0.4796747967479675,48.83724921205127,0.0,4.450050047459473,7.046137881679798
20261005-155952,topo,616,1.0,0.8181818181818182,30.441832320116895,0.0,2.1212327811137044,5.565674083989106
20261005-155952,topo_kalman,616,1.0,0.7483766233766234,37.86700207444302,0.0,3.124521991973225,6.901188295154933
20261005-155952,fuzzy,609,0.9886363636363636,0.8752052545155994,13.24553447629354,0.0,1.1406261638603021,3.10660488643312
20261005-155952,fuzzy_kalman,603,0.9788961038961039,0.8126036484245439,29.071154145514733,0.0,2.1257576270224594,5.322600452086217
20261005-155952,hmm,616,1.0,0.6915584415584416,56.40092917852371,0.0,1.9469507143893356,3.904946171310321
20261005-155952,hmm_kalman,616,1.0,0.6266233766233766,51.03914439427837,0.0,3.7256773357452677,7.703637402887639
20261005-155952,st,616,1.0,0.7467532467532467,54.96058243816346,0.0,1.4992399034259873,3.5892143371048304
20261005-155952,st_kalman,616,1.0,0.6428571428571429,53.50241414235441,0.0,3.420295371608023,7.801408634954252
20261005-155953,input:raw_gps,628,1.0,,45.64230865699833,0.005636753191327147,3.4710425249218675,6.701744521896973
20261005-155953,input:kalman,628,1.0,,47.1755102663917,0.012213489669930482,4.731454155890119,6.9205811818666225
20261005-155953,native,628,1.0,0.720173535791757,49.713925388570416,0.0,2.5646695934972445,7.169353326963771
20261005-155953,native_kalman,628,1.0,0.5753138075313807,48.92807424219772,0.0,3.4633568751021584,7.054140415055146
20261005-155953,topo,628,1.0,0.8519108280254777,44.30966598835976,0.0,2.2211992200499,6.8296399392883265
20261005-155953,topo_kalman,628,1.0,0.85828025477707,43.24583795002712,0.0,2.285393952095786,6.865878596470389
20261005-155953,fuzzy,617,0.982484076433121,0.8833063209076175,13.212176814298966,0.0,1.0190240238025514,2.8447962055742324
20261005-155953,fuzzy_kalman,623,0.9920382165605095,0.8796147672552167,13.212176814298966,0.0,1.0290981875771128,2.845843098103592
20261005-155953,hmm,628,1.0,0.7388535031847133,54.98874824764707,0.0,3.040917258856014,9.197078316607882
20261005-155953,hmm_kalman,628,1.0,0.732484076433121,58.12937237419193,0.0,3.3242784789457422,9.762315287072541
20261005-155953,st,628,1.0,0.7515923566878981,54.98874824764707,0.0,2.6646199451756005,8.224668902159197
20261005-155953,st_kalman,628,1.0,0.7133757961783439,56.73322498580889,0.0,3.329438369420841,9.803404329705806
