wall_time,phone_timestamp,fix_seq,vehicle_id,method,kalman,lat,lon,matched,raw_x,raw_y,filt_x,filt_y,match_x,match_y,matched_x,matched_y,matched_lat,matched_lon,actual_x,actual_y,edge_id,lane_index,lane_pos,is_internal_edge,raw_dist,score,components,window_len,correction_m,match_error_raw_m,match_error_filt_m,match_ms,phone_speed_mps,sumo_speed_mps,phone_course_deg,accuracy_m,unmatched_reason
2026-10-01T11:00:01.840,1790816396.965,1,native_wokal_ebike,native,False,-37.90824035420161,145.13240068659465,True,1758.3352,1650.1298,1758.3352,1650.1298,1737.5910,1652.6709,1737.5910,1652.6709,,,1737.5910,1652.6709,1272942443#1,0,54.0111,False,,,,,20.8992,20.8992,20.8992,26.436,0.000,0.000,0.0,4.82,
2026-10-01T11:00:01.840,1790816396.965,1,native_wkal_ebike,native,True,-37.90824035420161,145.13240068659465,True,1758.3352,1650.1298,1758.3352,1650.1298,1737.5910,1652.6709,1737.5910,1652.6709,,,1737.5910,1652.6709,1272942443#1,0,54.0111,False,,,,,20.8992,20.8992,20.8992,12.282,0.000,0.000,0.0,4.82,
2026-10-01T11:00:01.840,1790816396.965,1,topo_wokal_ebike,topo,False,-37.90824035420161,145.13240068659465,True,1758.3352,1650.1298,1758.3352,1650.1298,1737.5911,1652.6720,1737.5911,1652.6720,,,1737.5911,1652.6720,1272942443#1,0,,False,20.8992,0.501539,prox=0.379 head=0.500 conn=0.500 turn=1.000,,20.8992,20.8992,20.8992,755.019,0.000,0.000,0.0,4.82,
2026-10-01T11:00:01.840,1790816396.965,1,topo_wkal_ebike,topo,True,-37.90824035420161,145.13240068659465,True,1758.3352,1650.1298,1758.3352,1650.1298,1737.5911,1652.6720,1737.5911,1652.6720,,,1737.5911,1652.6720,1272942443#1,0,,False,20.8992,0.501539,prox=0.379 head=0.500 conn=0.500 turn=1.000,,20.8992,20.8992,20.8992,704.126,0.000,0.000,0.0,4.82,
2026-10-01T11:00:01.840,1790816396.965,1,fuzzy_wokal_ebike,fuzzy,False,-37.90824035420161,145.13240068659465,True,1758.3352,1650.1298,1758.3352,1650.1298,1735.5964,1652.9141,1735.5964,1652.9141,,,1735.5964,1652.9141,-1272942443#1,0,,False,22.9086,50.000000,short=0.000 small=1.000 angle_diff=6.981 mode=confirmed,,22.9086,22.9086,22.9086,1118.768,0.000,0.000,0.0,4.82,
2026-10-01T11:00:01.840,1790816396.965,1,fuzzy_wkal_ebike,fuzzy,True,-37.90824035420161,145.13240068659465,True,1758.3352,1650.1298,1758.3352,1650.1298,1735.5964,1652.9141,1735.5964,1652.9141,,,1735.5964,1652.9141,-1272942443#1,0,,False,22.9086,50.000000,short=0.000 small=1.000 angle_diff=6.981 mode=confirmed,,22.9086,22.9086,22.9086,657.741,0.000,0.000,0.0,4.82,
2026-10-01T11:00:01.840,1790816396.965,1,hmm_wokal_ebike,hmm,False,-37.90824035420161,145.13240068659465,True,1758.3352,1650.1298,1758.3352,1650.1298,1737.5911,1652.6720,1737.5911,1652.6720,,,1737.5911,1652.6720,1272942443#1,0,,False,20.8992,0.000000,emission=-11.884 transition=-- sigma=4.822 num_candidates=5.000,,20.8992,20.8992,20.8992,738.832,0.000,0.000,0.0,4.82,
2026-10-01T11:00:01.840,1790816396.965,1,hmm_wkal_ebike,hmm,True,-37.90824035420161,145.13240068659465,True,1758.3352,1650.1298,1758.3352,1650.1298,1737.5911,1652.6720,1737.5911,1652.6720,,,1737.5911,1652.6720,1272942443#1,0,,False,20.8992,0.000000,emission=-11.884 transition=-- sigma=4.822 num_candidates=5.000,,20.8992,20.8992,20.8992,636.045,0.000,0.000,0.0,4.82,
2026-10-01T11:00:01.840,1790816396.965,1,st_wokal_ebike,st,False,-37.90824035420161,145.13240068659465,True,1758.3352,1650.1298,1758.3352,1650.1298,1737.5911,1652.6720,1737.5911,1652.6720,,,1737.5911,1652.6720,1272942443#1,0,,False,20.8992,-4.460644,obs=0.012 trans=-- fs=0.012 ft=--,1,20.8992,20.8992,20.8992,667.189,0.000,0.000,0.0,4.82,
2026-10-01T11:00:01.840,1790816396.965,1,st_wkal_ebike,st,True,-37.90824035420161,145.13240068659465,True,1758.3352,1650.1298,1758.3352,1650.1298,1737.5911,1652.6720,1737.5911,1652.6720,,,1737.5911,1652.6720,1272942443#1,0,,False,20.8992,-4.460644,obs=0.012 trans=-- fs=0.012 ft=--,1,20.8992,20.8992,20.8992,664.473,0.000,0.000,0.0,4.82,
2026-10-01T11:00:09.948,1790816405.017,2,native_wokal_ebike,native,False,-37.90823876615746,145.13239920625935,True,1758.2015,1650.3034,1758.2015,1650.3034,1737.6100,1652.8258,1737.6100,1652.8258,,,1737.6100,1652.8258,1272942443#1,0,53.8550,False,,,,,20.7454,20.7454,20.7454,26.857,0.000,0.000,0.0,4.69,
2026-10-01T11:00:09.948,1790816405.017,2,native_wkal_ebike,native,True,-37.90823876615746,145.13239920625935,True,1758.2015,1650.3034,1758.2032,1650.3013,1737.6097,1652.8239,1737.6097,1652.8239,,,1737.6097,1652.8239,1272942443#1,0,53.8570,False,,,,,20.7454,20.7454,20.7474,21.434,0.000,0.000,0.0,4.69,
2026-10-01T11:00:09.948,1790816405.017,2,topo_wokal_ebike,topo,False,-37.90823876615746,145.13239920625935,True,1758.2015,1650.3034,1758.2015,1650.3034,1737.6101,1652.8269,1737.6101,1652.8269,,,1737.6101,1652.8269,1272942443#1,0,,False,20.7454,0.603712,prox=0.384 head=0.500 conn=1.000 turn=1.000,,20.7454,20.7454,20.7454,0.839,0.000,0.000,0.0,4.69,
2026-10-01T11:00:09.948,1790816405.017,2,topo_wkal_ebike,topo,True,-37.90823876615746,145.13239920625935,True,1758.2015,1650.3034,1758.2032,1650.3013,1737.6099,1652.8249,1737.6099,1652.8249,,,1737.6099,1652.8249,1272942443#1,0,,False,20.7474,0.603685,prox=0.384 head=0.500 conn=1.000 turn=1.000,,20.7454,20.7454,20.7474,0.557,0.000,0.000,0.0,4.69,
2026-10-01T11:00:09.948,1790816405.017,2,fuzzy_wokal_ebike,fuzzy,False,-37.90823876615746,145.13239920625935,True,1758.2015,1650.3034,1758.2015,1650.3034,1735.6154,1653.0690,1735.6154,1653.0690,,,1735.6154,1653.0690,-1272942443#1,0,,False,22.7548,50.000000,short=0.000 small=1.000 angle_diff=6.981 mode=following,,22.7548,22.7548,22.7548,0.090,0.000,0.000,0.0,4.69,
2026-10-01T11:00:09.948,1790816405.017,2,fuzzy_wkal_ebike,fuzzy,True,-37.90823876615746,145.13239920625935,True,1758.2015,1650.3034,1758.2032,1650.3013,1735.6152,1653.0670,1735.6152,1653.0670,,,1735.6152,1653.0670,-1272942443#1,0,,False,22.7567,50.000000,short=0.000 small=1.000 angle_diff=6.981 mode=following,,22.7548,22.7548,22.7567,0.079,0.000,0.000,0.0,4.69,
2026-10-01T11:00:09.948,1790816405.017,2,hmm_wokal_ebike,hmm,False,-37.90823876615746,145.13239920625935,True,1758.2015,1650.3034,1758.2015,1650.3034,1737.6101,1652.8269,1737.6101,1652.8269,,,1737.6101,1652.8269,1272942443#1,0,,False,20.7454,0.000000,emission=-12.253 transition=1.294 sigma=4.688 num_candidates=5.000,,20.7454,20.7454,20.7454,112.764,0.000,0.000,0.0,4.69,
2026-10-01T11:00:09.948,1790816405.017,2,hmm_wkal_ebike,hmm,True,-37.90823876615746,145.13239920625935,True,1758.2015,1650.3034,1758.2032,1650.3013,1737.6099,1652.8249,1737.6099,1652.8249,,,1737.6099,1652.8249,1272942443#1,0,,False,20.7474,0.000000,emission=-12.255 transition=1.298 sigma=4.688 num_candidates=5.000,,20.7454,20.7454,20.7474,143.099,0.000,0.000,0.0,4.69,
2026-10-01T11:00:09.948,1790816405.017,2,st_wokal_ebike,st,False,-37.90823876615746,145.13239920625935,True,1758.2015,1650.3034,1758.2015,1650.3034,1737.6101,1652.8269,1737.6101,1652.8269,,,1737.6101,1652.8269,1272942443#1,0,,False,20.7454,-8.913281,obs=0.012 trans=1.000 fs=0.012 ft=1.000,2,20.7454,20.7454,20.7454,149.742,0.000,0.000,0.0,4.69,
2026-10-01T11:00:09.948,1790816405.017,2,st_wkal_ebike,st,True,-37.90823876615746,145.13239920625935,True,1758.2015,1650.3034,1758.2032,1650.3013,1737.6099,1652.8249,1737.6099,1652.8249,,,1737.6099,1652.8249,1272942443#1,0,,False,20.7474,-8.913380,obs=0.012 trans=1.000 fs=0.012 ft=1.000,2,20.7454,20.7454,20.7474,118.536,0.000,0.000,0.0,4.69,
2026-10-01T11:00:12.625,1790816411.97,3,native_wokal_ebike,native,False,-37.90823734326849,145.13239787987763,True,1758.0817,1650.4590,1758.0817,1650.4590,1737.6270,1652.9646,1737.6270,1652.9646,,,1737.6270,1652.9646,1272942443#1,0,53.7152,False,,,,,20.6076,20.6076,20.6076,26.666,0.000,0.000,0.0,4.57,
2026-10-01T11:00:12.625,1790816411.97,3,native_wkal_ebike,native,True,-37.90823734326849,145.13239787987763,True,1758.0817,1650.4590,1758.0832,1650.4570,1737.6268,1652.9629,1737.6268,1652.9629,,,1737.6268,1652.9629,1272942443#1,0,53.7169,False,,,,,20.6076,20.6076,20.6093,24.080,0.000,0.000,0.0,4.57,
2026-10-01T11:00:12.625,1790816411.97,3,topo_wokal_ebike,topo,False,-37.90823734326849,145.13239787987763,True,1758.0817,1650.4590,1758.0817,1650.4590,1737.6271,1652.9657,1737.6271,1652.9657,,,1737.6271,1652.9657,1272942443#1,0,,False,20.6076,0.605671,prox=0.389 head=0.500 conn=1.000 turn=1.000,,20.6076,20.6076,20.6076,0.665,0.000,0.000,0.0,4.57,
2026-10-01T11:00:12.625,1790816411.97,3,topo_wkal_ebike,topo,True,-37.90823734326849,145.13239787987763,True,1758.0817,1650.4590,1758.0832,1650.4570,1737.6269,1652.9639,1737.6269,1652.9639,,,1737.6269,1652.9639,1272942443#1,0,,False,20.6093,0.605646,prox=0.389 head=0.500 conn=1.000 turn=1.000,,20.6076,20.6076,20.6093,0.992,0.000,0.000,0.0,4.57,
2026-10-01T11:00:12.625,1790816411.97,3,fuzzy_wokal_ebike,fuzzy,False,-37.90823734326849,145.13239787987763,True,1758.0817,1650.4590,1758.0817,1650.4590,1735.6324,1653.2078,1735.6324,1653.2078,,,1735.6324,1653.2078,-1272942443#1,0,,False,22.6170,50.000000,short=0.000 small=1.000 angle_diff=6.981 mode=following,,22.6170,22.6170,22.6170,0.088,0.000,0.000,0.0,4.57,
2026-10-01T11:00:12.625,1790816411.97,3,fuzzy_wkal_ebike,fuzzy,True,-37.90823734326849,145.13239787987763,True,1758.0817,1650.4590,1758.0832,1650.4570,1735.6322,1653.2061,1735.6322,1653.2061,,,1735.6322,1653.2061,-1272942443#1,0,,False,22.6187,50.000000,short=0.000 small=1.000 angle_diff=6.981 mode=following,,22.6170,22.6170,22.6187,0.077,0.000,0.000,0.0,4.57,
2026-10-01T11:00:12.625,1790816411.97,3,hmm_wokal_ebike,hmm,False,-37.90823734326849,145.13239787987763,True,1758.0817,1650.4590,1758.0817,1650.4590,1737.6271,1652.9657,1737.6271,1652.9657,,,1737.6271,1652.9657,1272942443#1,0,,False,20.6076,0.000000,emission=-12.626 transition=1.327 sigma=4.565 num_candidates=5.000,,20.6076,20.6076,20.6076,1.370,0.000,0.000,0.0,4.57,
2026-10-01T11:00:12.625,1790816411.97,3,hmm_wkal_ebike,hmm,True,-37.90823734326849,145.13239787987763,True,1758.0817,1650.4590,1758.0832,1650.4570,1737.6269,1652.9639,1737.6269,1652.9639,,,1737.6269,1652.9639,1272942443#1,0,,False,20.6093,0.000000,emission=-12.627 transition=1.327 sigma=4.565 num_candidates=5.000,,20.6076,20.6076,20.6093,0.956,0.000,0.000,0.0,4.57,
2026-10-01T11:00:12.625,1790816411.97,3,st_wokal_ebike,st,False,-37.90823734326849,145.13239787987763,True,1758.0817,1650.4590,1758.0817,1650.4590,1737.6271,1652.9657,1737.6271,1652.9657,,,1737.6271,1652.9657,1272942443#1,0,,False,20.6076,-13.358794,obs=0.012 trans=1.000 fs=0.012 ft=1.000,3,20.6076,20.6076,20.6076,1.518,0.000,0.000,0.0,4.57,
2026-10-01T11:00:12.625,1790816411.97,3,st_wkal_ebike,st,True,-37.90823734326849,145.13239787987763,True,1758.0817,1650.4590,1758.0832,1650.4570,1737.6269,1652.9639,1737.6269,1652.9639,,,1737.6269,1652.9639,1272942443#1,0,,False,20.6093,-13.358982,obs=0.012 trans=1.000 fs=0.012 ft=1.000,3,20.6076,20.6076,20.6093,1.684,0.000,0.000,0.0,4.57,
2026-10-01T11:00:24.811,1790816423.233,4,native_wokal_ebike,native,False,-37.90824299258758,145.1324042053119,True,1758.6504,1649.8432,1758.6504,1649.8432,1737.5611,1652.4266,1737.5611,1652.4266,,,,,1272942443#1,0,54.2572,False,,,,,21.2470,21.2470,21.2470,24.765,0.000,,0.0,4.57,spawn_failed
2026-10-01T11:00:24.811,1790816423.233,4,native_wkal_ebike,native,True,-37.90824299258758,145.1324042053119,True,1758.6504,1649.8432,1758.5829,1649.9199,1737.5693,1652.4940,1737.5693,1652.4940,,,,,1272942443#1,0,54.1893,False,,,,,21.2471,21.2471,21.1707,26.708,0.000,,0.0,4.57,spawn_failed
2026-10-01T11:00:24.811,1790816423.233,4,topo_wokal_ebike,topo,False,-37.90824299258758,145.1324042053119,True,1758.6504,1649.8432,1758.6504,1649.8432,1737.5612,1652.4277,1737.5612,1652.4277,,,,,1272942443#1,0,,False,21.2470,0.596684,prox=0.367 head=0.500 conn=1.000 turn=1.000,,21.2470,21.2470,21.2470,0.621,0.000,,0.0,4.57,spawn_failed
2026-10-01T11:00:24.811,1790816423.233,4,topo_wkal_ebike,topo,True,-37.90824299258758,145.1324042053119,True,1758.6504,1649.8432,1758.5829,1649.9199,1737.5695,1652.4951,1737.5695,1652.4951,,,,,1272942443#1,0,,False,21.1707,0.597742,prox=0.369 head=0.500 conn=1.000 turn=1.000,,21.2471,21.2471,21.1707,0.983,0.000,,0.0,4.57,spawn_failed
2026-10-01T11:00:24.811,1790816423.233,4,fuzzy_wokal_ebike,fuzzy,False,-37.90824299258758,145.1324042053119,True,1758.6504,1649.8432,1758.6504,1649.8432,1735.5665,1652.6698,1735.5665,1652.6698,,,1735.5665,1652.6698,-1272942443#1,0,,False,23.2563,50.000000,short=0.000 small=1.000 angle_diff=6.981 mode=following,,23.2563,23.2563,23.2563,0.098,0.000,0.000,0.0,4.57,
2026-10-01T11:00:24.811,1790816423.233,4,fuzzy_wkal_ebike,fuzzy,True,-37.90824299258758,145.1324042053119,True,1758.6504,1649.8432,1758.5829,1649.9199,1735.5748,1652.7372,1735.5748,1652.7372,,,1735.5748,1652.7372,-1272942443#1,0,,False,23.1800,50.000000,short=0.000 small=1.000 angle_diff=6.981 mode=following,,23.2564,23.2564,23.1800,0.082,0.000,0.000,0.0,4.57,
2026-10-01T11:00:24.811,1790816423.233,4,hmm_wokal_ebike,hmm,False,-37.90824299258758,145.1324042053119,True,1758.6504,1649.8432,1758.6504,1649.8432,1737.5612,1652.4277,1737.5612,1652.4277,,,,,1272942443#1,0,,False,21.2470,0.000000,emission=-13.264 transition=0.129 sigma=4.566 num_candidates=5.000,,21.2470,21.2470,21.2470,1.876,0.000,,0.0,4.57,spawn_failed
2026-10-01T11:00:24.811,1790816423.233,4,hmm_wkal_ebike,hmm,True,-37.90824299258758,145.1324042053119,True,1758.6504,1649.8432,1758.5829,1649.9199,1737.5695,1652.4951,1737.5695,1652.4951,,,,,1272942443#1,0,,False,21.1707,0.000000,emission=-13.186 transition=0.303 sigma=4.566 num_candidates=5.000,,21.2471,21.2471,21.1707,1.288,0.000,,0.0,4.57,spawn_failed
2026-10-01T11:00:24.811,1790816423.233,4,st_wokal_ebike,st,False,-37.90824299258758,145.1324042053119,True,1758.6504,1649.8432,1758.6504,1649.8432,1737.5612,1652.4277,1737.5612,1652.4277,,,,,1272942443#1,0,,False,21.2470,-17.837758,obs=0.011 trans=1.000 fs=0.011 ft=1.000,4,21.2470,21.2470,21.2470,1.337,0.000,,0.0,4.57,spawn_failed
2026-10-01T11:00:24.811,1790816423.233,4,st_wkal_ebike,st,True,-37.90824299258758,145.1324042053119,True,1758.6504,1649.8432,1758.5829,1649.9199,1737.5695,1652.4951,1737.5695,1652.4951,,,,,1272942443#1,0,,False,21.1707,-17.833900,obs=0.011 trans=1.000 fs=0.011 ft=1.000,4,21.2471,21.2471,21.1707,1.904,0.000,,0.0,4.57,spawn_failed
2026-10-01T11:00:28.967,1790816428.122,5,native_wokal_ebike,native,False,-37.908237341540826,145.13239787858765,True,1758.0816,1650.4592,1758.0816,1650.4592,1737.6270,1652.9648,1737.6270,1652.9648,,,,,1272942443#1,0,53.7150,False,,,,,20.6075,20.6075,20.6075,26.912,0.000,,0.0,4.57,spawn_failed
2026-10-01T11:00:28.967,1790816428.122,5,native_wkal_ebike,native,True,-37.908237341540826,145.13239787858765,True,1758.0816,1650.4592,1758.2768,1650.2497,1737.6046,1652.7820,1737.6046,1652.7820,,,,,1272942443#1,0,53.8992,False,,,,,20.6083,20.6083,20.8267,24.479,0.000,,0.0,4.57,spawn_failed
2026-10-01T11:00:28.967,1790816428.122,5,topo_wokal_ebike,topo,False,-37.908237341540826,145.13239787858765,True,1758.0816,1650.4592,1758.0816,1650.4592,1737.6271,1652.9658,1737.6271,1652.9658,,,,,1272942443#1,0,,False,20.6075,0.605673,prox=0.389 head=0.500 conn=1.000 turn=1.000,,20.6075,20.6075,20.6075,0.813,0.000,,0.0,4.57,spawn_failed
2026-10-01T11:00:28.967,1790816428.122,5,topo_wkal_ebike,topo,True,-37.908237341540826,145.13239787858765,True,1758.0816,1650.4592,1758.2768,1650.2497,1737.6047,1652.7831,1737.6047,1652.7831,,,,,1272942443#1,0,,False,20.8267,0.602562,prox=0.381 head=0.500 conn=1.000 turn=1.000,,20.6083,20.6083,20.8267,0.608,0.000,,0.0,4.57,spawn_failed
2026-10-01T11:00:28.967,1790816428.122,5,fuzzy_wokal_ebike,fuzzy,False,-37.908237341540826,145.13239787858765,True,1758.0816,1650.4592,1758.0816,1650.4592,1735.6324,1653.2080,1735.6324,1653.2080,,,1735.6324,1653.2080,-1272942443#1,0,,False,22.6169,50.000000,short=0.000 small=1.000 angle_diff=6.981 mode=following,,22.6169,22.6169,22.6169,0.112,0.000,0.000,0.0,4.57,
2026-10-01T11:00:28.967,1790816428.122,5,fuzzy_wkal_ebike,fuzzy,True,-37.908237341540826,145.13239787858765,True,1758.0816,1650.4592,1758.2768,1650.2497,1735.6100,1653.0251,1735.6100,1653.0251,,,1735.6100,1653.0251,-1272942443#1,0,,False,22.8361,50.000000,short=0.000 small=1.000 angle_diff=6.981 mode=following,,22.6176,22.6176,22.8361,0.097,0.000,0.000,0.0,4.57,
2026-10-01T11:00:28.967,1790816428.122,5,hmm_wokal_ebike,hmm,False,-37.908237341540826,145.13239787858765,True,1758.0816,1650.4592,1758.0816,1650.4592,1737.6271,1652.9658,1737.6271,1652.9658,,,,,1272942443#1,0,,False,20.6075,0.000000,emission=-12.622 transition=0.128 sigma=4.566 num_candidates=5.000,,20.6075,20.6075,20.6075,0.882,0.000,,0.0,4.57,spawn_failed
2026-10-01T11:00:28.967,1790816428.122,5,hmm_wkal_ebike,hmm,True,-37.908237341540826,145.13239787858765,True,1758.0816,1650.4592,1758.2768,1650.2497,1737.6047,1652.7831,1737.6047,1652.7831,,,,,1272942443#1,0,,False,20.8267,0.000000,emission=-12.839 transition=0.810 sigma=4.566 num_candidates=5.000,,20.6083,20.6083,20.8267,0.961,0.000,,0.0,4.57,spawn_failed
2026-10-01T11:00:28.967,1790816428.122,5,st_wokal_ebike,st,False,-37.908237341540826,145.13239787858765,True,1758.0816,1650.4592,1758.0816,1650.4592,1737.6271,1652.9658,1737.6271,1652.9658,,,,,1272942443#1,0,,False,20.6075,-22.283265,obs=0.012 trans=1.000 fs=0.012 ft=1.000,5,20.6075,20.6075,20.6075,1.994,0.000,,0.0,4.57,spawn_failed
2026-10-01T11:00:28.967,1790816428.122,5,st_wkal_ebike,st,True,-37.908237341540826,145.13239787858765,True,1758.0816,1650.4592,1758.2768,1650.2497,1737.6047,1652.7831,1737.6047,1652.7831,,,,,1272942443#1,0,,False,20.8267,-22.290761,obs=0.012 trans=1.000 fs=0.012 ft=1.000,5,20.6083,20.6083,20.8267,1.535,0.000,,0.0,4.57,spawn_failed
2026-10-01T11:00:31.081,1790816431.032,6,native_wokal_ebike,native,False,-37.908252545073026,145.13240037077068,True,1758.3345,1648.7765,1758.3345,1648.7765,1737.4276,1651.3375,1737.4276,1651.3375,,,,,1272942443#1,0,55.3545,False,,,,,21.0632,21.0632,21.0632,22.467,0.000,,0.0,4.57,spawn_failed
2026-10-01T11:00:31.081,1790816431.032,6,native_wkal_ebike,native,True,-37.908252545073026,145.13240037077068,True,1758.3345,1648.7765,1758.2931,1649.3891,1737.5009,1651.9361,1737.5009,1651.9361,,,,,1272942443#1,0,54.7514,False,,,,,21.0718,21.0718,20.9475,21.316,0.000,,0.0,4.57,spawn_failed
2026-10-01T11:00:31.081,1790816431.032,6,topo_wokal_ebike,topo,False,-37.908252545073026,145.13240037077068,True,1758.3345,1648.7765,1758.3345,1648.7765,1737.4277,1651.3386,1737.4277,1651.3386,,,,,1272942443#1,0,,False,21.0632,0.599240,prox=0.373 head=0.500 conn=1.000 turn=1.000,,21.0632,21.0632,21.0632,0.635,0.000,,0.0,4.57,spawn_failed
2026-10-01T11:00:31.081,1790816431.032,6,topo_wkal_ebike,topo,True,-37.908252545073026,145.13240037077068,True,1758.3345,1648.7765,1758.2931,1649.3891,1737.5011,1651.9372,1737.5011,1651.9372,,,,,1272942443#1,0,,False,20.9475,0.600860,prox=0.377 head=0.500 conn=1.000 turn=1.000,,21.0718,21.0718,20.9475,0.615,0.000,,0.0,4.57,spawn_failed
2026-10-01T11:00:31.081,1790816431.032,6,fuzzy_wokal_ebike,fuzzy,False,-37.908252545073026,145.13240037077068,True,1758.3345,1648.7765,1758.3345,1648.7765,1735.4332,1651.5807,1735.4332,1651.5807,,,1735.4332,1651.5807,-1272942443#1,0,,False,23.0724,50.000000,short=0.000 small=1.000 angle_diff=6.981 mode=following,,23.0724,23.0724,23.0724,0.132,0.000,0.000,0.0,4.57,
2026-10-01T11:00:31.081,1790816431.032,6,fuzzy_wkal_ebike,fuzzy,True,-37.908252545073026,145.13240037077068,True,1758.3345,1648.7765,1758.2931,1649.3891,1735.5064,1652.1792,1735.5064,1652.1792,,,1735.5064,1652.1792,-1272942443#1,0,,False,22.9568,50.000000,short=0.000 small=1.000 angle_diff=6.981 mode=following,,23.0803,23.0803,22.9568,0.080,0.000,0.000,0.0,4.57,
2026-10-01T11:00:31.081,1790816431.032,6,hmm_wokal_ebike,hmm,False,-37.908252545073026,145.13240037077068,True,1758.3345,1648.7765,1758.3345,1648.7765,1737.4277,1651.3386,1737.4277,1651.3386,,,,,1272942443#1,0,,False,21.0632,0.000000,emission=-13.077 transition=1.299 sigma=4.566 num_candidates=5.000,,21.0632,21.0632,21.0632,0.896,0.000,,0.0,4.57,spawn_failed
2026-10-01T11:00:31.081,1790816431.032,6,hmm_wkal_ebike,hmm,True,-37.908252545073026,145.13240037077068,True,1758.3345,1648.7765,1758.2931,1649.3891,1737.5011,1651.9372,1737.5011,1651.9372,,,,,1272942443#1,0,,False,20.9475,0.000000,emission=-12.960 transition=1.567 sigma=4.566 num_candidates=5.000,,21.0718,21.0718,20.9475,0.836,0.000,,0.0,4.57,spawn_failed
2026-10-01T11:00:31.081,1790816431.032,6,st_wokal_ebike,st,False,-37.908252545073026,145.13240037077068,True,1758.3345,1648.7765,1758.3345,1648.7765,1737.4277,1651.3386,1737.4277,1651.3386,,,,,1272942443#1,0,,False,21.0632,-26.752508,obs=0.011 trans=1.000 fs=0.011 ft=1.000,6,21.0632,21.0632,21.0632,1.690,0.000,,0.0,4.57,spawn_failed
2026-10-01T11:00:31.081,1790816431.032,6,st_wkal_ebike,st,True,-37.908252545073026,145.13240037077068,True,1758.3345,1648.7765,1758.2931,1649.3891,1737.5011,1651.9372,1737.5011,1651.9372,,,,,1272942443#1,0,,False,20.9475,-26.753931,obs=0.012 trans=1.000 fs=0.012 ft=1.000,6,21.0718,21.0718,20.9475,1.522,0.000,,0.0,4.57,spawn_failed
