gps_x,gps_y,gt_x,gt_y
473.7291117,1267.162459,476.93,1284.79
473.0268462,1272.159309,476.93,1284.79
471.7866339,1275.069598,476.93,1284.79
477.7709816,1282.304613,476.93,1284.79
475.7362837,1288.214475,477.3118565,1288.028709
478.0171809,1294.462773,478.0697274,1294.456577
479.4925256,1302.843308,479.064506,1302.893773
480.8408586,1312.132408,480.1834854,1312.212917
482.7968747,1319.726018,481.1286354,1319.930327
484.386391,1329.440501,482.3242743,1329.693048
485.8438453,1338.927075,483.4904622,1339.215293
488.5022528,1349.223895,484.7721613,1349.680719
492.4236756,1357.199581,485.78,1357.91
495.9601828,1366.703132,486.0039295,1365.263893
496.0361873,1377.028582,485.3053289,1378.73971
501.9220752,1387.699555,487.1106644,1390.061362
500.604022,1395.907974,488.3544285,1397.861278
504.0006814,1405.973356,491.1787143,1411.264962
503.9163697,1412.936043,492.5040034,1415.852281
497.0367919,1417.84959,493.2609351,1418.814447
495.2116133,1426.083739,493.1417578,1425.231445
489.4098469,1433.965083,488.1451384,1428.846025
481.3095856,1438.204802,480.3647901,1430.075408
466.7370764,1433.414382,466.537183,1431.647844
454.5943196,1434.911206,454.3642938,1433.042414
442.4691842,1436.462887,442.2319776,1434.535756
430.4012506,1436.268973,430.3676643,1435.99611
415.104785,1440.120866,414.8324458,1437.908308
404.4142589,1439.37781,404.3915669,1439.193454
395.9850461,1442.126178,395.754914,1440.256522
375.4958763,1443.386937,375.4186672,1442.759669
363.839385,1444.867675,363.7555832,1444.170951
352.7059294,1447.383398,352.4865019,1445.507949
340.6594751,1448.35672,340.6960473,1446.219859
330.0232991,1448.921344,330.8540458,1444.93376
316.5734906,1441.69195,317.2628533,1440.413953
305.4285499,1433.311363,307.976275,1431.575725
297.0604525,1420.276327,296.5019474,1421.425252
287.927023,1419.860716,288.1086715,1418.600529
278.1815983,1420.716308,277.7489454,1418.869619
268.9183396,1424.977404,267.9475504,1423.445485
261.8516459,1430.831872,261.5907685,1426.625224
251.4426413,1421.91827,251.4359245,1421.924408
251.7787016,1410.822969,248.9720735,1411.222061
248.7183179,1400.988832,247.5246329,1401.161334
248.9675343,1387.39599,245.6055873,1387.881831
247.1318233,1375.931151,243.9451223,1376.391667
244.6890716,1363.55454,242.143173,1363.922453
240.9224136,1348.967768,240.0012804,1349.100883
238.6681106,1332.424314,237.6133457,1332.57674
236.7243891,1322.123897,236.1155017,1322.211888
235.2652209,1309.831686,234.3699324,1309.955195
231.7416228,1293.572242,232.1363466,1293.519982
231.7991545,1282.376961,230.6806482,1282.525048
229.9978889,1269.091913,228.8316693,1269.256672
227.4317213,1257.723872,227.2068464,1257.755641
228.2622209,1244.995171,225.4600236,1245.391055
226.0159884,1232.237242,223.6489456,1232.571649
222.2310967,1219.606263,221.8253425,1219.663586
220.1764105,1201.975983,219.3431351,1202.093705
218.1049826,1188.239862,217.4082027,1188.33771
216.3818146,1175.192081,215.5780334,1175.304955
215.3275147,1162.865344,213.9109307,1163.051299
215.2371577,1149.079267,212.1303632,1149.487095
211.4575709,1135.481743,210.311623,1135.632173
208.4431729,1122.593368,208.5973505,1122.573129
210.1700179,1109.071683,206.9073084,1109.489282
208.7476217,1093.240803,204.8908256,1093.734439
206.2121928,1081.706447,203.3978563,1082.066381
204.0740031,1068.301282,201.6766121,1068.607891
203.6367728,1054.885652,199.9814254,1055.353145
201.8868718,1040.448844,198.1320436,1040.933338
197.6288879,1027.363995,196.3907349,1027.528904
195.8074354,1015.421907,194.7513822,1015.568117
196.6879654,1001.584737,192.8882225,1002.11081
193.5816436,989.8197648,191.2688934,990.1289573
191.5594067,976.3335609,189.4620673,976.6139551
190.2846077,964.3413904,187.8645964,964.6649227
188.5870044,950.8163628,186.0583714,951.1544168
185.1537997,938.3974825,184.3669551,938.502676
184.1232992,925.5835417,182.6658402,925.77839
182.5205476,913.6550178,181.0709702,913.8488124
180.7248878,902.7748729,179.6485474,902.7784135
181.0314062,889.8981747,179.7545015,889.8472118
179.7614997,874.1097759,179.304569,874.1361298
178.4770128,866.1653713,178.843628,866.1442264
178.8677529,852.4028305,178.3683069,852.4140408
185.7690031,833.117535,185.0792351,831.827511
200.7170259,830.5796513,201.003162,829.203238
213.6206251,829.0900828,213.8564537,826.5018637
226.3660422,826.9315027,226.082292,825.0177656
239.2908637,824.8796445,239.0267709,823.0984854
250.4410127,822.5648999,250.3157184,821.5662212
261.3573332,819.603221,261.4286906,820.1719864
272.3272402,819.9039277,272.1914622,818.8216877
283.3237689,817.156136,283.3569812,817.4208603
294.5708206,815.7153717,294.6077023,816.0093435
305.2803713,815.5376825,305.1732418,814.6837896
316.4872991,814.5747151,316.3143736,813.2714029
326.9801326,812.9475787,326.8138136,811.807504
338.3398423,811.7332669,338.11744,810.1731309
350.5821083,810.7296699,350.2604905,808.4518121
361.9218378,808.3952312,361.7017398,806.8363869
372.7158251,806.7776112,372.4451416,805.2801202
385.3227822,804.3996266,385.1189043,803.2770699
396.6316222,803.121653,396.2913205,801.247944
405.9829333,800.4300335,405.42,799.59
409.0103619,795.4063401,408.5519489,795.2690907
404.3935659,796.3727691,406.5874438,798.3535275
392.9754148,797.5923992,391.9501521,795.8214909
382.7327321,801.5956452,383.1045556,803.6429144
371.1628423,802.5232803,371.1168083,802.2697163
358.5470888,805.5203538,358.3436752,804.0786151
346.5860028,807.3497602,346.3629694,805.7689622
336.2649652,807.7142809,336.1937946,807.2171491
325.1356265,808.2738985,325.214163,808.811874
315.3874308,809.7530623,315.4421564,810.1652504
298.3471588,812.4139252,298.3353974,812.3200506
286.1174895,812.6529236,286.2652493,813.8322897
271.3041648,815.6676387,271.3089864,815.706123
259.2989387,817.7011737,259.2384544,817.2184102
246.444607,823.6927127,246.2428174,822.0751931
233.2570808,823.6989819,233.2940729,823.9484735
221.3905087,825.2800275,221.4905183,825.8345718
210.0871015,826.4139925,210.0866106,826.3967513
202.7718656,823.0651723,205.5709419,819.0065116
199.7637971,807.6942707,200.3532979,807.5745675
197.7677255,795.4688699,198.2271966,795.4043757
197.2650441,782.3833155,196.5292868,782.4742281
196.1310093,770.720468,195.1382413,770.8331039
198.5381926,760.3973765,193.9619037,760.9528433
206.4965897,753.816161,206.1368573,751.4502051
223.113888,751.6948366,222.6939304,748.9327803
229.0058979,751.5818403,228.4696003,748.054617
234.511181,747.1423585,234.5131402,747.1559408
249.3159205,745.262967,249.2947576,745.1088279
258.0677465,744.9883474,257.9235267,743.9273653
265.944776,742.1757009,266.0330403,742.8250352
282.0065001,740.8262855,281.9834734,740.6568849
286.83428,738.2785148,287.0637051,739.9663265
290.0587716,727.982122,292.0526697,727.6743082
287.1489565,717.8110655,290.5440251,717.4073523
288.1787959,707.9462955,289.4017033,707.8008775
287.9241018,693.0776585,287.6547496,693.1096877
286.1041282,679.3031664,285.9113863,679.3292798
284.4818691,667.3711116,284.3035853,667.3950745
284.9163935,656.2858912,282.8657939,656.5567252
283.9464184,649.0339867,281.9077864,649.30324
283.4028585,640.9332605,280.8469033,641.2708395
280.2674891,635.713388,280.1155507,635.7334553
282.1081738,632.9473917,279.7742538,633.2723679
292.8086317,620.4655582,292.8469274,620.8919426
298.6623078,620.0498728,298.6888592,620.2982525
302.6970354,619.7120896,302.7137023,619.8680034
312.5510877,618.8871119,312.5436145,618.8172018
319.5424719,618.240974,319.5053427,617.951813
323.5294835,617.8137988,323.4816462,617.4412433
326.9278754,617.4496895,326.8709109,617.0060513
338.6262534,616.196293,338.9508196,615.9338305
345.8802975,615.3017446,345.9895033,616.1900179
354.8797255,614.1207238,354.9979682,615.0825024
363.6137419,612.9745239,363.740756,614.0076497
370.1722122,612.1138224,370.3058139,613.2005306
383.7027489,610.3381257,383.849943,611.5353931
391.6091474,609.3342066,391.7602041,610.5628926
402.4882483,607.9984402,402.6390957,609.2254237
410.3984391,607.0271961,410.5487578,608.2581517
420.3874833,605.80069,420.5455439,606.9414261
432.3615568,604.3304261,432.4939411,605.2858543
445.0737543,602.6028394,445.2015411,603.5250872
459.1254683,600.6928887,459.2473944,601.5885712
472.8766868,598.7654706,473.0060322,599.7156559
484.7584873,597.0927234,484.8952261,598.0972214
499.8681458,594.8345249,500.0317981,596.0367327
513.5289575,592.779289,513.7187568,594.1735748
526.8795719,590.7495688,526.8656885,590.6561407
540.3967226,588.6807569,540.3915863,588.6461923
553.6025149,586.6595761,553.6059275,586.6825412
568.2650039,584.4355105,568.274991,584.5027183
581.9230015,582.3854331,581.9353177,582.4683274
602.0353522,579.409638,602.0458607,579.4803654
618.082871,577.0688559,618.0870548,577.0970147
632.9228195,574.9159474,632.9194492,574.8932637
648.2830212,572.7384706,648.2644318,572.6133539
664.001647,570.5101537,663.9674875,570.2802427
679.9349614,568.2513561,679.9898599,572.1172718
695.3315718,566.1292524,695.29,571.9
712.1816256,583.009249,712.4920248,582.644695
721.9415524,590.9549606,720.9977609,591.3118565
726.2816467,608.5926976,725.52978,608.7869759
730.5125743,622.1027676,729.067024,622.4762899
735.4029871,635.3939309,736.0502533,635.1871314
739.5314507,648.1933462,739.7104541,648.1926244
741.5581955,659.7459804,736.416157,659.6874151
740.9206198,671.4137913,738.2192184,673.375758
743.9278008,684.2524706,746.3076762,680.7210426
760.7876972,676.5072715,760.5121466,676.2929544
774.5191335,670.0097849,774.343402,669.3966897
791.1169344,662.0290637,791.3832449,665.2913678
801.7602221,664.6676477,801.6942605,664.2400343
815.2859447,662.5860856,815.223308,662.1742497
827.672594,659.9903737,827.7129742,660.2571715
839.3732142,658.9479749,839.3032356,658.4912227
853.6474069,657.189423,853.5139988,656.3135296
869.6045601,656.4155765,869.2419402,653.947541
877.0090071,653.4704876,876.9153799,652.8204993
882.8800578,654.4327002,883.6030617,652.6203704
890.466649,664.6364724,888.4043261,665.0390306
890.9195791,671.180511,889.6514398,671.4280473
893.7737588,682.7329692,891.974759,683.1072709
897.6162096,696.2133029,894.9374622,696.8085801
899.1797822,703.8550323,896.5932676,704.4117564
901.5697744,713.2001936,898.6214904,713.8347854
903.8173563,724.565789,901.0590325,725.1594936
906.4685024,734.4785329,903.19,735.03
908.7032693,747.6259153,902.58,744.72
898.480271,749.6977424,897.9719468,749.1799609
886.7105609,756.1438954,886.4763463,755.3649646
879.7532188,758.3085604,879.4870625,757.3614182
872.2421782,760.1186026,872.0484145,759.3687637
862.0762073,762.6195013,861.9354893,762.1050544
853.3216574,763.389862,853.6220987,764.4626978
845.168955,768.2360461,844.8107341,766.9155455
837.498473,769.5230725,837.3408114,768.9417755
827.8713806,773.6724414,827.3254937,771.6557888
815.9660618,775.6707325,815.7392977,774.8700591
809.8181155,777.3286818,809.6131789,776.6050787
802.8747846,779.2540613,802.6814084,778.5866013
795.1016599,781.7436347,794.9118586,781.3965207
790.3101545,784.4668214,790.0457271,784.1919364
782.776669,789.0221753,785.7858295,790.0548094
793.3967388,809.4368589,794.5041432,808.7699824
800.2845003,819.6270833,801.0512319,819.1410947
805.4369479,827.3882689,806.037415,827.0076662
808.7954472,835.198677,810.5316909,834.0981685
816.0292122,847.2270003,818.0439072,845.949997
822.5772049,856.0953716,820.4189502,856.9715699
824.7399559,865.214302,823.9031444,865.5540168
828.850454,874.3713899,827.6849977,874.8463133
828.9681083,878.5281864,829.0866496,878.4851237
833.6325484,890.9675075,833.6224824,890.9711641
838.1765216,900.0909357,837.1026682,900.4850986
844.011745,909.452055,840.8558474,910.6282608
848.5066586,919.0572531,844.4392609,920.494727
851.6565402,932.2482302,848.7071639,933.2357
856.5206012,940.5459321,851.695542,942.1613924
859.8890609,955.4278488,856.515406,956.5573697
864.3422803,967.4502074,860.5837142,968.708599
867.8318063,977.4898228,863.9579628,978.78681
866.9945742,983.6768763,865.736241,984.0981742
867.7545691,987.1500302,866.8584701,987.4500498
870.3571849,1000.11233,869.4582502,1000.24184
871.471699,1011.031408,871.0220437,1011.09619
873.2308034,1022.866075,872.7281718,1022.93849
875.7222179,1035.867199,874.6026408,1036.028038
876.9572472,1049.467435,876.5419172,1049.527101
878.3798339,1062.245585,878.3692734,1062.247102
880.4344303,1075.276387,880.2449715,1075.303604
882.0412909,1087.735292,882.0320761,1087.736617
884.2992268,1099.614785,883.7508936,1099.693608
887.112898,1112.484404,885.6357201,1112.699935
886.5541439,1125.619056,887.4956957,1125.482232
889.6955381,1138.410757,889.1246755,1138.479482
890.010864,1151.335179,890.7432041,1151.239905
891.8387706,1163.221826,892.2942979,1163.162564
895.7977194,1178.422826,894.3048679,1178.61704
896.984067,1190.925514,895.9240949,1191.063413
897.2836667,1201.277417,897.2570679,1201.280887
898.7930569,1205.550843,896.8581486,1203.102592
885.7958086,1208.22582,885.904876,1206.000162
879.229121,1205.123524,879.3952242,1204.86104
874.592923,1203.096833,875.319585,1202.110929
870.1261329,1201.943404,871.9540451,1199.367709
864.2337142,1199.465221,864.2466492,1196.998342
856.0975097,1200.295892,856.1150238,1196.955704
852.7936667,1199.902876,853.12,1196.94
849.6290163,1198.990335,851.1345276,1196.394626
849.2285998,1187.74114,849.8203458,1187.732482
849.5777129,1184.682391,849.7756763,1184.679494
849.6205898,1182.268737,849.7403779,1182.266985
849.4400157,1179.803328,849.7042746,1179.799462
848.2961606,1176.670533,849.6582024,1176.650604
849.0235496,1171.127123,849.5772676,1171.119021
849.9416077,1163.76567,849.4697788,1163.772574
847.8332104,1156.616768,849.0717248,1156.410349
842.4430905,1155.626758,842.1014957,1153.129657
837.5843969,1155.212322,837.387706,1153.774487
832.7815976,1154.968875,832.7058229,1154.414952
830.3571006,1155.828107,829.9562282,1155.777203
829.3268714,1167.364716,830.0071426,1167.358172
829.2738282,1174.819517,830.0788418,1174.811774
829.1520637,1185.60326,830.1825542,1185.593348
831.6995503,1197.209406,830.2944238,1197.222923
831.2091802,1208.774557,830.405618,1208.782287
828.5238291,1220.12277,830.5145225,1220.103621
828.4349328,1230.303409,830.6124369,1230.282463
828.3468629,1240.389507,830.7094421,1240.36678
829.9217173,1245.618166,830.7598797,1245.610103
829.4256701,1252.476518,830.7291223,1252.630296
826.9442524,1259.554966,826.1693555,1257.554781
818.9946828,1260.161677,819.0113796,1260.0986
812.0925553,1252.307614,817.9651341,1252.36123
811.7846158,1241.152758,818.0669441,1241.210116
812.0069873,1230.741789,818.1620071,1230.797984
812.4125671,1220.175358,818.2585046,1220.228731
812.8273218,1210.233641,818.3492997,1210.284057
813.2983138,1199.478144,818.4475287,1199.525156
813.7009164,1188.132659,818.5511382,1188.176941
813.8710182,1177.788976,818.6455826,1177.832567
813.9949188,1170.254743,818.7143749,1170.297832
813.2260583,1162.228629,812.5449217,1157.05785
812.7144719,1153.629472,813.0609996,1156.990036
814.4679131,1141.492714,813.9155436,1157.020434
814.5028272,1139.369672,799.7982714,1143.023531
814.4671013,1141.542095,813.9164872,1157.020468
798.7481492,1158.568039,801.5010893,1156.77121
788.8824222,1160.392223,800.58,1155.36
778.2961923,1161.708944,776.0260217,1143.923575
768.5836525,1162.916983,766.3174625,1145.162801
756.2481108,1152.533583,755.9,1146.45
744.8305426,1149.213335,744.8861091,1146.286286
736.3175453,1147.910883,736.3514621,1146.124266
732.6217412,1147.331709,732.7977029,1146.018764
726.0313468,1168.968573,725.3958995,1168.967131
725.5347475,1176.791918,725.3781456,1176.791562
725.5830166,1187.132291,725.3546832,1187.131773
727.7217225,1196.542365,725.3333424,1196.536946
727.8760272,1205.946002,725.3025015,1205.939414
727.6913585,1214.755338,725.28,1214.73
726.5059775,1218.496322,724.747526,1217.445293
725.9585812,1224.274734,727.1350569,1223.514927
724.0085814,1224.370014,725.4163945,1221.713015
699.4878782,1221.703883,699.4718489,1220.620052
689.2405191,1221.349407,689.231972,1220.771495
676.7248935,1223.630426,676.6808189,1220.971257
669.4719493,1223.153789,669.4377645,1221.091308
661.5176567,1223.511634,661.479727,1221.223209
647.6812683,1222.294521,647.666953,1221.448149
635.7345897,1222.443792,635.7211671,1221.650196
628.3073766,1223.781186,628.2734643,1221.776165
621.6715909,1224.174766,621.6329214,1221.888481
611.8931419,1224.301407,611.8551276,1222.053859
601.1625045,1223.473858,601.1415519,1222.235065
593.4147238,1222.97243,593.4044656,1222.365928
587.4162457,1224.687147,587.3786769,1222.467906
571.3463292,1224.501005,571.3209014,1222.707262
562.0878347,1223.363308,562.0803917,1222.838254
550.0817973,1223.51306,550.0746439,1223.008446
542.4814669,1225.4309,542.4486591,1223.11655
530.0951917,1223.84098,530.0874063,1223.291782
521.3714493,1223.23833,521.3739581,1223.415302
513.1443258,1224.430901,513.0866,1224.060888
507.0588925,1232.091763,508.3542546,1232.199983
509.4046489,1242.891108,508.9215485,1242.919297
508.2870912,1254.578535,509.5974049,1254.502078
509.1746692,1266.055512,510.2678271,1265.991726
515.705781,1277.538452,515.9707484,1277.244538
529.8902091,1277.034165,529.8942374,1277.855375
536.7816661,1278.172637,531.1330572,1278.924608
534.2652591,1303.832253,534.4456897,1303.808233
536.279163,1315.572535,536.0164681,1315.607507
536.9007279,1326.917798,537.5014935,1326.844398
540.0240194,1338.869703,539.8687462,1338.935543
543.4999511,1342.565006,542.8702765,1343.267768
546.1168119,1347.233256,546.8544496,1346.047361
555.4482429,1350.779773,555.5769266,1348.006417
567.4114536,1349.423539,567.4417827,1348.445096
575.8258606,1349.592048,575.5980931,1350.598463
577.5166641,1352.228443,576.9988867,1350.356478
588.1666384,1341.176154,586.8998709,1340.028893
596.2341539,1334.891626,595.2545432,1333.181134
607.0798435,1331.053967,607.1041432,1329.917665
613.9119401,1332.060595,613.8916655,1330.058667
621.800886,1331.590248,621.7845654,1329.978731
632.2841424,1330.965214,632.273076,1329.872508
641.7599075,1330.08593,641.7327295,1329.698025
653.1914125,1328.119874,652.9590954,1327.349523
664.9830615,1325.106695,664.6006794,1323.838736
675.9872792,1321.478352,675.6905274,1320.494339
686.9851517,1317.960237,686.7167492,1317.112809
696.4741185,1315.859614,695.7424255,1314.103874
709.7516888,1306.701494,709.1198669,1306.364074
711.4656255,1296.617364,712.4024921,1296.633277
712.5467599,1285.935521,712.459598,1285.935811
713.3845928,1276.175214,711.9704438,1276.275317
714.941501,1266.359988,712.6818887,1265.315835
717.9600232,1259.827657,716.0612726,1258.812588
721.5383195,1252.138904,720.0531771,1251.345249
723.7494414,1246.428928,722.9179115,1245.984561
725.2766641,1242.081372,725.0643857,1241.967931
728.2778641,1232.363302,727.9010508,1232.306834
726.8981161,1236.810886,727.0232343,1236.845144
706.8863259,1221.61327,706.8700185,1220.510637
700.6271128,1221.689931,700.6110407,1220.603204
690.1642921,1221.818065,690.1486133,1220.757939
682.0441876,1221.9175,682.0270353,1220.882646
669.150472,1223.153314,669.1163834,1221.096635
658.4045439,1223.489343,658.3691025,1221.274254
648.7117446,1223.967317,648.6688496,1221.431203
638.871186,1223.634478,638.8367332,1221.597501
631.7368793,1223.305749,631.7100253,1221.71804
620.5731795,1224.1306,620.5355709,1221.907041
614.6769853,1222.706861,614.6651367,1222.006332
597.9896941,1223.894351,597.9625389,1222.288834
590.0937314,1224.671235,590.0556648,1222.422589
579.9361089,1224.715529,579.9059148,1222.585562
571.0061391,1224.939701,570.974562,1222.712172
559.3527669,1223.397423,559.3453898,1222.877025
547.3520755,1224.861407,547.3263605,1223.047405
535.6991098,1225.376456,535.6684363,1223.212666
524.5302938,1225.130849,524.5053452,1223.370912
515.7750314,1225.534144,515.4867702,1223.686437
509.1019043,1224.977098,510.18,1225.82
509.1524885,1243.660553,508.9654378,1243.671468
509.4475381,1253.316124,509.5279307,1253.311433
507.9509424,1264.460007,510.1708928,1264.330472
508.0175776,1266.363277,510.281798,1266.231159
