seq,edge_id,point_index,x,y,lon,lat
0,-1272942443#2,0,476.93,1284.79,145.13202767117173,-37.908856339259714
0,-1272942443#2,1,479.09,1303.11,145.13205640357884,-37.9086916982311
1,-1272942443#1,0,479.79,1309.0,145.13206570426024,-37.9086387660599
1,-1272942443#1,1,485.78,1357.91,145.13214495111632,-37.90819925427911
1,-1272942443#1,2,486.23,1363.7,145.13215138646837,-37.908147177793836
1,-1272942443#1,3,484.65,1374.63,145.1321359124118,-37.908048432551034
1,-1272942443#1,4,490.07,1408.62,145.13220527868222,-37.90774322072859
1,-1272942443#1,5,490.83,1410.42,145.1322143295927,-37.90772714306545
2,-1272942443#0,0,492.23,1414.78,145.13223124017796,-37.90768811981541
2,-1272942443#0,1,493.5,1419.75,145.13224681165565,-37.90764357807244
3,1209653411,0,485.66,1429.46,145.13215988629872,-37.907554693035046
3,1209653411,1,477.83,1430.37,145.13207107009063,-37.90754508225759
4,1209653410,0,456.09,1432.83,145.13182445678984,-37.90751899766845
4,1209653410,1,372.41,1443.13,145.13087540240497,-37.90741110282
5,1147258794#0,0,358.11,1444.85,145.13071321050785,-37.907393025757635
5,1147258794#0,1,348.11,1446.02,145.13059978217592,-37.90738067976846
6,1147258794#2,0,332.18,1445.21,145.1304184812662,-37.90738509868467
6,1147258794#2,1,330.5,1444.86,145.13039930069144,-37.907387948057824
6,1147258794#2,2,328.38,1444.4,145.1303750924505,-37.907391708841764
6,1147258794#2,3,325.1,1443.54,145.13033760437014,-37.90739886334093
6,1147258794#2,4,322.18,1442.59,145.1303041887834,-37.90740689360997
6,1147258794#2,5,320.1,1441.78,145.1302803555018,-37.90741381448186
6,1147258794#2,6,317.96,1440.79,145.1302557989993,-37.90742234598993
6,1147258794#2,7,313.9,1438.6,145.13020913938215,-37.90744134046812
7,5094886#0,0,310.8,1436.62,145.13017344236576,-37.907458616654445
7,5094886#0,1,310.79,1436.42,145.1301732830618,-37.90746041649375
8,5094886#1,0,307.55,1430.95,145.1301351984047,-37.907509106096704
8,5094886#1,1,307.32,1430.51,145.13013248307269,-37.90751302816015
8,5094886#1,2,306.33,1428.91,145.13012086236307,-37.90752726244816
8,5094886#1,3,305.24,1427.5,145.13010814802618,-37.907539767102236
8,5094886#1,4,304.03,1426.29,145.13009411495233,-37.907550448425916
8,5094886#1,5,303.28,1425.66,145.13008544413069,-37.90755598809257
9,5094886#2,0,296.45,1421.4,145.13000681868724,-37.90759312900237
9,5094886#2,1,295.49,1420.93,145.12999579674238,-37.907597189398494
9,5094886#2,2,293.19,1420.01,145.12996943698658,-37.90760506135594
9,5094886#2,3,291.16,1419.37,145.12994621086102,-37.90761045979356
9,5094886#2,4,288.66,1418.68,145.1299176296456,-37.90761622370537
9,5094886#2,5,285.33,1418.2,145.12987965960608,-37.907619945891746
9,5094886#2,6,282.37,1418.18,145.12984600121172,-37.90761959114516
9,5094886#2,7,279.54,1418.45,145.12981388700385,-37.90761664749601
9,5094886#2,8,276.04,1419.27,145.12977428066108,-37.90760862822925
9,5094886#2,9,272.8,1420.62,145.12973775129848,-37.907595881577
9,5094886#2,10,269.55,1422.43,145.12970121318074,-37.90757898932153
9,5094886#2,11,265.1,1425.25,145.12965126203622,-37.90755278186568
10,985461732,0,259.2,1426.57,145.1295844829462,-37.90753982465926
10,985461732,1,258.1,1426.51,145.12957196278282,-37.907540166338464
10,985461732,2,256.97,1426.3,145.1295590673157,-37.90754185382816
10,985461732,3,255.87,1425.86,145.12954646046595,-37.90754561863101
10,985461732,4,254.57,1425.11,145.12953150899176,-37.907552139833946
10,985461732,5,253.52,1424.19,145.12951936111543,-37.90756023762009
10,985461732,6,252.3,1422.87,145.12950518916614,-37.907571907968645
11,-10539447#1,0,249.97,1418.24,145.1294776419238,-37.90761319491414
11,-10539447#1,1,248.74,1409.59,145.1294616840521,-37.907690893751166
12,-10539447#0,0,248.01,1404.52,145.12945222764392,-37.9077364335103
12,-10539447#0,1,234.91,1313.87,145.1292826040717,-37.90855066114896
13,-4577073#9,0,232.94,1299.59,145.12925694761003,-37.908678942464995
13,-4577073#9,1,230.3,1279.65,145.12922238189103,-37.90885808919406
13,-4577073#9,2,218.81,1198.32,145.12907318494732,-37.90958865067999
14,-4577073#4,0,214.68,1168.91,145.1290195160794,-37.90985283576427
14,-4577073#4,1,211.33,1143.39,145.12897560306766,-37.91008211985665
14,-4577073#4,2,208.19,1119.47,145.12893444259228,-37.91029702873605
15,-4577073#3,0,207.5,1114.12,145.128925376356,-37.91034509795046
15,-4577073#3,1,203.97,1086.54,145.1288789459504,-37.910592906358026
15,-4577073#3,2,198.72,1045.49,145.1288098843822,-37.9109617444085
16,-4577073#2,0,198.08,1040.53,145.1288014754819,-37.91100630944027
16,-4577073#2,1,197.21,1033.68,145.12879002007892,-37.91106785841185
17,-4577073#1,0,195.97,1024.37,145.1287737962461,-37.911151500689016
17,-4577073#1,1,192.38,998.44,145.12872705912386,-37.911384434569186
17,-4577073#1,2,179.65,903.22,145.12856058127954,-37.91223989471227
17,-4577073#1,3,179.63,897.14,145.1285589659308,-37.91229466104207
18,-4577073#0,0,179.75,889.96,145.12855869130487,-37.91235936172776
18,-4577073#0,1,179.93,885.45,145.1285597084037,-37.91240002133093
19,491516483#0,0,179.93,884.98,145.12855960111148,-37.912404255191866
19,491516483#0,1,178.57,861.4,145.12853875460232,-37.91261642292122
19,491516483#0,2,178.19,844.47,145.12853056898916,-37.912768863259714
19,491516483#0,3,179.43,837.96,145.12854318204307,-37.91282773100209
19,491516483#0,4,180.01,837.37,145.12854964214625,-37.91283315074794
20,491516483#1,0,186.87,830.87,145.12862615882503,-37.91289294482245
20,491516483#1,1,191.91,828.77,145.12868298597994,-37.91291277356287
21,1470433047#2,0,201.18,829.24,145.1287884963633,-37.912910216120075
21,1470433047#2,1,201.79,829.32,145.1287954505345,-37.91290960577402
21,1470433047#2,2,202.85,829.07,145.12880744603666,-37.91291204951507
22,1470433046#0,0,212.08,826.34,145.12891177122904,-37.9129383110179
22,1470433046#0,1,216.47,826.74,145.12896177836294,-37.91293550154921
22,1470433046#0,2,225.73,825.07,145.12906668667694,-37.912952219632196
23,1470433046#1,0,243.94,822.37,145.1292731246946,-37.91297983421645
23,1470433046#1,1,244.04,822.35,145.12927425716657,-37.912980032459984
24,1470433046#2,0,249.09,821.72,145.12933153372072,-37.91298662062099
24,1470433046#2,1,314.29,813.54,145.13007101556977,-37.91307209279584
25,1470433046#3,0,321.45,812.59,145.1301522107945,-37.91308194449817
25,1470433046#3,1,333.72,810.8,145.1302913171159,-37.913100286411705
26,1360476884,0,343.12,809.46,145.13039789312833,-37.913114055904536
26,1360476884,1,371.45,805.46,145.13071910413964,-37.91315520713003
26,1360476884,2,374.88,804.84,145.1307579632248,-37.913161411861964
27,1470433048,0,375.18,804.77,145.1307613583825,-37.913162096632384
27,1470433048,1,382.57,803.74,145.13084515076883,-37.91317271006841
27,1470433048,2,405.42,799.59,145.13110401830644,-37.913214221561226
27,1470433048,3,405.76,799.27,145.13110781129214,-37.913217165603044
28,711979119,0,408.86,792.52,145.13114152073592,-37.91327853103622
28,711979119,1,408.53,790.75,145.1311373649838,-37.91329441599525
28,711979119,2,406.67,789.01,145.1311158193234,-37.913309754367496
28,711979119,3,403.24,788.57,145.13107671846493,-37.913313098470994
28,711979119,4,400.31,789.58,145.13104363339423,-37.91330347094466
28,711979119,5,392.92,795.26,145.130960901006,-37.913250969395754
28,711979119,6,390.26,796.8,145.13093100682954,-37.91323661624913
28,711979119,7,374.73,801.57,145.13075551204022,-37.91319084165994
29,-1360476884,0,374.31,801.69,145.13075076383421,-37.913189684800116
29,-1360476884,1,370.95,802.3,145.1307126983827,-37.913183582793444
29,-1360476884,2,342.67,806.29,145.13039205349182,-37.91314253066393
30,-1470433046#3,0,333.31,807.63,145.13028593225536,-37.91312876839262
30,-1470433046#3,1,320.98,809.43,145.13014614594005,-37.913110325546725
31,-1470433046#2,0,313.9,810.37,145.13006585803484,-37.913100578378916
31,-1470433046#2,1,248.69,818.54,145.1293262599236,-37.913015194439
32,-1470433046#1,0,243.62,819.18,145.12926875822268,-37.91300851257686
32,-1470433046#1,1,243.51,819.2,145.12926751204668,-37.91300831252535
33,-1470433046#0,0,225.16,821.92,145.12905948666673,-37.91298049245128
33,-1470433046#0,1,216.33,823.52,145.1289594515906,-37.9129644826896
33,-1470433046#0,2,212.37,823.15,145.12891434053682,-37.91296709966573
34,1470433047#3,0,205.46,818.93,145.12883480816166,-37.91300386479788
34,1470433047#3,1,205.29,818.84,145.12883285465767,-37.91300464479543
35,-93686025#2,0,201.39,812.68,145.1287871041805,-37.913059430137146
35,-93686025#2,1,199.0,800.91,145.12875724234615,-37.91316502461564
35,-93686025#2,2,197.39,789.44,145.12873631781272,-37.91326805767745
36,-93686025#0,0,195.67,775.52,145.12871358320635,-37.913393140963535
36,-93686025#0,1,194.81,767.94,145.12870207434196,-37.91346126769579
36,-93686025#0,2,193.05,753.44,145.1286787523863,-37.91359156849802
36,-93686025#0,3,231.92,747.53,145.12911937303414,-37.91365183592667
37,-93686034#0,0,237.05,746.79,145.1291775346233,-37.913659429543785
37,-93686034#0,1,255.55,744.25,145.1293873086036,-37.913685655095975
37,-93686034#0,2,291.23,739.4,145.1297919004973,-37.91373579461694
37,-93686034#0,3,291.9,735.85,145.1297987088166,-37.9137678948933
38,-46129059#4,0,292.17,728.44,145.12980008831897,-37.913834694596936
38,-46129059#4,1,292.14,728.24,145.12979970157576,-37.9138364908184
39,-46129059#3,0,290.8,719.56,145.12978248482162,-37.913914439959164
39,-46129059#3,1,287.26,689.79,145.1297354411728,-37.91418197476917
40,-46129059#2,0,286.07,680.5,145.1297197906646,-37.914265446018256
40,-46129059#2,1,285.44,675.85,145.12971156628518,-37.91430722035592
41,-46129059#1,0,283.94,664.69,145.1296919641796,-37.914407480930905
41,-46129059#1,1,280.09,635.54,145.12964153638643,-37.91466937453565
42,-46129059#0,0,279.1,628.43,145.12962865718413,-37.91473324400078
42,-46129059#0,1,279.01,627.84,145.12962749920683,-37.9147385425798
43,44348023#1,0,283.57,618.51,145.12967722051602,-37.9148234135182
43,44348023#1,1,294.34,617.55,145.12979946335022,-37.91483400812972
43,44348023#1,2,313.3,615.51,145.13001458548086,-37.91485581168684
44,1038136215,0,313.58,615.48,145.13001776241993,-37.914856132537096
44,1038136215,1,338.2,612.32,145.13029698715857,-37.91488904768661
45,139327110#0,0,341.76,616.71,145.13033846799962,-37.91485014488711
45,139327110#0,1,404.31,609.02,145.1310479492958,-37.914930718536134
45,139327110#0,2,414.71,607.75,145.1311659147391,-37.91494403745404
46,1209622645,0,455.27,602.13,145.1316258283926,-37.91500198860085
46,1209622645,1,516.61,593.78,145.1323214039436,-37.915088281578164
47,569766862#0,0,518.9,588.6,145.1323462626346,-37.91513535756522
47,569766862#0,1,568.9,581.18,145.13291310822888,-37.915211222456364
48,569766862#0-AddedOffRampEdge,0,577.045,581.58,145.1330058139023,-37.9152090888841
48,569766862#0-AddedOffRampEdge,1,671.2049999999999,567.59,145.13407329738206,-37.91535209951464
49,44348588#0,0,673.46,572.21,145.13409999008556,-37.91531088810993
49,44348588#0,1,695.29,571.9,145.1343481430105,-37.915317617110944
49,44348588#0,2,703.64,576.22,145.13444407197088,-37.91528020706886
50,44348588#1,0,709.75,580.31,145.13451447803246,-37.91524446498438
50,44348588#1,1,715.27,585.01,145.13457831411014,-37.91520312145865
51,139332152#2,0,722.5999999999999,591.05,145.13466303606793,-37.91515003316025
51,139332152#2,1,732.45,629.1700000000001,145.1347837117231,-37.9148084146476
52,139332152#3,0,737.5550000000001,645.22,145.13484541095104,-37.91466475258695
52,139332152#3,1,738.11,648.23,145.13485240653708,-37.914637737817756
52,139332152#3,2,738.12,650.565,145.13485305153122,-37.91461670537132
53,5322853#4,0,736.32,668.13,145.134836580995,-37.91445815110157
53,5322853#4,1,736.31,668.33,145.13483651279532,-37.9144563476502
54,5322853#5,0,736.71,669.88,145.13484141371913,-37.91444245697613
54,5322853#5,1,736.76,670.07,145.13484202548122,-37.91444075442277
55,5322853#6,0,746.41,680.79,145.1349541909638,-37.91434592549498
55,5322853#6,1,746.58,680.9,145.13495614899378,-37.914344965230285
56,5322853#7,0,750.76,680.71,145.13500363490115,-37.91434743022465
56,5322853#7,1,753.36,680.52,145.1350331552527,-37.9143496104209
56,5322853#7,2,755.78,679.53,145.13506044689325,-37.91435896476307
57,5322853#0,0,762.41,673.4,145.13513443948372,-37.914415380263016
57,5322853#0,1,762.52,673.23,145.13513565157743,-37.91441693149016
58,988996007#0,0,767.11,671.47,145.13518744233497,-37.914433613251994
58,988996007#0,1,778.03,668.34,145.1353108975292,-37.91446377706762
59,988996007#1,0,784.98,666.32,145.13538946390716,-37.91448322618943
59,988996007#1,1,785.17,666.26,145.13539161067897,-37.91448380092353
60,630680457#0,0,797.74,664.85,145.13553421880854,-37.91449876766355
60,630680457#0,1,803.38,663.98,145.13559815131038,-37.91450762110988
61,630680457#1,0,812.95,662.52,145.13570663625154,-37.91452249748988
61,630680457#1,1,815.58,662.12,145.13573645006124,-37.91452657464936
62,630680457#2,0,819.16,661.57,145.1357770318698,-37.914532174200275
62,630680457#2,1,819.36,661.54,145.13577929917528,-37.91453248048165
63,630680457#3,0,827.43,660.3,145.135870778261,-37.9145451046419
63,630680457#3,1,832.98,659.46,145.1359336943147,-37.914553671445944
64,630680457#4,0,842.64,657.98,145.13604319821422,-37.91456874389785
64,630680457#4,1,848.81,657.03,145.13611313910286,-37.914578413203564
65,630680457#5,0,858.33,655.58,145.1362210580121,-37.91459319002499
65,630680457#5,1,863.44,654.8,145.13627898470864,-37.91460113689534
66,630680457#7,0,876.78,652.84,145.13643022365807,-37.91462119579087
66,630680457#7,1,880.39,652.32,145.13647115352074,-37.91462653026061
67,-630680455#1,0,886.8,656.82,145.1365450624145,-37.914587147562116
67,-630680455#1,1,891.27,679.72,145.13660109482265,-37.91438166358791
68,-630680455#0,0,893.18,688.9,145.1366248994529,-37.91429931179209
68,-630680455#0,1,895.56,699.61,145.13665439599004,-37.91420326200042
69,-10585186,0,895.62,699.89,145.13665514187227,-37.91420075049443
69,-10585186,1,902.54,732.04,145.13674113401214,-37.91391238127187
70,-10585181#7,0,903.03,742.41,145.13674906262978,-37.9138190539079
70,-10585181#7,1,902.58,744.72,145.1367444709393,-37.913798163806746
70,-10585181#7,2,899.51,747.67,145.1367102339333,-37.913771036625945
71,-10585181#6,0,891.15,753.88,145.1366165879078,-37.913713589890676
71,-10585181#6,1,890.65,754.11,145.13661095492932,-37.913711427949465
71,-10585181#6,2,884.83,755.86,145.13654517631548,-37.91369461538749
72,-10585181#5,0,875.72,758.42,145.13644217288248,-37.91366991357477
72,-10585181#5,1,870.07,759.88,145.13637826140604,-37.913655743932026
73,-10585181#4,0,861.04,762.35,145.13627614726752,-37.913631867128004
73,-10585181#4,1,855.56,763.92,145.13621419385413,-37.913616737109955
74,-10585181#3,0,846.49,766.46,145.13611164092407,-37.91359222238318
74,-10585181#3,1,840.85,767.99,145.1360478592066,-37.91357742378788
75,-10585181#2,0,831.78,770.45,145.1359452882007,-37.913553629578864
75,-10585181#2,1,825.98,772.02,145.1358796963712,-37.91353844174007
76,-10585181#1,0,816.94,774.53,145.13577747796427,-37.91351420237957
76,-10585181#1,1,805.5,777.77,145.13564813649896,-37.913482954485886
76,-10585181#1,2,800.15,779.32,145.13558765696487,-37.913468027732186
77,-10585181#0,0,796.64,780.47,145.13554800815095,-37.913457035794345
77,-10585181#0,1,796.46,780.55,145.1355459796608,-37.913456282700665
78,-1209653402#0,0,786.54,795.1,145.1354364939851,-37.91332342516832
78,-1209653402#0,1,792.27,805.06,145.135503911998,-37.913234735522
79,-1209653401,0,795.01,809.61,145.13553610184067,-37.9131942417061
79,-1209653401,1,818.57,846.78,145.13581244182,-37.91286364992855
80,-73530943#10,0,818.03,848.13,145.13580660880473,-37.91285139150297
80,-73530943#10,1,822.65,859.51,145.1358617277174,-37.91274970992666
81,-73530943#9,0,826.1949999999999,868.23,145.1359040184943,-37.91267179660908
81,-73530943#9,1,829.46,876.25,145.13594296631524,-37.912600138608916
81,-73530943#9,2,835.815,893.75,145.13601920388018,-37.91244363898791
82,-73530943#8,0,839.915,904.91,145.13606835959735,-37.91234384543651
82,-73530943#8,1,843.765,915.245,145.13611448503318,-37.91225143863695
83,-73530943#7,0,845.5350000000001,920.255,145.13613574950364,-37.91220662610928
83,-73530943#7,1,868.2650000000001,988.15,145.1364096300601,-37.91159910455289
84,-73530943#6,0,869.61,993.505,145.13642614024386,-37.91155110756877
84,-73530943#6,1,873.85,1022.9300000000001,145.13648103836408,-37.91128680320068
85,-73530943#5,0,875.185,1032.2350000000001,145.13649833257188,-37.911203221783616
85,-73530943#5,1,881.575,1076.715,145.13658109768792,-37.91080368519449
85,-73530943#5,2,885.715,1105.51,145.13663471439855,-37.91054503788929
85,-73530943#5,3,887.355,1116.75,145.13665591586377,-37.9104440803696
86,-73530943#4,0,888.7049999999999,1126.04,145.13667337677836,-37.91036063672999
86,-73530943#4,1,888.9549999999999,1127.77,145.13667661246487,-37.91034509745741
87,-73530943#3,0,889.595,1132.785,145.13668502904324,-37.910300036277
87,-73530943#3,1,890.125,1137.4899999999998,145.13669212445717,-37.9102577478489
88,-73530943#2,0,890.74,1142.615,145.13670028176418,-37.91021169125608
88,-73530943#2,1,897.09,1191.4299999999998,145.13678357482144,-37.90977309638955
88,-73530943#2,2,898.375,1201.2350000000001,145.13680041339458,-37.90968500175613
89,298236188#0,0,895.56,1204.75,145.13676920593596,-37.90965283086934
89,298236188#0,1,892.36,1205.2,145.1367329245382,-37.90964820097272
90,298236188#1,0,887.33,1206.07,145.13667593169296,-37.909639458081685
90,298236188#1,1,880.8,1205.75,145.13660161356452,-37.90964116488893
90,298236188#1,2,876.96,1203.32,145.13655740087762,-37.90966236348257
91,299173863,0,867.99,1197.45,145.13645407868617,-37.909713626651275
91,299173863,1,866.47,1197.01,145.13643669642218,-37.909717316555046
91,299173863,2,853.12,1196.94,145.13628489230751,-37.909715542879006
92,988580230#0,0,849.91,1193.86,145.13624769477013,-37.90974271018404
92,988580230#0,1,849.39,1158.32,145.13623370330006,-37.91006277002045
93,E9,0,842.83,1153.03,145.1361579137888,-37.91010924217239
93,E9,1,831.28,1154.61,145.13602694995072,-37.91009292872404
94,E10,0,829.9,1156.22,145.13601162544742,-37.91007817685364
94,E10,1,830.82,1251.86,145.13604382932758,-37.90921679283494
95,E11,0,827.24,1257.14,145.1360043257529,-37.9091685843872
95,E11,1,820.09,1259.91,145.13592366134796,-37.909142343583405
96,E12,0,817.91,1258.4,145.1358985318454,-37.909155553357735
96,E12,1,818.78,1163.11,145.1358867581106,-37.910014106865866
97,E13,0,813.06,1156.99,145.1358203304786,-37.91006820696668
97,E13,1,806.0,1157.92,145.13574027007908,-37.91005855742014
98,-988580237#0,0,800.22,1152.86,145.13567340114315,-37.91010309787413
98,-988580237#0,1,800.2,1147.6,145.13567197764414,-37.91015047769119
98,-988580237#0,2,800.19,1144.6,145.13567118175692,-37.9101775006538
99,E1,0,793.69,1141.59,145.1355965924688,-37.91020344442047
99,E1,1,788.3,1142.33,145.13553547660203,-37.91019580718177
100,E2,0,783.34,1142.99,145.13547923164262,-37.91018896804988
100,E2,1,758.27,1146.19,145.13519491438288,-37.91015562415998
101,E3,0,753.51,1146.45,145.1351408525004,-37.91015242421035
101,E3,1,735.6,1146.11,145.13493713915133,-37.91015225921513
102,E4,0,730.82,1145.59,145.13488267244452,-37.91015608197819
102,E4,1,730.63,1145.53,145.1348804985024,-37.91015658822789
103,E5,0,725.36,1150.66,145.13482174588063,-37.91010942602994
103,E5,1,725.41,1159.29,145.13482427769037,-37.91003169384003
104,E6,0,725.42,1163.12,145.1348252627066,-37.909997194042546
104,E6,1,725.41,1163.32,145.13482519450676,-37.90999539058998
105,E7,0,725.4,1167.16,145.13482595439774,-37.909960797104894
105,E7,1,725.33,1198.01,145.13483217674857,-37.90968287994622
106,E0,0,725.31,1203.01,145.13483308682095,-37.90963783508533
106,E0,1,725.28,1214.73,145.13483541194506,-37.909532252972426
107,-11294993,0,719.76,1220.32,145.13477392201878,-37.90948090190391
107,-11294993,1,684.6,1220.84,145.13437427625803,-37.90946987947616
107,-11294993,2,659.26,1221.26,145.13408625982487,-37.909461527241454
108,-11294994,0,654.26,1221.34,145.1340294287889,-37.9094599050047
108,-11294994,1,648.74,1221.43,145.13396668771176,-37.90945809888968
108,-11294994,2,591.39,1222.4,145.13331484796635,-37.90943901749627
108,-11294994,3,583.12,1222.54,145.13322085126592,-37.909436264503555
108,-11294994,4,516.81,1223.48,145.1324671315525,-37.90941583227704
109,310292423,0,508.32,1232.61,145.13237268142632,-37.90933205483457
109,310292423,1,510.64,1272.37,145.13240811617652,-37.90897430593674
109,310292423,2,511.71,1273.35,145.13242050504985,-37.908965670966936
110,63906910#0,0,515.4,1276.73,145.13246322935828,-37.9089358890479
110,63906910#0,1,516.72,1277.92,145.13247850849058,-37.908925407457936
110,63906910#0,2,530.99,1277.85,145.13264073897565,-37.90892861317009
110,63906910#0,3,537.38,1325.85,145.13272432343965,-37.90849737061731
110,63906910#0,4,538.3,1333.38,145.13273649843748,-37.908429704557605
110,63906910#0,5,538.73,1336.25,145.13274204101074,-37.90840392849059
110,63906910#0,6,539.93,1339.08,145.13275632911893,-37.90837865168945
110,63906910#0,7,541.32,1341.22,145.13277262031752,-37.908359624856324
111,63906910#1,0,547.55,1346.48,145.1328446512055,-37.9083133655875
111,63906910#1,1,547.7,1346.59,145.1328463817049,-37.90831240174494
111,63906910#1,2,553.93,1347.93,145.13291751985375,-37.90830145474268
111,63906910#1,3,560.18,1348.22,145.13298864628345,-37.9082999699611
111,63906910#1,4,567.6,1348.45,145.13307306155633,-37.90829923670671
111,63906910#1,5,572.66,1349.58,145.13313084934484,-37.90828997022994
111,63906910#1,6,573.97,1350.23,145.13314589160018,-37.90828435119429
112,4577074#0,0,582.26,1346.03,145.1332391898547,-37.90832368129179
112,4577074#0,1,583.11,1344.91,145.13324859907542,-37.90833392385735
113,4577074#1,0,585.2,1342.16,145.13327173558355,-37.908359073542385
113,4577074#1,1,585.32,1342.0,145.1332730635167,-37.908360536508034
114,4577074#2,0,590.27,1337.06,145.13332821873058,-37.908405930141704
114,4577074#2,1,594.82,1333.43,145.13337912437296,-37.9084394507985
114,4577074#2,2,599.29,1330.87,145.13342936407773,-37.90846331818149
114,4577074#2,3,603.94,1329.85,145.13348200094015,-37.9084733453109
114,4577074#2,4,613.76,1330.06,145.13359369913283,-37.90847322473066
114,4577074#2,5,640.42,1329.79,145.133896753749,-37.9084804648656
114,4577074#2,6,645.13,1329.46,145.13395022991622,-37.908484286915694
114,4577074#2,7,649.94,1328.26,145.13400464506051,-37.90849596414969
114,4577074#2,8,683.0,1318.29,145.13437825881508,-37.90859173707701
114,4577074#2,9,694.24,1314.73,145.1345052444498,-37.908625832739645
114,4577074#2,10,705.11,1310.2,145.13462780272164,-37.908668599577176
114,4577074#2,11,709.09,1306.42,145.13467219427835,-37.908703368184085
114,4577074#2,12,711.6,1301.72,145.13469966305428,-37.90874615939992
115,405414870#0,0,711.77,1301.19,145.1347014753342,-37.90875096441601
115,405414870#0,1,712.4,1296.78,145.13470763498918,-37.90879080436458
115,405414870#0,2,712.48,1292.07,145.13470747303344,-37.9088332476509
115,405414870#0,3,712.45,1283.05,145.13470507986364,-37.90891449667436
115,405414870#0,4,711.82,1274.15,145.13469589211675,-37.90899455655545
116,405414870#2,0,713.35,1263.87,145.1347109491443,-37.90908743716542
116,405414870#2,1,714.94,1260.91,145.13472835371283,-37.90911438818735
117,405414870#3,0,719.73,1251.95,145.13478077668933,-37.90919596550403
117,405414870#3,1,725.09,1241.92,145.13483943716497,-37.90928728436524
118,E14,0,728.22,1228.14,145.13487188995995,-37.90941198221971
118,E14,1,728.23,1227.94,145.13487195816094,-37.90941378567242
119,-11294993,0,719.76,1220.32,145.13477392201878,-37.90948090190391
119,-11294993,1,684.6,1220.84,145.13437427625803,-37.90946987947616
119,-11294993,2,659.26,1221.26,145.13408625982487,-37.909461527241454
120,-11294994,0,654.26,1221.34,145.1340294287889,-37.9094599050047
120,-11294994,1,648.74,1221.43,145.13396668771176,-37.90945809888968
120,-11294994,2,591.39,1222.4,145.13331484796635,-37.90943901749627
120,-11294994,3,583.12,1222.54,145.13322085126592,-37.909436264503555
120,-11294994,4,516.81,1223.48,145.1324671315525,-37.90941583227704
121,310292423,0,508.32,1232.61,145.13237268142632,-37.90933205483457
121,310292423,1,510.64,1272.37,145.13240811617652,-37.90897430593674
121,310292423,2,511.71,1273.35,145.13242050504985,-37.908965670966936
