sim_time,phone_lat,phone_lon,matched,edge_id,lane_index,lane_pos,is_internal_edge,raw_x,raw_y,matched_x,matched_y,matched_lat,matched_lon,match_error_m,unmatched_reason
1,-37.90918003,145.1322461,TRUE,28533357#1,0,17.13293702,FALSE,496.8533606,1249.256461,505.7220533,1249.02292,-37.90918373,145.1323469,8.871767101,
2,-37.90921215,145.1322668,TRUE,28533357#1,0,20.61033548,FALSE,498.744655,1245.72873,505.6311355,1245.54671,-37.90921503,145.1323451,6.888885533,
3,-37.90920806,145.1322796,TRUE,28533357#1,0,20.10487332,FALSE,499.8608997,1246.205123,505.644351,1246.051999,-37.90921048,145.1323453,5.78547801,
4,-37.90923605,145.1322633,TRUE,28533357#1,0,23.27455676,FALSE,498.4900818,1243.070502,505.5614785,1242.8834,-37.90923901,145.1323437,7.073871468,
5,-37.90921526,145.1322863,TRUE,28533357#1,0,20.87600207,FALSE,500.4659511,1245.417978,505.6241895,1245.281134,-37.90921742,145.1323449,5.160053293,
6,-37.90910912,145.1322292,TRUE,28533357#1,0,9.339109164,FALSE,495.2099072,1257.095216,505.9258257,1256.814083,-37.90911359,145.132351,10.71960559,
7,-37.90907129,145.1320545,TRUE,28533357#0,0,6.469078246,FALSE,479.7666678,1260.985267,481.101141,1271.692961,-37.90897507,145.1320721,10.79052946,
8,-37.90899823,145.131943,TRUE,1272942443#3,0,4.524648038,FALSE,469.801442,1268.895932,469.5766447,1278.351847,-37.90891301,145.1319426,9.458586134,
9,-37.90898791,145.1319768,TRUE,28533357#0,0,4.472095888,FALSE,472.7500981,1270.100638,479.1198841,1271.940485,-37.90897249,145.1320496,6.630174054,
10,-37.90899972,145.1319742,TRUE,28533357#0,0,4.472095888,FALSE,472.547774,1268.785562,479.1198841,1271.940485,-37.90897249,145.1320496,7.290141938,
11,-37.90901751,145.1319924,TRUE,28533357#0,0,4.472095888,FALSE,474.187426,1266.843559,479.1198841,1271.940485,-37.90897249,145.1320496,7.092798592,
12,-37.90901455,145.1319873,TRUE,28533357#0,0,4.472095888,FALSE,473.7324662,1267.163031,479.1198841,1271.940485,-37.90897249,145.1320496,7.20057911,
13,-37.90896941,145.1319804,TRUE,28533357#0,0,2.841325272,FALSE,473.0254637,1272.159832,478.7406855,1273.526556,-37.90895813,145.1320457,5.876367386,
14,-37.90894297,145.131967,TRUE,1272942443#3,0,2.391105242,FALSE,471.7885793,1275.070138,471.7095779,1278.402845,-37.90891293,145.1319669,3.333643373,
15,-37.90887888,145.1320367,TRUE,:3157090491_0,0,2.445612752,TRUE,477.7739115,1282.304674,478.3938633,1282.169472,-37.90888021,145.1320437,0.634523333,
16,-37.90882528,145.1320149,TRUE,-1272942443#2,0,3.259657422,FALSE,475.7381293,1288.21399,477.3116826,1288.027234,-37.90882725,145.1320327,1.584597006,
17,-37.9087694,145.1320422,TRUE,-1272942443#2,0,9.729558733,FALSE,478.0140261,1294.462805,478.0692619,1294.452629,-37.9087695,145.1320428,0.056165449,
18,-37.90869417,145.1320609,TRUE,-1272942443#2,0,18.22248726,FALSE,479.4908107,1302.843642,479.0637232,1302.887134,-37.9086937,145.1320561,0.429296257,
19,-37.90861074,145.1320784,TRUE,-1272942443#1,0,3.237478342,FALSE,480.8438652,1312.132276,480.183553,1312.213469,-37.90860989,145.1320709,0.665285231,
20,-37.90854269,145.1321023,TRUE,1272942443#1,0,90.93349392,FALSE,482.793794,1319.725543,483.1209983,1319.692546,-37.90854305,145.132106,0.328863872,
21,-37.90845546,145.1321226,TRUE,1272942443#1,0,81.09766397,FALSE,484.3845776,1329.440775,484.317419,1329.455339,-37.90845532,145.1321218,0.068719527,
22,-37.90837027,145.1321414,TRUE,1272942443#1,0,71.50461521,FALSE,485.8480244,1338.926996,485.484308,1338.977154,-37.90836975,145.1321373,0.367158493,
23,-37.90827799,145.1321739,TRUE,1272942443#1,0,60.96219231,FALSE,488.5001902,1349.224092,486.766678,1349.441293,-37.90827572,145.1321542,1.747066325,
24,-37.90820685,145.1322203,TRUE,1272942443#1,0,52.62754626,FALSE,492.4214271,1357.199872,487.780316,1357.714067,-37.90820138,145.1321676,4.669508424,
25,-37.90812188,145.1322627,TRUE,1272942443#1,0,44.7584614,FALSE,495.9602517,1366.70325,487.9899048,1365.546097,-37.90813087,145.1321718,8.053907968,
26,-37.90802888,145.1322659,TRUE,1272942443#1,0,31.73179784,FALSE,496.0348311,1377.028625,487.2796389,1378.428806,-37.90801469,145.1321667,8.86644781,
27,-37.90793382,145.1323353,TRUE,1272942443#1,0,20.26698125,FALSE,501.9250388,1387.699194,489.0870108,1389.750264,-37.90791303,145.1321898,13.00084042,
28,-37.90785963,145.1323222,TRUE,1272942443#1,0,12.36839833,FALSE,500.6083712,1395.908608,490.3321835,1397.550082,-37.90784299,145.1322057,10.40646299,
29,-37.90776958,145.1323631,TRUE,1001027006,0,31.28483035,FALSE,504.0040537,1405.97304,504.5013796,1410.50977,-37.9077288,145.1323698,4.563907299,
30,-37.90770684,145.1323637,TRUE,1001027006,0,32.13373295,FALSE,503.9173287,1412.936036,503.657584,1410.602747,-37.90772781,145.1323602,2.34770218,
31,-37.90766134,145.1322866,TRUE,996237862#1,0,1.096705175,FALSE,497.0376345,1417.849135,495.1986101,1418.317404,-37.90765679,145.1322658,1.897705687,
32,-37.90758683,145.1322677,TRUE,:cluster_11820724987_9239946034_9351956751_9351956760_16,0,4.760236028,TRUE,495.210318,1426.08384,495.425583,1426.170168,-37.90758609,145.1322702,0.231930013,
33,-37.90751479,145.1322035,TRUE,-45897403#0,0,94.91729901,FALSE,489.4057575,1433.964664,489.6317077,1435.629814,-37.90749983,145.1322064,1.680410066,
34,-37.90747513,145.1321124,TRUE,1209653412#1,0,2.646861005,FALSE,481.3081544,1438.205055,481.3828109,1438.92764,-37.90746863,145.1321134,0.726432101,
35,-37.90751566,145.1319456,TRUE,:cluster_579289_605155831_9106614572_9106614573_#2more_21,0,10.49101545,TRUE,466.7333725,1433.413797,466.7842462,1433.858265,-37.90751167,145.1319463,0.447370189,
36,-37.90749998,145.1318079,TRUE,-1209653410,0,82.58106447,FALSE,454.5920528,1434.911123,454.6326523,1435.25259,-37.90749691,145.1318084,0.343872462,
37,-37.90748381,145.1316704,TRUE,-1209653410,0,70.35765702,FALSE,442.4672218,1436.463156,442.5007804,1436.745699,-37.90748127,145.1316708,0.284528851,
38,-37.90748338,145.1315332,TRUE,1209653410,0,25.91350956,FALSE,430.4037678,1436.269112,430.3705908,1435.995749,-37.90748584,145.1315328,0.275368912,
39,-37.90744592,145.1313601,TRUE,-1209653410,0,42.75070144,FALSE,415.1016538,1440.120816,415.1005608,1440.117933,-37.90744595,145.1313601,0.003082788,
40,-37.90745068,145.1312384,TRUE,1209653410,0,52.08945607,FALSE,404.4124841,1439.378142,404.3907104,1439.19356,-37.90745234,145.1312381,0.185861585,
41,-37.9074244,145.1311432,TRUE,-1209653410,0,23.53166353,FALSE,395.984123,1442.126512,396.0254456,1442.465569,-37.90742135,145.1311437,0.341566097,
42,-37.90740935,145.1309105,TRUE,1209653410,0,81.28260642,FALSE,375.4918519,1443.38637,375.416226,1442.75997,-37.90741498,145.1309095,0.630949008,
43,-37.9073939,145.1307784,TRUE,:cluster_605155297_605155316_14,0,6.036834359,TRUE,363.843353,1444.867912,364.0200084,1445.143223,-37.90739145,145.1307805,0.327113183,
44,-37.90736923,145.1306523,TRUE,-1147258794#0,0,4.401696475,FALSE,352.7018489,1447.383112,352.7418749,1447.718491,-37.90736622,145.1306528,0.337758369,
45,-37.90735828,145.1305156,TRUE,:cluster_9106614563_9109971234_3,0,8.620402231,TRUE,340.6589237,1448.35717,340.6553834,1448.45529,-37.9073574,145.1305156,0.098183808,
46,-37.90735128,145.1303948,TRUE,-1147258794#2,0,18.8430039,FALSE,330.0227013,1448.920933,330.3996566,1447.115074,-37.90736762,145.1303987,1.844782697,
47,-37.90741397,145.1302402,TRUE,1147258794#2,0,15.73226399,FALSE,316.5699074,1441.691935,317.26005,1440.412441,-37.90742562,145.1302478,1.45375416,
48,-37.90748745,145.1301116,TRUE,:10132758421_4,0,0.995832665,TRUE,305.4270491,1433.311452,306.150081,1432.823403,-37.90749198,145.1301197,0.872334534,
49,-37.90760336,145.1300135,TRUE,:579292_0,0,7.393633792,TRUE,297.0601871,1420.276501,296.6456398,1421.468194,-37.90759255,145.1300091,1.261738027,
50,-37.90760546,145.1299096,TRUE,5094886#2,0,8.82249885,FALSE,287.930082,1419.860232,288.1111967,1418.600893,-37.90761684,145.1299114,1.272296156,
51,-37.90759599,145.129799,TRUE,-5094886#2,0,13.51414695,FALSE,278.185164,1420.716001,278.2622576,1421.03626,-37.90759312,145.1297999,0.329407733,
52,-37.90755593,145.1296946,TRUE,-5094886#2,0,3.371379678,FALSE,268.9172399,1424.977112,269.1401562,1425.329219,-37.9075528,145.1296972,0.416739177,
53,-37.90750191,145.1296156,TRUE,:9110403639_1,0,6.675083239,TRUE,261.8513702,1430.832088,261.4436867,1430.646849,-37.9075035,145.1296109,0.447793915,
54,-37.90758033,145.1294952,TRUE,:9110403636_0,0,1.280787875,TRUE,251.4405141,1421.917828,251.4360175,1421.92451,-37.90758027,145.1294952,0.008053894,
55,-37.90768034,145.1294965,TRUE,-10539447#1,0,7.091578507,FALSE,251.7774805,1410.822515,248.9716449,1411.219048,-37.90767626,145.1294647,2.83371685,
56,-37.90776837,145.1294595,TRUE,-10539447#0,0,3.393020185,FALSE,248.7204849,1400.988998,247.5247095,1401.161864,-37.9077666,145.1294459,1.208205866,
57,-37.90789086,145.1294592,TRUE,-10539447#0,0,16.8104227,FALSE,248.9668392,1387.39637,245.6056705,1387.882407,-37.90788587,145.1294211,3.3961283,
58,-37.90799381,145.1294357,TRUE,-10539447#0,0,28.42035604,FALSE,247.1299783,1375.931069,243.9451467,1376.391836,-37.90798908,145.1293996,3.21798981,
59,-37.90810486,145.1294051,TRUE,-10539447#0,0,41.01894387,FALSE,244.6869389,1363.554426,242.1432196,1363.922775,-37.90810108,145.1293763,2.570250841,
60,-37.90823558,145.129359,TRUE,-10539447#0,0,55.99343536,FALSE,240.9249746,1348.967755,240.0014762,1349.102238,-37.9082342,145.1293485,0.933238919,
61,-37.9083842,145.1293296,TRUE,-10539447#0,0,72.68889154,FALSE,238.6711154,1332.424272,237.6135899,1332.578429,-37.90838262,145.1293176,1.068702368,
62,-37.90847664,145.1293051,TRUE,-10539447#0,0,83.16226124,FALSE,236.7229655,1322.123445,236.1156244,1322.212737,-37.90847573,145.1292982,0.61386994,
63,-37.9085871,145.1292857,TRUE,:579297_3,0,4.049413702,TRUE,235.2633291,1309.832026,235.527291,1309.947082,-37.90858611,145.1292887,0.287947758,
64,-37.90873294,145.1292419,TRUE,-4577073#9,0,6.12407988,FALSE,231.7372935,1293.571615,232.1362033,1293.518899,-37.90873349,145.1292464,0.402377977,
65,-37.9088338,145.12924,TRUE,-4577073#9,0,17.21477991,FALSE,231.7948509,1282.376335,230.6805286,1282.524144,-37.90883227,145.1292274,1.124082678,
66,-37.90895314,145.1292165,TRUE,-4577073#9,0,30.61012724,FALSE,229.9945469,1269.092311,228.8317271,1269.257081,-37.90895145,145.1292033,1.174435758,
67,-37.90905509,145.1291848,TRUE,-4577073#9,0,42.22507301,FALSE,227.4346027,1257.723499,227.2069452,1257.75634,-37.90905475,145.1291822,0.230014137,
68,-37.9091699,145.1291913,TRUE,-4577073#9,0,54.71243793,FALSE,228.2617389,1244.995077,225.4601229,1245.391758,-37.90916582,145.1291595,2.829559657,
69,-37.90928442,145.1291629,TRUE,-4577073#9,0,67.65821119,FALSE,226.0199261,1232.237256,223.6491753,1232.573275,-37.90928096,145.129136,2.394445178,
70,-37.90939752,145.1291169,TRUE,-4577073#9,0,80.69560587,FALSE,222.2276231,1219.605951,221.825411,1219.664071,-37.90939692,145.1291123,0.406389694,
71,-37.90955596,145.1290896,TRUE,-4577073#9,0,98.43783295,FALSE,220.180351,1201.976486,219.3435009,1202.096295,-37.90955473,145.1290801,0.845382937,
72,-37.90967933,145.1290629,TRUE,:cluster_12176407960_33776478_412622428_9553656656_#1more_11,0,7.451077685,TRUE,218.1077354,1188.239621,217.3117704,1189.407362,-37.90966867,145.1290541,1.413215617,
73,-37.90979655,145.1290403,TRUE,:cluster_12176407960_33776478_412622428_9553656656_#1more_1,0,16.5110625,TRUE,216.3818884,1175.192425,215.7790909,1175.298909,-37.90979548,145.1290335,0.612130516,
74,-37.9099074,145.1290255,TRUE,-4577073#4,0,5.907969622,FALSE,215.3276079,1162.865838,213.91106,1163.052284,-37.90990546,145.1290094,1.428765154,
75,-37.91003158,145.1290213,TRUE,-1037064066#1,0,33.57179274,FALSE,215.2349307,1149.078792,217.1828548,1148.777345,-37.91003465,145.1290434,1.971111048,
76,-37.91015338,145.1289752,TRUE,-4577073#4,0,33.56092312,FALSE,211.4532774,1135.481906,210.3119351,1135.63455,-37.9101518,145.1289623,1.151504438,
77,-37.91026894,145.128938,TRUE,-4577073#4,0,46.73111883,FALSE,208.4401903,1122.593145,208.5977777,1122.576383,-37.91026912,145.1289398,0.15847627,
78,-37.91039106,145.1289546,TRUE,-4577073#3,0,4.668630023,FALSE,210.1715875,1109.07139,206.9072911,1109.489147,-37.91038671,145.1289176,3.290919584,
79,-37.91053341,145.1289348,TRUE,-4577073#3,0,20.55223776,FALSE,208.7479147,1093.240579,204.8907774,1093.734063,-37.91052827,145.1288911,3.888577311,
80,-37.91063685,145.1289033,TRUE,-4577073#3,0,32.31543874,FALSE,206.2089741,1081.70677,203.3978062,1082.06599,-37.91063311,145.1288714,2.834026039,
81,-37.91075722,145.128876,TRUE,-4577073#3,0,45.88276206,FALSE,204.0769956,1068.301734,201.676662,1068.608281,-37.91075402,145.1288488,2.419829032,
82,-37.910878,145.1288679,TRUE,-4577073#3,0,59.24735154,FALSE,203.6339082,1054.885084,199.9812365,1055.351668,-37.91087314,145.1288265,3.682351382,
83,-37.91100773,145.1288447,TRUE,10670084#4,0,48.20277568,FALSE,201.8832441,1040.448649,202.2357586,1042.40959,-37.91099013,145.1288492,1.99237493,
84,-37.91112483,145.1287933,TRUE,:664322664_0,0,1.888967842,TRUE,197.6252583,1027.363934,197.8457418,1026.858159,-37.91112943,145.1287957,0.551744476,
85,-37.91123208,145.1287699,TRUE,-4577073#1,0,8.886551362,FALSE,195.8069561,1015.421638,194.7512848,1015.567414,-37.91123058,145.1287579,1.065688738,
86,-37.91135689,145.1287768,TRUE,-4577073#1,0,22.47243581,FALSE,196.691586,1001.584269,192.8880959,1002.109896,-37.91135147,145.1287337,3.839638083,
87,-37.9114623,145.1287388,TRUE,-4577073#1,0,34.5626532,FALSE,193.585645,989.8203804,191.2688497,990.1286304,-37.9114591,145.1287125,2.337211702,
88,-37.91158343,145.1287127,TRUE,-4577073#1,0,48.19985432,FALSE,191.5609119,976.333122,189.4617644,976.6116893,-37.91158054,145.1286889,2.117550489,
89,-37.91169122,145.1286955,TRUE,-4577073#1,0,60.2544552,FALSE,190.2889056,964.3418439,187.8643918,964.6633922,-37.91168788,145.128668,2.445743366,
90,-37.91181275,145.1286731,TRUE,-4577073#1,0,73.88595617,FALSE,188.59036,950.8167279,186.0580618,951.152101,-37.91180927,145.1286444,2.554409743,
91,-37.911924,145.1286312,TRUE,-4577073#1,0,86.65107361,FALSE,185.1546011,938.3979153,184.3665376,938.4995531,-37.91192294,145.1286223,0.794590637,
92,-37.91203925,145.1286165,TRUE,-4577073#1,0,99.49050711,FALSE,184.1190174,925.5832481,182.6651657,925.7733445,-37.91203727,145.1286,1.466226938,
93,-37.91214641,145.1285956,TRUE,-4577073#1,0,111.5255773,FALSE,182.5203515,913.6553449,181.0703811,913.8444058,-37.91214444,145.1285792,1.462244287,
94,-37.9122441,145.1285727,TRUE,-4577073#1,0,122.6914395,FALSE,180.7247672,902.7747499,179.6485298,902.7730712,-37.91224392,145.1285605,1.076238647,
95,-37.91236015,145.1285732,TRUE,-1162333280#0,0,26.97556819,FALSE,181.0272635,889.8981376,181.7694869,889.8831178,-37.91236042,145.1285816,0.742375343,
96,-37.91250215,145.1285552,TRUE,491516483#0,0,10.86284512,FALSE,179.7611798,874.1093287,179.3045141,874.1351777,-37.91250183,145.12855,0.457396679,
97,-37.91257348,145.1285388,TRUE,491516483#0,0,18.86797732,FALSE,178.4783191,866.165244,178.8435761,866.143327,-37.91257374,145.1285429,0.365913933,
98,-37.91269753,145.1285401,TRUE,491516483#0,0,32.60935745,FALSE,178.8689753,852.4023226,178.3682632,852.4120934,-37.91269735,145.1285344,0.50080749,
99,-37.9128725,145.1286142,TRUE,:13485235051_2,0,7.565513132,TRUE,185.7731206,833.1175539,185.0739527,831.8303355,-37.91288397,145.128606,1.464843628,
100,-37.91289806,145.1287835,TRUE,:1087758749_0,0,9.32637262,TRUE,200.7136774,830.5800869,200.9910329,829.2007165,-37.91291054,145.1287863,1.406978571,
101,-37.91291382,145.1289299,TRUE,1470433046#0,0,1.783952156,FALSE,213.6191955,829.0896393,213.8565926,826.5018763,-37.91293717,145.128932,2.598629332,
102,-37.91293557,145.1290743,TRUE,:cluster_6014422831_6077854007_9139166580_13,0,5.415025576,TRUE,226.3622238,826.9309616,226.0808795,826.9824013,-37.91293506,145.1290711,0.286008141,
103,-37.91295639,145.1292208,TRUE,:cluster_6014422831_6077854007_9139166580_12,0,14.37912048,TRUE,239.2877898,824.8791672,239.1335677,824.6630931,-37.91295831,145.129219,0.265466479,
104,-37.91297925,145.1293471,TRUE,1470433046#2,0,1.236287126,FALSE,250.4420574,822.5653451,250.3166708,821.5661017,-37.91298823,145.1293454,1.007079527,
105,-37.91300791,145.1294705,TRUE,1470433046#2,0,12.4322355,FALSE,261.354287,819.6027946,261.4255324,820.1723826,-37.91300279,145.1294714,0.574026431,
106,-37.91300718,145.1295953,TRUE,1470433046#2,0,23.27908785,FALSE,272.3241444,819.9039625,272.1880134,818.8221204,-37.9130169,145.1295935,1.090373267,
107,-37.91303392,145.1297197,TRUE,1470433046#2,0,34.53127174,FALSE,283.3199987,817.1562,283.3526732,817.4214008,-37.91303154,145.1297201,0.267206052,
108,-37.91304893,145.1298473,TRUE,1470433046#2,0,45.87393376,FALSE,294.5710497,815.7156874,294.6071073,816.0094181,-37.91304629,145.1298478,0.295935612,
109,-37.91305247,145.129969,TRUE,1470433046#2,0,56.51947574,FALSE,305.277878,815.5375226,305.1698438,814.6842159,-37.91306014,145.1299676,0.860118445,
110,-37.91306317,145.1300962,TRUE,:cluster_5408819666_9141044968_2,0,2.035429794,TRUE,316.4841621,814.574534,316.3077467,813.2722822,-37.91307487,145.1300939,1.314146879,
111,-37.91307972,145.1302152,TRUE,1470433046#3,0,5.42739062,FALSE,326.9825824,812.947924,326.8205429,811.8065223,-37.91308997,145.1302131,1.152846355,
112,-37.91309271,145.1303441,TRUE,:cluster_4836113289_9141044969_2,0,4.442995839,TRUE,338.3434069,811.7337936,338.1185285,810.1729757,-37.91310673,145.1303412,1.576934641,
113,-37.91310397,145.130483,TRUE,1360476884,0,7.20731366,FALSE,350.5795009,810.7292495,350.2565296,808.4523714,-37.91312442,145.1304788,2.299670538,
114,-37.91312704,145.1306114,TRUE,1360476884,0,18.75912201,FALSE,361.9187935,808.3956775,361.694886,806.8373546,-37.91314104,145.1306085,1.574326817,
115,-37.91314357,145.1307338,TRUE,1360476884,0,29.61648221,FALSE,372.7160513,806.7772234,372.439455,805.2811481,-37.913157,145.1307303,1.521429257,
116,-37.91316727,145.1308766,TRUE,1470433048,0,10.05132864,FALSE,385.3226697,804.3990985,385.1182084,803.2771963,-37.91317734,145.130874,1.14038112,
117,-37.91318082,145.1310049,TRUE,1470433048,0,21.4060837,FALSE,396.6319682,803.1216899,396.2902012,801.2481473,-37.91319764,145.1310006,1.904459698,
118,-37.91320676,145.1311106,TRUE,1470433048,0,30.68312739,FALSE,405.9820107,800.4295736,405.4179247,799.5903769,-37.91321422,145.131104,1.01115973,
119,-37.91325256,145.1311439,TRUE,:12594284551_0,0,1.339905516,TRUE,409.0113856,795.4060706,409.6769067,794.5019312,-37.91326082,145.1311513,1.122669301,
120,-37.91324302,145.1310916,TRUE,:12594284551_3,0,1.23447004,TRUE,404.3923516,796.3724911,406.5872623,798.3537285,-37.91322557,145.131117,2.956845372,
121,-37.91322997,145.1309621,TRUE,711979119,0,21.34047385,FALSE,392.9786819,797.5923122,391.9550266,795.8186688,-37.91324576,145.1309501,2.047847966,
122,-37.91319206,145.1308465,TRUE,1470433048,0,8.00321749,FALSE,382.7316708,801.5952127,383.103063,803.6431855,-37.91317368,145.1308512,2.081375681,
123,-37.91318161,145.1307152,TRUE,-1360476884,0,3.242240214,FALSE,371.1655328,802.5233215,371.1199056,802.269154,-37.91318389,145.1307146,0.258230393,
124,-37.91315233,145.1305724,TRUE,-1360476884,0,16.14419684,FALSE,358.5464938,805.5206096,358.345561,804.0783491,-37.91316529,145.1305698,1.456190014,
125,-37.91313369,145.1304368,TRUE,-1360476884,0,28.24294921,FALSE,346.5840945,807.3499061,346.3654598,805.7686109,-37.9131479,145.130434,1.596338246,
126,-37.91312854,145.1303196,TRUE,:cluster_4836113289_9141044969_1,0,6.541161008,TRUE,336.2693028,807.7147134,336.194858,807.2169968,-37.91313301,145.1303186,0.503253281,
127,-37.91312149,145.1301931,TRUE,-1470433046#3,0,8.17753274,FALSE,325.1326952,808.2739408,325.2182375,808.8112792,-37.91311666,145.1301942,0.544104788,
128,-37.9131064,145.1300826,TRUE,:cluster_5408819666_9141044968_1,0,5.595282879,TRUE,315.3847858,809.75353,315.4333898,810.1664143,-37.91310269,145.1300832,0.41573529,
129,-37.91307936,145.1298895,TRUE,-1470433046#2,0,15.68235485,FALSE,298.3487022,812.4134539,298.3392975,812.319562,-37.9130802,145.1298894,0.094361711,
130,-37.91307499,145.1297505,TRUE,-1470433046#2,0,27.84503308,FALSE,286.1191443,812.6531947,286.2709686,813.8315732,-37.9130644,145.1297525,1.188118847,
131,-37.91304516,145.1295827,TRUE,-1470433046#2,0,42.92066207,FALSE,271.3010153,815.6672824,271.3122854,815.7057097,-37.91304482,145.1295828,0.040045889,
132,-37.91302467,145.1294467,TRUE,-1470433046#2,0,55.08029829,FALSE,259.2992905,817.7010324,259.2469749,817.2173427,-37.91302902,145.129446,0.4865107,
133,-37.91296837,145.1293019,TRUE,:9141044978_w0,0,1.047731494,TRUE,246.44418,823.6928974,246.9733288,825.0918357,-37.91295586,145.1293082,1.495669307,
134,-37.91296593,145.129152,TRUE,:cluster_6014422831_6077854007_9139166580_18,0,7.646497975,TRUE,233.2606509,823.699166,233.2938084,823.9485128,-37.91296369,145.1291524,0.251541692,
135,-37.91294954,145.1290174,TRUE,1470433046#0,0,9.518783339,FALSE,221.3911119,825.2803747,221.4994618,825.8329588,-37.91294458,145.1290188,0.56310651,
136,-37.91293728,145.1288891,TRUE,:13485235054_1,0,7.773935784,TRUE,210.0846164,826.4143985,210.0816695,826.396892,-37.91293744,145.1288891,0.017752805,
137,-37.91296613,145.1288052,TRUE,:13485235056_1,0,0.770957092,TRUE,202.7730139,823.0649917,204.5740187,818.554088,-37.91300709,145.1288246,4.857146364,
138,-37.91310405,145.1287675,TRUE,-93686025#2,0,5.210933752,FALSE,199.7659449,807.6941556,200.3530375,807.5732849,-37.91310525,145.1287741,0.599405861,
139,-37.91321382,145.128742,TRUE,-93686025#2,0,17.57549057,FALSE,197.7687098,795.468516,198.2264058,795.3987418,-37.91321453,145.1287472,0.462983898,
140,-37.9133316,145.1287333,TRUE,:cluster_1087758731_9139166577_9141044959_0,0,7.015288555,TRUE,197.2662499,782.3836956,196.5297109,782.4776602,-37.91333062,145.1287249,0.742508631,
141,-37.91343646,145.1287177,TRUE,-93686025#0,0,4.717989023,FALSE,196.1284183,770.7203657,195.1381259,770.8320868,-37.91343527,145.1287065,0.996574367,
142,-37.91352989,145.1287427,TRUE,-93686025#0,0,14.66984375,FALSE,198.5343516,760.3970212,193.9615694,760.9500892,-37.91352408,145.1286908,4.606106892,
143,-37.91359061,145.1288317,TRUE,-93686025#0,0,35.47424567,FALSE,206.4937705,753.8162928,206.138765,751.4499151,-37.91361186,145.1288271,2.392858685,
144,-37.91361273,145.1290202,TRUE,-93686025#0,0,52.22724383,FALSE,223.1144208,751.6943936,222.7014114,748.9316429,-37.91363754,145.1290149,2.793450927,
145,-37.91361481,145.1290872,TRUE,-93686025#0,0,58.07269358,FALSE,229.0091447,751.5818138,228.4804436,748.0529683,-37.9136465,145.1290804,3.568231407,
146,-37.9136558,145.1291487,TRUE,:7572448743_1,0,2.614361783,TRUE,234.507014,747.1418742,234.5075793,747.1567429,-37.91365567,145.1291487,0.014879467,
147,-37.9136754,145.1293167,TRUE,-93686034#0,0,12.36465246,FALSE,249.3198382,745.2633819,249.2997344,745.1081446,-37.91367679,145.1293164,0.156533684,
148,-37.91367946,145.1294161,TRUE,-93686034#0,0,21.07052829,FALSE,258.0673053,744.9882349,257.9251325,743.9271471,-37.91368899,145.1294142,1.070570118,
149,-37.91370622,145.129505,TRUE,-93686034#0,0,29.25333501,FALSE,265.9422463,742.1756478,266.0333736,742.8249898,-37.91370039,145.1295062,0.655705184,
150,-37.91372128,145.1296874,TRUE,-93686034#0,0,45.35884446,FALSE,282.0108707,740.8262822,281.9921222,740.6557093,-37.91372281,145.1296871,0.171600205,
151,-37.9137451,145.1297417,TRUE,46129059#5,0,3.193144374,FALSE,286.8375099,738.2788779,286.6363161,736.7941254,-37.91375844,145.1297391,1.49832208,
152,-37.91383844,145.129776,TRUE,:588089675_1,0,9.000904974,TRUE,290.060698,727.9819017,288.9672013,728.0194766,-37.9138379,145.1297636,1.094142033,
153,-37.91392953,145.1297406,TRUE,46129059#3,0,27.81001348,FALSE,287.1514433,717.8116508,287.3737998,717.7854578,-37.91392981,145.1297431,0.223893933,
154,-37.91401858,145.12975,TRUE,-46129059#3,0,11.84189898,FALSE,288.1760815,707.9467928,289.4017114,707.8009456,-37.91402012,145.1297639,1.234277105,
155,-37.91415248,145.1297437,TRUE,-46129059#3,0,26.63753527,FALSE,287.9203718,693.0774573,287.6546461,693.1088179,-37.91415215,145.1297407,0.267569854,
156,-37.91427623,145.1297199,TRUE,-46129059#2,0,1.180481178,FALSE,286.103623,679.3035476,285.9115118,679.3302063,-37.91427596,145.1297177,0.193952029,
157,-37.91438343,145.1296987,TRUE,:cluster_1087758767_13253252981_5408819640_19,0,8.531534532,TRUE,284.4786001,667.3706953,284.3035082,667.3945007,-37.91438318,145.1296967,0.176702786,
158,-37.91448336,145.1297011,TRUE,-46129059#1,0,8.203296845,FALSE,284.9120896,656.286189,282.8658737,656.5573294,-37.91448055,145.1296779,2.064101882,
159,-37.91454851,145.1296885,TRUE,-46129059#1,0,15.51772548,FALSE,283.9494777,649.0345879,281.9081343,649.3058742,-37.9145457,145.1296654,2.05929093,
160,-37.91462139,145.1296804,TRUE,-46129059#1,0,23.62052255,FALSE,283.3996776,640.9331645,280.8471673,641.2728381,-37.91461787,145.1296515,2.575012035,
161,-37.91466784,145.1296436,TRUE,-46129059#1,0,29.20429155,FALSE,280.2679965,635.7139202,280.1160377,635.7371425,-37.9146676,145.1296419,0.153722962,
162,-37.91469309,145.1296639,TRUE,:563619361_15,0,5.7295801,TRUE,282.1088034,632.947862,282.0961917,632.6639285,-37.91469565,145.1296637,0.28421339,
163,-37.91480747,145.1297827,TRUE,44348023#1,0,9.013184046,FALSE,292.8072406,620.4652366,292.8270492,620.893728,-37.91480361,145.129783,0.428949029,
164,-37.91481227,145.1298492,TRUE,44348023#1,0,14.87628819,FALSE,298.6639674,620.0499029,298.6599691,620.3013408,-37.91481,145.1298492,0.251469743,
165,-37.91481604,145.129895,TRUE,44348023#1,0,18.91566266,FALSE,302.6986557,619.7123483,302.67646,619.8719845,-37.9148146,145.1298948,0.161171885,
166,-37.91482525,145.1300068,TRUE,44348023#1,0,28.77607017,FALSE,312.547538,618.8875486,312.4810071,618.8238944,-37.91482581,145.130006,0.092077232,
167,-37.91483234,145.1300862,TRUE,1038136215,0,5.563346718,FALSE,319.5434033,618.2408419,319.5080437,617.9514661,-37.91483494,145.1300857,0.291528038,
168,-37.91483691,145.1301314,TRUE,1038136215,0,9.570343343,FALSE,323.527124,617.8134468,323.4824109,617.4411451,-37.91484026,145.1301308,0.374977075,
169,-37.9148408,145.13017,TRUE,1038136215,0,12.99203975,FALSE,326.9291223,617.4498667,326.876244,617.0053665,-37.91484479,145.1301693,0.44763436,
170,-37.91485421,145.1303027,TRUE,1038136215,0,24.75583033,FALSE,338.6246723,616.1958406,338.5442406,615.5071597,-37.9148604,145.1303016,0.69336191,
171,-37.91486358,145.130385,TRUE,139327110#0,1,4.261182802,FALSE,345.8805468,615.3012251,345.9893402,616.190038,-37.91485559,145.1303864,0.895446393,
172,-37.91487584,145.1304871,TRUE,139327110#0,1,13.33985829,FALSE,354.8834752,614.1208269,355.0001733,615.0822313,-37.9148672,145.1304886,0.968461099,
173,-37.91488774,145.1305861,TRUE,139327110#0,1,22.14307449,FALSE,363.6130775,612.9749004,363.7376055,614.008037,-37.91487846,145.1305878,1.040614421,
174,-37.91489668,145.1306605,TRUE,139327110#0,1,28.75877596,FALSE,370.1734973,612.1140495,370.3038697,613.2007697,-37.91488691,145.1306622,1.094512493,
175,-37.91491512,145.1308139,TRUE,139327110#0,1,42.39932533,FALSE,383.699965,610.3383013,383.8424871,611.5363097,-37.91490435,145.1308158,1.206456315,
176,-37.91492559,145.1309036,TRUE,139327110#0,1,50.3706525,FALSE,391.6088107,609.3346298,391.7542467,610.563625,-37.91491455,145.1309055,1.237570498,
177,-37.91493959,145.131027,TRUE,139327110#0,1,61.33042465,FALSE,402.4880823,607.9986493,402.6321196,609.2262814,-37.91492856,145.1310289,1.23605308,
178,-37.91494977,145.1311167,TRUE,139327110#0,1,69.29617442,FALSE,410.3962772,607.0271398,410.5389648,608.2593476,-37.9149387,145.1311186,1.240441781,
179,-37.91496262,145.13123,TRUE,:cluster_10216473063_27606983_563623059_563623079_#4more_17,1,5.889249568,TRUE,420.3850902,605.8009426,420.5435172,606.9417069,-37.91495237,145.1312321,1.151712851,
180,-37.91497803,145.1313658,TRUE,:cluster_10216473063_27606983_563623059_563623079_#4more_17,1,17.95100914,TRUE,432.3575731,604.3303176,432.4911314,605.2862436,-37.91496944,145.1313675,0.965211036,
181,-37.91499589,145.13151,TRUE,:cluster_10216473063_27606983_563623059_563623079_#4more_17,1,30.78494965,TRUE,445.0739458,602.6026143,445.2036191,603.5247993,-37.91498761,145.1315117,0.931257457,
182,-37.91501563,145.1316693,TRUE,1209622645,1,4.010854871,FALSE,459.1219365,600.6928855,459.2442021,601.5890058,-37.91500758,145.1316709,0.904422668,
183,-37.91503548,145.1318253,TRUE,1209622645,1,17.90423537,FALSE,472.8800607,598.7651122,473.0106192,599.7150315,-37.91502695,145.131827,0.958849418,
184,-37.91505269,145.13196,TRUE,1209622645,1,29.90183844,FALSE,484.759822,597.092736,484.8985834,598.0967644,-37.91504367,145.1319618,1.013571757,
185,-37.91507576,145.1321313,TRUE,1209622645,1,45.17969219,FALSE,499.8701158,594.8345668,500.0368219,596.0360489,-37.91506497,145.1321335,1.212992172,
186,-37.91509674,145.1322861,TRUE,1209622645,1,58.98821302,FALSE,513.5252377,592.7792213,513.7191549,594.1735206,-37.91508421,145.1322886,1.40771961,
187,-37.91511743,145.1324375,TRUE,569766862#0,0,7.577799312,FALSE,526.8808129,590.7500443,526.8654936,590.6561697,-37.91511827,145.1324373,0.095116432,
188,-37.91513851,145.1325907,TRUE,569766862#0,0,21.2473983,FALSE,540.3954853,588.6807397,540.3866213,588.6469301,-37.91513881,145.1325906,0.034952294,
189,-37.9151591,145.1327404,TRUE,569766862#0,0,34.60454222,FALSE,553.6013758,586.6596219,553.5986875,586.683617,-37.91515888,145.1327404,0.024145197,
190,-37.91518178,145.1329066,TRUE,569766862#0,0,49.43059061,FALSE,568.2624175,584.4356224,568.2637039,584.5043956,-37.91518116,145.1329066,0.068785185,
191,-37.91520271,145.1330615,TRUE,569766862#0-AddedOffRampEdge,1,4.709317321,FALSE,581.926179,582.3858884,581.9381831,582.4679016,-37.91520197,145.1330617,0.082887055,
192,-37.91523315,145.1332895,TRUE,569766862#0-AddedOffRampEdge,1,25.03868477,FALSE,602.037276,579.4095581,602.0468121,579.4802241,-37.91523252,145.1332896,0.071306524,
193,-37.91525713,145.1334714,TRUE,569766862#0-AddedOffRampEdge,1,41.25194117,FALSE,618.0813598,577.0688573,618.0840233,577.0974651,-37.91525687,145.1334714,0.028731474,
194,-37.9152792,145.1336397,TRUE,569766862#0-AddedOffRampEdge,1,56.25081908,FALSE,632.9256162,574.9161289,632.9200419,574.8931756,-37.91527941,145.1336396,0.023620469,
195,-37.91530159,145.1338138,TRUE,569766862#0-AddedOffRampEdge,1,71.75843408,FALSE,648.2804507,572.7380737,648.2592736,572.6141202,-37.9153027,145.1338135,0.125749506,
196,-37.9153245,145.1339921,TRUE,569766862#0-AddedOffRampEdge,1,87.63977763,FALSE,664.0056517,570.5096801,663.9681759,570.2801404,-37.91532656,145.1339916,0.232578802,
197,-37.91534772,145.1341727,TRUE,569766862#1,0,6.650305231,FALSE,679.9337233,568.2509049,680.0556017,568.7799253,-37.91534298,145.1341742,0.542878412,
198,-37.91536961,145.1343473,TRUE,569766862#1,1,21.9364538,FALSE,695.3313727,566.1291248,695.2909785,565.006163,-37.91537972,145.1343466,1.123688085,
199,-37.91522059,145.1345427,TRUE,44348588#1,0,3.598405189,FALSE,712.1779643,583.008943,712.489806,582.6428058,-37.91522394,145.1345462,0.48093832,
200,-37.91515077,145.1346555,TRUE,:563629429_0,0,8.791293314,TRUE,721.9391413,590.9549782,721.0012213,591.3210074,-37.9151473,145.1346449,1.006812451,
201,-37.91499267,145.1347089,TRUE,139332152#2,0,17.90547689,FALSE,726.2824444,608.5924926,725.529549,608.7860821,-37.91499079,145.1347004,0.777385575,
202,-37.91487173,145.1347601,TRUE,139332152#2,0,32.04416546,FALSE,730.5148831,622.1026737,729.066732,622.4751599,-37.91486811,145.1347437,1.495288446,
203,-37.91475288,145.1348187,TRUE,:616063777_1,1,6.79638527,TRUE,735.402515,635.393953,736.0684183,635.2439863,-37.91475435,145.1348262,0.682581243,
204,-37.91463832,145.1348686,TRUE,139332152#3,1,3.245099986,FALSE,739.5348684,648.1938845,739.6695574,647.8610964,-37.91464134,145.1348701,0.359011229,
205,-37.91453462,145.1348942,TRUE,:92052896_0,0,7.670606502,TRUE,741.5551208,659.7459877,739.8120089,657.9685953,-37.91455032,145.134874,2.489490491,
206,-37.9144294,145.1348896,TRUE,:9141044985_1,0,3.624683642,TRUE,740.9171001,671.4136326,738.2176738,673.3736312,-37.91441126,145.1348594,3.335940236,
207,-37.91431429,145.1349268,TRUE,:579272_0,0,4.143630897,TRUE,743.9317946,684.2522505,744.907464,684.6910817,-37.91431051,145.134938,1.069814724,
208,-37.9143871,145.1351167,TRUE,:579273_0,0,4.843994064,TRUE,760.7877221,676.5069176,761.7459238,676.3645846,-37.91438855,145.1351276,0.968715143,
209,-37.9144481,145.1352714,TRUE,988996007#0,0,7.535047551,FALSE,774.5229415,670.0101407,774.3533739,669.3938315,-37.91445362,145.1352693,0.639210635,
210,-37.91452299,145.1354583,TRUE,:cluster_13391064294_588089890_588090168_13,0,5.438804715,TRUE,791.1196937,662.0286638,790.5836434,662.1377144,-37.91452191,145.1354522,0.547030061,
211,-37.91450113,145.1355799,TRUE,630680457#0,0,4.0041308,FALSE,801.7611076,664.6681922,801.6973259,664.2395614,-37.91450498,145.1355791,0.433350217,
212,-37.91452232,145.1357332,TRUE,630680457#1,0,2.289462381,FALSE,815.2848422,662.5864025,815.2134335,662.1757516,-37.91452601,145.1357323,0.416813406,
213,-37.91454794,145.1358735,TRUE,630680457#3,0,0.288998364,FALSE,827.6755621,659.9901598,827.7157441,660.2567522,-37.91454555,145.135874,0.269603624,
214,-37.91455944,145.1360063,TRUE,:cluster_588089887_588090135_12,0,7.567653315,TRUE,839.3756103,658.9475389,839.7320674,658.0130531,-37.91456792,145.1360101,1.000162578,
215,-37.91457785,145.1361682,TRUE,:588090138_11,0,7.29993318,TRUE,853.6491851,657.1892883,852.2096157,657.4622012,-37.91457513,145.1361519,1.465210389,
216,-37.91458769,145.1363494,TRUE,:cluster_588089885_588090142_611527863_3,0,2.299657015,TRUE,869.600412,656.415907,870.7599807,656.6608862,-37.91458569,145.1363626,1.185164336,
217,-37.91461556,145.136433,TRUE,630680457#7,0,0.139066,FALSE,877.0115662,653.4702552,876.9176453,652.820173,-37.9146214,145.1364318,0.65683181,
218,-37.91460795,145.1364999,TRUE,:92044229_3,0,3.270496068,TRUE,882.8758973,654.4322826,883.5991663,652.6188164,-37.91462442,145.1365077,1.952377544,
219,-37.9145174,145.1365885,TRUE,630680455#1,0,14.96061166,FALSE,890.4638948,664.6358782,891.5438333,664.4265062,-37.91451948,145.1366007,1.100047164,
220,-37.91445853,145.1365952,TRUE,-630680455#1,0,14.88252477,FALSE,890.9223001,671.1801611,889.6512067,671.4268533,-37.91445608,145.1365808,1.294810921,
221,-37.91435497,145.1366302,TRUE,:588089836_0,0,5.87319204,TRUE,893.7694441,682.7332044,895.1083494,682.4510505,-37.91435775,145.1366454,1.368312139,
222,-37.91423423,145.136677,TRUE,630680455#0,0,2.870224815,FALSE,897.6158367,696.2133617,898.0604061,696.1174487,-37.91423517,145.136682,0.454798041,
223,-37.91416567,145.1366965,TRUE,10585186,0,28.25787766,FALSE,899.1780178,703.8553887,899.7221541,703.7351782,-37.91416685,145.1367027,0.557256557,
224,-37.91408192,145.1367258,TRUE,10585186,0,18.61834088,FALSE,901.568037,713.200195,901.7511274,713.1587623,-37.91408233,145.1367279,0.187719974,
225,-37.91397994,145.136754,TRUE,10585186,0,7.031780872,FALSE,903.8209227,724.5659585,904.189919,724.4857508,-37.91398073,145.1367582,0.377612879,
226,-37.91389112,145.1367864,TRUE,:cluster_611527850_92044126_0,0,2.83620784,TRUE,906.4722342,734.4788028,907.1002201,733.7099924,-37.91389816,145.1367934,0.992691105,
227,-37.91377309,145.1368148,TRUE,:cluster_611527850_92044126_13,0,16.72284226,TRUE,908.7071168,747.6259031,909.2635383,747.3071165,-37.91377606,145.1368211,0.641271965,
228,-37.91375258,145.136699,TRUE,:92044125_0,0,1.722526172,TRUE,898.4814669,749.6982965,898.121264,748.6890725,-37.91376161,145.1366947,1.071577925,
229,-37.9136924,145.1365666,TRUE,-10585181#6,0,4.904729964,FALSE,886.7084762,756.1434827,886.480063,755.363847,-37.91369938,145.1365638,0.812406532,
230,-37.91367164,145.136488,TRUE,:588089830_1,0,5.548947945,TRUE,879.7525674,758.3089728,879.4879659,757.3611644,-37.91368013,145.1364848,0.984050231,
231,-37.91365399,145.136403,TRUE,-10585181#5,0,3.79614999,FALSE,872.2409198,760.1181072,872.0445789,759.3697548,-37.9136607,145.1364006,0.773680131,
232,-37.91362963,145.136288,TRUE,:588089828_1,0,8.43087964,TRUE,862.0770303,762.6190772,861.9378572,762.1044067,-37.91363424,145.1362863,0.533155519,
233,-37.91362111,145.1361886,TRUE,:588089826_0,0,2.632266715,TRUE,853.3197031,763.3897725,853.0151959,763.710839,-37.91361816,145.1361852,0.44250236,
234,-37.91357599,145.136097,TRUE,-10585181#3,0,1.740677017,FALSE,845.1668723,768.235488,844.8100407,766.9157336,-37.91358781,145.1360926,1.367143122,
235,-37.91356301,145.1360101,TRUE,:588089824_1,0,3.636796773,TRUE,837.4985369,769.5230445,837.3400139,768.9419918,-37.91356822,145.1360082,0.602288802,
236,-37.9135239,145.1359016,TRUE,10585181#2,0,1.402369022,FALSE,827.8733173,773.6721332,828.1636526,774.7435802,-37.9135143,145.1359051,1.11008711,
237,-37.91350375,145.1357667,TRUE,-10585181#1,0,1.244867755,FALSE,815.9692922,775.6708976,815.7422429,774.8692249,-37.91351093,145.1357639,0.833204939,
238,-37.91348771,145.1356971,TRUE,-10585181#1,0,7.617908527,FALSE,809.8150278,777.328399,809.6103826,776.6058707,-37.91349418,145.1356946,0.750950685,
239,-37.91346911,145.1356186,TRUE,-10585181#1,0,14.82659653,FALSE,802.8726631,779.2543166,802.6793593,778.587195,-37.91347508,145.1356163,0.694562895,
240,-37.91344529,145.1355308,TRUE,:cluster_579315_585131983_585132024_92043943_0,0,1.249655421,TRUE,795.1011276,781.7431117,795.2150849,780.4412574,-37.91345704,145.1355318,1.306832412,
241,-37.91341989,145.1354769,TRUE,:cluster_579315_585131983_585132024_92043943_1,0,7.390325219,TRUE,790.3062953,784.4668388,790.0461542,784.1915256,-37.91342232,145.1354739,0.378775395,
242,-37.9133775,145.1353923,TRUE,:cluster_579315_585131983_585132024_92043943_6,0,30.87123579,TRUE,782.7748481,789.0218693,782.6760268,789.085919,-37.91337691,145.1353912,0.117762484,
243,-37.91319551,145.1355177,TRUE,:585132146_2,0,4.328849392,TRUE,793.3950683,809.4369047,794.5031646,808.7683572,-37.91320173,145.1355301,1.294153386,
244,-37.91310496,145.1355984,TRUE,-1209653401,0,11.28430226,FALSE,800.2886091,819.6266883,801.0511662,819.140991,-37.91310947,145.135607,0.904099165,
245,-37.91303597,145.1356587,TRUE,-1209653401,0,20.5942435,FALSE,805.4366045,827.3881909,806.0353381,827.0043895,-37.91303954,145.1356654,0.711185899,
246,-37.91296622,145.1356987,TRUE,-1209653401,0,28.98911133,FALSE,808.7982997,835.1983298,810.5296161,834.0948952,-37.91297647,145.1357181,2.053052407,
247,-37.91285917,145.1357837,TRUE,-1209653401,0,43.01931173,FALSE,816.0332892,847.2265808,818.0408268,845.9451372,-37.91287108,145.1358062,2.381660119,
248,-37.91278046,145.1358601,TRUE,-73530943#10,1,9.097261443,FALSE,822.5751425,856.0949579,822.4820135,856.1391156,-37.91278005,145.1358591,0.103067508,
249,-37.9126987,145.1358868,TRUE,:9263162781_11,0,6.069216666,TRUE,824.7409754,865.2143945,825.9684631,864.711239,-37.91270345,145.1359006,1.32660903,
250,-37.91261695,145.1359356,TRUE,-73530943#9,1,6.67895706,FALSE,828.8497113,874.3715744,829.7462828,873.9968238,-37.91262049,145.1359457,0.971739884,
251,-37.91257953,145.1359379,TRUE,-73530943#9,0,10.60816372,FALSE,828.9688735,878.5279262,829.0924462,878.5010802,-37.91257979,145.1359393,0.126455227,
252,-37.91246831,145.1359938,TRUE,-73530943#9,0,23.91533177,FALSE,833.6364106,890.9677223,833.6360567,891.008531,-37.91246794,145.1359938,0.040810242,
253,-37.91238694,145.1360475,TRUE,:94406216_12,0,6.768563204,TRUE,838.176789,900.091344,839.1959677,899.7226926,-37.91239044,145.136059,1.083803035,
254,-37.91230367,145.136116,TRUE,-73530943#8,1,5.685707809,FALSE,844.0140788,909.4518132,842.9439559,909.8483386,-37.91229991,145.1361039,1.141225483,
255,-37.91221795,145.1361693,TRUE,:579314_0,1,0.202948264,TRUE,848.5096632,919.0574225,849.5525911,918.6885737,-37.91222146,145.1361811,1.106231482,
256,-37.91209969,145.1362081,TRUE,-73530943#7,1,13.31789866,FALSE,851.6583161,932.2483396,850.8176675,932.5290638,-37.91209701,145.1361986,0.886282191,
257,-37.91202582,145.1362653,TRUE,73530943#7,1,48.86558472,FALSE,856.5230777,940.5458646,856.8418488,940.4439195,-37.9120268,145.1362689,0.334675601,
258,-37.91189237,145.136307,TRUE,-73530943#7,1,37.91094464,FALSE,859.8930035,955.4274322,858.6245462,955.8500963,-37.91188833,145.1362927,1.337022381,
259,-37.91178487,145.1363603,TRUE,73530943#7,1,20.87438333,FALSE,864.3403157,967.4498468,865.7309616,966.9861694,-37.9117893,145.136376,1.465910226,
260,-37.91169506,145.1364023,TRUE,73530943#7,1,10.24617849,FALSE,867.8334583,977.4894277,869.1061405,977.0642102,-37.91169912,145.1364167,1.341838283,
261,-37.91163917,145.1363942,TRUE,-73530943#7,1,66.95319579,FALSE,866.9973641,983.6770205,867.8437919,983.3902099,-37.91164191,145.1364038,0.893700367,
262,-37.91160802,145.1364036,TRUE,-73530943#7,1,70.48686034,FALSE,867.7546512,987.1500996,868.9655273,986.7411045,-37.91161192,145.1364173,1.278083711,
263,-37.91149172,145.1364361,TRUE,-73530943#6,1,6.643834633,FALSE,870.3538571,1000.112442,871.6577154,999.9258934,-37.91149364,145.1364509,1.317135891,
264,-37.91139356,145.1364513,TRUE,-73530943#6,0,17.61409346,FALSE,871.4723956,1011.031474,871.0217409,1011.094089,-37.91139291,145.1364462,0.454983763,
265,-37.91128727,145.136474,TRUE,-73530943#6,0,29.57691183,FALSE,873.2322614,1022.865831,872.7276193,1022.934655,-37.91128656,145.1364683,0.509313512,
266,-37.9111706,145.1365053,TRUE,-73530943#5,1,3.668237676,FALSE,875.725173,1035.867119,876.8116241,1035.710961,-37.9111722,145.1365176,1.097616231,
267,-37.91104831,145.1365224,TRUE,-73530943#5,0,17.31030339,FALSE,876.9572374,1049.467071,876.5415284,1049.524395,-37.91104772,145.1365177,0.419642706,
268,-37.91093345,145.1365415,TRUE,-73530943#5,0,30.16022555,FALSE,878.3816192,1062.246069,878.3687897,1062.243735,-37.91093347,145.1365414,0.013040107,
269,-37.91081644,145.1365678,TRUE,-73530943#5,0,43.34810971,FALSE,880.434226,1075.276294,880.2441093,1075.297603,-37.91081621,145.1365656,0.191307131,
270,-37.9107045,145.1365889,TRUE,-73530943#5,0,55.90675155,FALSE,882.0409281,1087.734788,882.0309072,1087.728485,-37.91070455,145.1365888,0.011838103,
271,-37.91059789,145.1366173,TRUE,-73530943#5,0,67.98571549,FALSE,884.301241,1099.614667,883.7495916,1099.68455,-37.91059716,145.136611,0.556058254,
272,-37.91048246,145.1366522,TRUE,-73530943#5,1,81.12336819,FALSE,887.1134483,1112.484678,887.8451721,1112.376179,-37.91048357,145.1366605,0.739724059,
273,-37.91036404,145.1366488,TRUE,:426343948_9,0,8.673514529,TRUE,886.5518669,1125.619166,887.4973128,1125.49336,-37.91036534,145.1366595,0.953779441,
274,-37.91024938,145.1366875,TRUE,:92045319_2,0,0.871344493,TRUE,889.6998772,1138.410411,889.1241477,1138.475098,-37.91024869,145.136681,0.579352098,
275,-37.91013301,145.136694,TRUE,-73530943#2,0,8.552108996,FALSE,890.0132152,1151.334818,890.7433001,1151.240642,-37.91013399,145.1367023,0.736133834,
276,-37.91002626,145.1367175,TRUE,-73530943#2,0,20.57668818,FALSE,891.842465,1163.221617,892.2945806,1163.164737,-37.91002685,145.1367226,0.45567959,
277,-37.90989004,145.1367659,TRUE,-73530943#2,1,36.16476115,FALSE,895.7954696,1178.422307,896.5046446,1178.332669,-37.90989098,145.1367739,0.714817462,
278,-37.90977762,145.1367823,TRUE,-73530943#2,1,48.71851536,FALSE,896.9879554,1190.925798,898.1238673,1190.781559,-37.90977912,145.1367952,1.14503298,
279,-37.90968442,145.136788,TRUE,-73530943#2,0,59.0201919,FALSE,897.2823688,1201.277741,897.2578012,1201.286508,-37.90968434,145.1367877,0.026084774,
280,-37.9096462,145.1368061,TRUE,:cluster_3021408813_3031178405_11,0,4.32329067,TRUE,898.7888879,1205.550625,900.0704568,1205.37278,-37.90964803,145.1368206,1.293849923,
281,-37.90961976,145.136659,TRUE,298236188#1,0,1.425913487,FALSE,885.7977342,1208.226041,885.9057956,1206.000207,-37.90963983,145.1366597,2.228454746,
282,-37.90964653,145.1365836,TRUE,298236188#1,0,8.207136683,FALSE,879.228212,1205.123004,879.389411,1204.857362,-37.90964895,145.1365854,0.310726347,
283,-37.90966395,145.1365304,TRUE,:3021408814_0,0,2.041217988,TRUE,874.5896987,1203.096499,875.3168701,1202.108928,-37.90967298,145.1365384,1.226407415,
284,-37.90967353,145.1364794,TRUE,:3021408814_1,0,7.247879855,TRUE,870.1272123,1201.943823,870.239589,1200.864338,-37.90968327,145.1364804,1.085319328,
285,-37.9096948,145.1364118,TRUE,988580231,0,2.109652321,FALSE,864.2312474,1199.46479,864.2403971,1200.794438,-37.90968282,145.1364122,1.329680026,
286,-37.90968585,145.1363195,TRUE,988580231,0,10.24949557,FALSE,856.0967097,1200.295697,856.1007445,1200.850147,-37.90968086,145.1363197,0.554465076,
287,-37.90968879,145.1362819,TRUE,:cluster_3021408815_3031178391_9137640169_6,0,0.136761558,TRUE,852.7975756,1199.903371,853.0679592,1200.905623,-37.90967981,145.1362852,1.038082812,
288,-37.90969644,145.1362457,TRUE,988580232,0,0.088819513,FALSE,849.6319741,1198.99086,850.0255646,1198.971291,-37.90969669,145.1362502,0.394076654,
289,-37.90979771,145.1362386,TRUE,988580230#0,0,6.127636849,FALSE,849.2324421,1187.740965,849.8203537,1187.733019,-37.90979789,145.1362453,0.587965325,
290,-37.90982532,145.1362418,TRUE,988580230#0,0,9.180086812,FALSE,849.5750287,1184.682849,849.7756968,1184.680896,-37.90982537,145.1362441,0.20067762,
291,-37.90983759,145.1362433,TRUE,988580230#0,0,10.53637131,FALSE,849.7341249,1183.323946,849.7558546,1183.324756,-37.90983759,145.1362435,0.021744827,
292,-37.90984708,145.1362418,TRUE,988580230#0,0,11.59345993,FALSE,849.6233048,1182.268253,849.7403896,1182.267781,-37.90984711,145.1362431,0.117085771,
293,-37.90985303,145.1362338,TRUE,988580230#0,0,12.27771413,FALSE,848.9331757,1181.59395,849.7303791,1181.5836,-37.90985327,145.1362429,0.797270582,
294,-37.90986925,145.1362392,TRUE,988580230#0,0,14.06021855,FALSE,849.4439084,1179.803591,849.7043013,1179.801286,-37.90986932,145.1362422,0.260403132,
295,-37.90986709,145.1362324,TRUE,988580230#0,0,13.84135115,FALSE,848.8412862,1180.031322,849.7075033,1180.02013,-37.90986735,145.1362422,0.866289388,
296,-37.90986619,145.1362464,TRUE,988580230#0,0,13.69892525,FALSE,850.0701161,1180.155799,849.709587,1180.162541,-37.90986606,145.1362423,0.360592115,
297,-37.90987174,145.1362462,TRUE,988580230#0,0,14.31507718,FALSE,850.0648459,1179.539593,849.7005728,1179.546455,-37.90987161,145.1362421,0.364337719,
298,-37.90986482,145.1362465,TRUE,988580230#0,0,13.546676,FALSE,850.0758683,1180.307997,849.7118144,1180.314774,-37.90986469,145.1362424,0.364116963,
299,-37.90986212,145.1362466,TRUE,988580230#0,0,13.24691819,FALSE,850.0786698,1180.607778,849.7161998,1180.6145,-37.90986199,145.1362425,0.362532299,
300,-37.90986318,145.1362465,TRUE,988580230#0,0,13.36478575,FALSE,850.0722298,1180.489979,849.7144754,1180.496645,-37.90986306,145.1362424,0.357816508,
301,-37.90986646,145.1362464,TRUE,988580230#0,0,13.7288706,FALSE,850.0707151,1180.125839,849.7091489,1180.132599,-37.90986633,145.1362423,0.361629385,
302,-37.90987256,145.1362462,TRUE,988580230#0,0,14.4060223,FALSE,850.0666651,1179.448601,849.6992423,1179.455519,-37.90987243,145.136242,0.367487947,
303,-37.90988173,145.1362314,TRUE,988580230#0,0,15.46809784,FALSE,848.7858501,1178.405039,849.6837043,1178.393558,-37.909882,145.1362416,0.897927585,
304,-37.90989727,145.1362254,TRUE,988580230#0,0,17.20987958,FALSE,848.29283,1176.670098,849.6582223,1176.651962,-37.90989768,145.1362409,1.365512732,
305,-37.90994733,145.1362324,TRUE,988580230#0,0,22.74066462,FALSE,849.0193053,1171.127499,849.5773078,1171.121769,-37.90994748,145.1362387,0.558031922,
306,-37.91001381,145.1362412,TRUE,988580230#0,0,30.08709233,FALSE,849.9404578,1163.766021,849.4698308,1163.776128,-37.91001363,145.1362359,0.470735531,
307,-37.91007783,145.1362156,TRUE,:3021408832_1,0,7.682163454,TRUE,847.8318434,1156.61705,846.4366609,1156.441561,-37.91007916,145.1361997,1.40617594,
308,-37.91008578,145.1361541,TRUE,E9,0,0.735878929,FALSE,842.4426522,1155.626774,842.1009113,1153.129737,-37.91010821,145.1361496,2.520313417,
309,-37.91008864,145.1360988,TRUE,E9,0,5.491284755,FALSE,837.5872472,1155.212204,837.3893852,1153.774257,-37.91010156,145.1360962,1.451496265,
310,-37.91008997,145.1360441,TRUE,E9,0,10.2209386,FALSE,832.7811974,1154.968463,832.7033735,1154.415287,-37.91009494,145.1360431,0.558623464,
311,-37.91008179,145.1360167,TRUE,:3021408831_0,0,1.90446189,TRUE,830.354151,1155.827988,829.9564984,1155.775075,-37.9100822,145.1360122,0.40115764,
312,-37.91007868,145.1360176,TRUE,:3021408831_0,0,2.238863768,TRUE,830.4263748,1156.174671,829.914373,1156.106813,-37.9100792,145.1360118,0.516479073,
313,-37.90997768,145.1360076,TRUE,E10,0,11.13913151,FALSE,829.3231109,1167.364547,830.0071469,1167.358616,-37.90997786,145.1360154,0.684061677,
314,-37.90991051,145.1360087,TRUE,E10,0,18.59416387,FALSE,829.2707783,1174.819993,830.0788565,1174.813304,-37.90991072,145.1360179,0.808105904,
315,-37.90981335,145.1360098,TRUE,E10,0,29.37643337,FALSE,829.151903,1185.603276,830.1825708,1185.595074,-37.90981361,145.1360215,1.030700396,
316,-37.90970926,145.1360414,TRUE,E10,0,41.00696309,FALSE,831.6991013,1197.209164,830.2944444,1197.225066,-37.90970886,145.1360254,1.404746886,
317,-37.90960499,145.1360385,TRUE,E10,0,52.56763568,FALSE,831.2127894,1208.774375,830.405646,1208.785204,-37.90960475,145.1360293,0.807215942,
318,-37.90950228,145.1360105,TRUE,E10,0,63.88988159,FALSE,828.5232314,1220.122357,830.5145543,1220.106926,-37.90950278,145.1360331,1.991382632,
319,-37.90941055,145.1360118,TRUE,E10,0,74.07024046,FALSE,828.4339904,1230.303452,830.6124788,1230.286814,-37.90941109,145.1360366,2.178551898,
320,-37.90931968,145.1360131,TRUE,E10,0,84.1551866,FALSE,828.3466582,1240.389117,830.7094855,1240.371293,-37.90932027,145.13604,2.362894445,
321,-37.90927286,145.1360322,TRUE,E10,0,89.39935624,FALSE,829.921986,1245.61807,830.7599289,1245.61522,-37.90927304,145.1360417,0.837947729,
322,-37.90921099,145.1360281,TRUE,:7217594255_2,0,0.775418833,TRUE,829.4242501,1252.47626,830.7291481,1252.630078,-37.90920984,145.136043,1.313932614,
323,-37.90914678,145.1360015,TRUE,E11,0,1.149353103,FALSE,826.9431882,1259.554554,826.1682639,1257.555204,-37.90916465,145.1359922,2.144273096,
324,-37.90913988,145.1359113,TRUE,:7217594256_0,0,1.104943293,TRUE,818.9977602,1260.161639,819.0139398,1260.099278,-37.90914044,145.1359115,0.064426016,
325,-37.90920939,145.135831,TRUE,E12,0,6.039718569,FALSE,812.0922653,1252.307296,817.9651405,1252.360533,-37.90920997,145.1358978,5.87311652,
326,-37.90930982,145.135825,TRUE,E12,0,17.19193071,FALSE,811.7876212,1241.152543,818.0669562,1241.208786,-37.90931044,145.1358964,6.279586874,
327,-37.90940364,145.1358251,TRUE,E12,0,27.60468698,FALSE,812.0046033,1230.741992,818.162021,1230.796463,-37.90940426,145.1358951,6.157658609,
328,-37.9094989,145.1358273,TRUE,E12,0,38.175259,FALSE,812.4094061,1220.175344,818.2585265,1220.226332,-37.90949949,145.1358938,5.849342625,
329,-37.90958853,145.1358298,TRUE,E12,0,48.1206846,FALSE,812.8280906,1210.233956,818.3493247,1210.281321,-37.9095891,145.1358926,5.521437231,
330,-37.90968551,145.1358327,TRUE,E12,0,58.88148667,FALSE,813.2982516,1199.477679,818.447567,1199.520967,-37.90968605,145.1358913,5.149497364,
331,-37.90978778,145.1358347,TRUE,E12,0,70.23027298,FALSE,813.7010264,1188.132815,818.5511774,1188.172654,-37.90978829,145.1358899,4.850314534,
332,-37.90988099,145.1358343,TRUE,E12,0,80.57580535,FALSE,813.8726979,1177.789073,818.6456284,1177.827553,-37.9098815,145.1358886,4.773085581,
333,-37.90994888,145.135834,TRUE,E12,0,88.11103732,FALSE,813.9969749,1170.255138,818.7144224,1170.292635,-37.90994939,145.1358876,4.717596475,
334,-37.91002105,145.1358234,TRUE,E13,0,0.519500483,FALSE,813.2252149,1162.228165,812.544949,1157.057847,-37.9100675,145.1358145,5.214878088,
335,-37.91009842,145.1358156,TRUE,:cluster_3021408830_9137640151_0,0,9.87,TRUE,812.7111609,1153.629097,813.0621704,1156.990077,-37.91006821,145.1358204,3.379259921,
336,-37.91020806,145.1358328,TRUE,:634145142_w0,0,2.064423388,TRUE,814.4666135,1141.493144,819.3361918,1140.721788,-37.91021589,145.135888,4.930292323,
337,-37.9102272,145.1358327,TRUE,:634145142_w0,0,2.623589077,TRUE,814.5002951,1139.3691,818.8070254,1140.902479,-37.91021416,145.135882,4.571561755,
338,-37.91020762,145.1358328,TRUE,:634145142_w0,0,2.065145811,TRUE,814.4656372,1141.541969,819.3355081,1140.722022,-37.91021588,145.135888,4.938416407,
339,-37.91005141,145.135658,TRUE,:9137640172_1,0,6.953685676,TRUE,798.7512849,1158.56846,799.4072449,1159.990922,-37.91003871,145.1356658,1.566422807,
340,-37.9100332,145.1355462,TRUE,998107630#1,0,59.06726467,FALSE,788.881864,1160.392548,786.0848558,1160.403127,-37.9100326,145.1355144,2.7970282,
341,-37.91001943,145.1354261,TRUE,998107635#2,0,19.78810934,FALSE,778.2925899,1161.709343,778.26788,1156.624729,-37.91006523,145.1354247,5.084674508,
342,-37.9100068,145.135316,TRUE,998107635#2,0,10.07493163,FALSE,768.5850025,1162.917211,768.5548149,1156.671493,-37.91006306,145.1353142,6.24579071,
343,-37.91009812,145.1351734,TRUE,998107636,0,1.696894097,FALSE,756.2508938,1152.533106,755.98,1152.533106,-37.91009807,145.1351703,0.270893771,
344,-37.91012597,145.1350428,TRUE,E3,0,8.623537572,FALSE,744.8309018,1149.213031,744.8880159,1146.286322,-37.91015234,145.1350428,2.927266288,
345,-37.91013617,145.1349457,TRUE,E3,0,17.15917795,FALSE,736.3169142,1147.910397,736.3539132,1146.124312,-37.91015227,145.1349457,1.786467861,
346,-37.91014072,145.1349036,TRUE,:9199366844_0,0,2.800779393,TRUE,732.6257576,1147.331453,732.80308,1146.019485,-37.91015257,145.1349053,1.323896831,
347,-37.90994462,145.1348335,TRUE,E7,0,1.806345702,FALSE,726.0274626,1168.968364,725.3959013,1168.966341,-37.90994452,145.1348263,0.631564493,
348,-37.90987405,145.1348297,TRUE,E7,0,9.628992237,FALSE,725.536698,1176.792474,725.3781515,1176.788967,-37.90987405,145.1348279,0.158585352,
349,-37.90978091,145.1348326,TRUE,E7,0,19.96585163,FALSE,725.5848612,1187.132848,725.3546967,1187.1258,-37.90978093,145.13483,0.230272345,
350,-37.90969653,145.134859,TRUE,E7,0,29.3675721,FALSE,727.7185102,1196.542507,725.3333639,1196.527497,-37.90969624,145.1348319,2.385193542,
351,-37.90961185,145.1348629,TRUE,E0,0,2.931794529,FALSE,727.8733774,1205.945876,725.3024954,1205.941785,-37.90961142,145.1348337,2.570885263,
352,-37.90953246,145.1348628,TRUE,:9226568321_0,0,0,TRUE,727.6883243,1214.755204,725.28,1214.73,-37.90953225,145.1348354,2.408456153,
353,-37.90949855,145.1348502,TRUE,:9226568321_0,0,2.790106045,TRUE,726.5052878,1218.49586,724.7479598,1217.444567,-37.9095077,145.13483,2.047783948,
354,-37.90944639,145.1348453,TRUE,:9226568321_1,0,4.650007749,TRUE,725.9586899,1224.275171,727.1350913,1223.51498,-37.90945345,145.1348585,1.400646338,
355,-37.909433,145.1348349,TRUE,:9226568321_1,0,2.577228292,TRUE,725.0146274,1225.742697,727.9121968,1225.382441,-37.90943677,145.1348678,2.919878855,
356,-37.90944518,145.1348231,TRUE,:9226568321_1,0,7.221924348,TRUE,724.0042527,1224.370387,725.4126713,1221.711042,-37.90946939,145.1348385,3.009278589,
357,-37.90946478,145.1345437,TRUE,-11294993,0,20.29529692,FALSE,699.4838487,1221.703951,699.4669223,1220.620125,-37.90947454,145.1345433,1.083958068,
358,-37.90946613,145.1344272,TRUE,-11294993,0,30.52867889,FALSE,689.2445531,1221.349178,689.2346593,1220.771456,-37.90947133,145.134427,0.57780766,
359,-37.90944332,145.1342854,TRUE,11294993,0,17.42943298,FALSE,676.7273091,1223.630788,676.7370375,1224.17104,-37.90943846,145.1342856,0.540339315,
360,-37.90944631,145.1342028,TRUE,11294993,0,10.18274046,FALSE,669.4720294,1223.153658,669.491341,1224.291182,-37.90943607,145.1342033,1.13768769,
361,-37.90944165,145.1341124,TRUE,11294993,0,2.219525941,FALSE,661.5140087,1223.511677,661.5292209,1224.423203,-37.90943344,145.1341128,0.911652686,
362,-37.90945012,145.1339548,TRUE,-11294994,0,6.597726773,FALSE,647.6771483,1222.294456,647.6631609,1221.448213,-37.90945774,145.1339544,0.846358049,
363,-37.90944662,145.133819,TRUE,-11294994,0,18.54481883,FALSE,635.7302843,1222.44383,635.7177773,1221.650254,-37.90945377,145.1338187,0.793674749,
364,-37.90943323,145.1337349,TRUE,11294994,0,111.4826769,FALSE,628.3067424,1223.781629,628.3295568,1224.976231,-37.90942247,145.1337354,1.194819773,
365,-37.90942849,145.1336595,TRUE,11294994,0,104.8373684,FALSE,621.6672904,1224.174888,621.6851986,1225.088611,-37.90942026,145.1336599,0.913898971,
366,-37.90942559,145.1335484,TRUE,11294994,0,95.06240992,FALSE,611.8932978,1224.301125,611.911638,1225.253918,-37.90941701,145.1335488,0.952970209,
367,-37.90943111,145.1334262,TRUE,-11294994,0,53.12372935,FALSE,601.1621367,1223.473485,601.1438118,1222.235027,-37.90944226,145.1334257,1.238593035,
368,-37.90943423,145.133338,TRUE,-11294994,0,60.86108246,FALSE,593.4148132,1222.972003,593.4075652,1222.365876,-37.90943969,145.1333378,0.606170982,
369,-37.9094177,145.1332702,TRUE,1000438539,0,7.543544201,FALSE,587.4173275,1224.686891,588.0277864,1224.693096,-37.90941775,145.1332771,0.610490464,
370,-37.90941648,145.1330874,TRUE,11294994,0,54.51013272,FALSE,571.3434334,1224.500425,571.3646549,1225.907234,-37.90940381,145.133088,1.406969626,
371,-37.90942505,145.1329819,TRUE,-11294994,0,92.18787263,FALSE,562.0872616,1223.363694,562.084362,1222.838198,-37.90942978,145.1329817,0.525504247,
372,-37.90942154,145.1328454,TRUE,-11294994,0,104.1966251,FALSE,550.0788239,1223.512821,550.0768159,1223.008415,-37.90942608,145.1328453,0.504409778,
373,-37.90940289,145.1327595,TRUE,11294994,0,25.64105201,FALSE,542.4853213,1225.431048,542.4984753,1226.316498,-37.90939492,145.1327599,0.885547821,
374,-37.90941498,145.1326183,TRUE,-11294994,0,124.1787583,FALSE,530.0983465,1223.840816,530.0966902,1223.29165,-37.90941993,145.1326182,0.549168041,
375,-37.90941883,145.1325189,TRUE,-11294994,0,132.899282,FALSE,521.3679784,1223.238536,521.3770426,1223.415258,-37.90941724,145.132519,0.176954139,
376,-37.9094066,145.1324257,TRUE,:100383254_0,0,3.290343023,TRUE,513.1469476,1224.431485,513.5589224,1223.09381,-37.90941872,145.1324301,1.39967726,
377,-37.9093365,145.1323582,TRUE,:100383254_1,0,13.9485108,TRUE,507.0567207,1232.091235,508.3551343,1232.189453,-37.90933585,145.132373,1.302123125,
378,-37.90923964,145.1323874,TRUE,310292423,0,10.3270367,FALSE,509.4085604,1242.890732,508.9215604,1242.919501,-37.90923929,145.1323819,0.487848984,
379,-37.90913415,145.1323773,TRUE,310292423,0,21.93010192,FALSE,508.2860799,1254.578634,509.5974508,1254.502864,-37.90913507,145.1323922,1.313558103,
380,-37.90903092,145.13239,TRUE,310292423,0,33.43995753,FALSE,509.1731344,1266.055915,510.2679116,1265.993175,-37.90903168,145.1324024,1.096573483,
381,-37.90892866,145.1324669,TRUE,63906910#0,0,0.769161752,FALSE,515.7066427,1277.538636,515.9712828,1277.24502,-37.90893135,145.1324698,0.395277921,
382,-37.90893576,145.132628,TRUE,63906910#0,0,14.94645961,FALSE,529.8859093,1277.034517,529.8890842,1277.8554,-37.90892837,145.1326282,0.820889179,
383,-37.90892675,145.1327067,TRUE,-63906910#0,0,61.54828696,FALSE,536.7849768,1278.172911,534.3064162,1278.505792,-37.9089233,145.1326786,2.500814289,
384,-37.90869515,145.1326839,TRUE,63906910#0,0,42.23226215,FALSE,534.265671,1303.832236,534.4453772,1303.805885,-37.90869542,145.1326859,0.181627987,
385,-37.90858975,145.1327095,TRUE,63906910#0,0,54.13578497,FALSE,536.2820877,1315.573024,536.0161758,1315.605311,-37.90858941,145.1327065,0.267864963,
386,-37.90848767,145.1327191,TRUE,63906910#0,0,65.46816731,FALSE,536.8992048,1326.91723,537.5009502,1326.839951,-37.90848847,145.1327259,0.606687276,
387,-37.90838056,145.1327574,TRUE,63906910#0,0,77.87354409,FALSE,540.0283912,1338.87013,539.8678336,1338.933391,-37.90837996,145.1327556,0.172570721,
388,-37.9083479,145.1327977,TRUE,:9237664398_1,0,2.572523652,TRUE,543.4988964,1342.565213,542.8709815,1343.268399,-37.90834145,145.1327907,0.942734651,
389,-37.90830632,145.1328285,TRUE,:9237664398_1,0,7.448342823,TRUE,546.1143579,1347.233372,546.8566515,1346.048731,-37.90831713,145.1328367,1.397989504,
390,-37.90827606,145.1329354,TRUE,63906910#1,0,8.205759696,FALSE,555.4455502,1350.77941,555.5754987,1348.006351,-37.90830106,145.1329362,2.776101844,
391,-37.90829043,145.1330711,TRUE,63906910#1,0,20.08013921,FALSE,567.4079728,1349.423782,567.4414365,1348.445085,-37.90829925,145.1330713,0.97926872,
392,-37.90829043,145.1331668,TRUE,:26582424_3,0,1.288547441,TRUE,575.821735,1349.592278,575.0877932,1350.871009,-37.90827878,145.1331587,1.47438961,
393,-37.90826699,145.1331867,TRUE,:26582424_3,0,4.051611191,TRUE,577.5192184,1352.228332,577.3620135,1352.429208,-37.90826515,145.133185,0.255077666,
394,-37.90836847,145.1333052,TRUE,:9237664411_w0,0,2.257598624,TRUE,588.1630039,1341.176237,585.7672137,1347.018405,-37.90831541,145.1332793,6.314327526,
395,-37.90842654,145.1333955,TRUE,4577074#2,0,6.319244718,FALSE,596.2310247,1334.891474,595.2527052,1333.182187,-37.90844176,145.133384,1.969459499,
396,-37.90846307,145.133518,TRUE,4577074#2,0,18.90102874,FALSE,607.0821318,1331.053569,607.1079815,1329.917747,-37.90847331,145.133518,1.136115674,
397,-37.90845523,145.1335959,TRUE,4577074#2,0,25.68993725,FALSE,613.9135175,1332.060658,613.8953622,1330.058629,-37.90847326,145.1335952,2.002110944,
398,-37.90846089,145.1336855,TRUE,4577074#2,0,33.58496494,FALSE,621.803535,1331.590308,621.789985,1329.978676,-37.90847541,145.133685,1.611689376,
399,-37.90846841,145.1338045,TRUE,4577074#2,0,44.07055609,FALSE,632.2824687,1330.965302,632.2750385,1329.872488,-37.90847825,145.1338042,1.092839004,
400,-37.90847804,145.1339121,TRUE,4577074#2,0,53.54019697,FALSE,641.7638233,1330.086083,641.7410232,1329.697444,-37.90848154,145.1339118,0.389307335,
401,-37.90849781,145.1340416,TRUE,4577074#2,0,65.0551926,FALSE,653.1930984,1328.120209,652.9656883,1327.347534,-37.90850473,145.1340388,0.805445251,
402,-37.90852708,145.134175,TRUE,4577074#2,0,77.21717587,FALSE,664.9863459,1325.107016,664.6097027,1323.836015,-37.90853846,145.1341704,1.325632979,
403,-37.90856175,145.1342993,TRUE,4577074#2,0,88.80224347,FALSE,675.9915247,1321.478583,675.7013718,1320.491068,-37.90857059,145.1342958,1.029259037,
404,-37.90859543,145.1344235,TRUE,4577074#2,0,100.333193,FALSE,686.9857028,1317.959815,686.7252653,1317.110112,-37.90860304,145.1344203,0.888720496,
405,-37.90861606,145.1345309,TRUE,4577074#2,0,109.8523744,FALSE,696.4738757,1315.859568,695.7506034,1314.100466,-37.90863178,145.1345223,1.90198931,
406,-37.90870095,145.1346798,TRUE,4577074#2,0,125.5552995,FALSE,709.7533074,1306.701714,709.125016,1306.354432,-37.90870397,145.1346726,0.717881951,
407,-37.9087921,145.134697,TRUE,405414870#0,0,4.601776472,FALSE,711.4678753,1296.617521,712.4024965,1296.633017,-37.90879213,145.1347076,0.934749696,
408,-37.90888852,145.1347068,TRUE,405414870#0,0,15.30093916,FALSE,712.5435525,1285.935525,712.4595938,1285.934547,-37.90888851,145.1347058,0.083964353,
409,-37.90897659,145.1347141,TRUE,405414870#0,0,24.9789783,FALSE,713.3808949,1276.175688,711.9703138,1276.27348,-37.90897545,145.1346981,1.413966901,
410,-37.90906529,145.1347296,TRUE,:cluster_26582434_9215816595_0,0,9.036358244,TRUE,714.9405556,1266.360368,712.681965,1265.315669,-37.90907429,145.1347037,2.48849895,
411,-37.90912468,145.1347624,TRUE,:588090419_0,0,2.376285041,TRUE,717.9561016,1259.827862,716.0603149,1258.81438,-37.90913347,145.1347406,2.149687093,
412,-37.90919459,145.1348014,TRUE,405414870#3,0,0.68637145,FALSE,721.5400856,1252.138911,720.0534994,1251.344646,-37.90920148,145.1347843,1.685466225,
413,-37.90924643,145.1348252,TRUE,405414870#3,0,6.762056012,FALSE,723.7476067,1246.428357,722.9170808,1245.986116,-37.90925026,145.1348157,0.940930679,
414,-37.90928586,145.1348416,TRUE,405414870#3,0,11.3153881,FALSE,725.2769873,1242.081859,725.0631496,1241.970244,-37.90928683,145.1348391,0.241214518,
415,-37.90937395,145.1348735,TRUE,:588090556_0,0,10.07066505,TRUE,728.2771112,1232.363074,727.9006493,1232.309513,-37.90937436,145.1348692,0.380252982,
416,-37.90933363,145.1348588,TRUE,:588090556_0,0,5.440774847,TRUE,726.8952163,1236.811321,727.0225184,1236.847759,-37.90933332,145.1348603,0.132414208,
417,-37.90946693,145.1346278,TRUE,-11294993,0,12.89587187,FALSE,706.8824157,1221.613334,706.8655383,1220.510703,-37.90947686,145.1346274,1.102760025,
418,-37.90946511,145.1345567,TRUE,-11294993,0,19.15151848,FALSE,700.6274984,1221.690204,700.6105757,1220.603211,-37.9094749,145.1345563,1.087124688,
419,-37.90946207,145.1344378,TRUE,-11294993,0,29.61277654,FALSE,690.1674539,1221.818346,690.1504615,1220.757911,-37.90947162,145.1344374,1.060571085,
420,-37.90945971,145.1343455,TRUE,-11294993,0,37.73552193,FALSE,682.0475025,1221.917823,682.0286763,1220.882619,-37.90946903,145.1343451,1.035375323,
421,-37.90944626,145.1341991,TRUE,11294993,0,9.857383892,FALSE,669.1466266,1223.152696,669.1660291,1224.296576,-37.90943596,145.1341996,1.144044879,
422,-37.90944129,145.134077,TRUE,:664323249_1,0,4.106716741,TRUE,658.4009573,1223.489329,658.4161912,1224.474301,-37.90943242,145.1340774,0.985090065,
423,-37.90943524,145.1339669,TRUE,11294994,0,131.8782492,FALSE,648.7078882,1223.966909,648.7222124,1224.631316,-37.90942926,145.1339672,0.664561511,
424,-37.90943646,145.133855,TRUE,11294994,0,122.0498741,FALSE,638.8727167,1223.634594,638.8952428,1224.797526,-37.90942599,145.1338555,1.163150096,
425,-37.90943814,145.1337738,TRUE,-11294994,0,22.55129167,FALSE,631.7376107,1223.305258,631.7118774,1221.718008,-37.90945243,145.1337731,1.587458622,
426,-37.90942869,145.1336471,TRUE,11294994,0,103.7485199,FALSE,620.5775672,1224.130869,620.5965059,1225.107025,-37.9094199,145.1336475,0.976340264,
427,-37.90944045,145.1335797,TRUE,-11294994,0,39.59740248,FALSE,614.6781065,1222.707282,614.6682043,1222.00628,-37.90944676,145.1335794,0.701072271,
428,-37.90942675,145.1333902,TRUE,11294994,0,81.16510849,FALSE,597.9874465,1223.893917,598.016324,1225.488939,-37.90941239,145.1333909,1.595283923,
429,-37.90941832,145.1333006,TRUE,11294994,0,73.25680414,FALSE,590.0913745,1224.671613,590.1091499,1225.622644,-37.90940976,145.133301,0.95119751,
430,-37.90941609,145.1331851,TRUE,11294994,0,63.09501896,FALSE,579.9320339,1224.715719,579.9486784,1225.78553,-37.90940646,145.1331855,1.06994102,
431,-37.90941246,145.1330837,TRUE,11294994,0,54.16970114,FALSE,571.0092077,1224.939989,571.0242575,1225.91206,-37.90940371,145.1330841,0.972187829,
432,-37.90942425,145.1329508,TRUE,-11294994,0,94.9239337,FALSE,559.3512727,1223.397704,559.3485758,1222.87698,-37.90942894,145.1329507,0.520731242,
433,-37.9094089,145.1328147,TRUE,11294994,0,30.51511747,FALSE,547.3516854,1224.861356,547.3720509,1226.247401,-37.90939642,145.1328152,1.386194329,
434,-37.90940216,145.1326823,TRUE,11294994,0,18.85355643,FALSE,535.6965233,1225.376098,535.7116618,1226.412722,-37.90939282,145.1326827,1.03673363,
435,-37.90940235,145.1325553,TRUE,11294994,0,7.69287814,FALSE,524.5315145,1225.131348,524.5521051,1226.570941,-37.90938939,145.1325559,1.43974092,
436,-37.90939714,145.1324558,TRUE,:100383254_2,0,8.144758986,TRUE,515.7722125,1225.534229,515.9785672,1226.819739,-37.9093856,145.1324584,1.301967229,
437,-37.90940095,145.1323798,TRUE,:100383254_1,0,7.175592945,TRUE,509.0990067,1224.97759,510.1844367,1225.817178,-37.90939358,145.1323923,1.372248577,
438,-37.90923266,145.1323847,TRUE,310292423,0,11.08080357,FALSE,509.1556671,1243.660512,508.9654681,1243.671988,-37.90923252,145.1323825,0.190544892,
439,-37.90914573,145.1323902,TRUE,310292423,0,20.73751623,FALSE,509.4459543,1253.316382,509.5279815,1253.312303,-37.90914578,145.1323911,0.082128558,
440,-37.90904508,145.1323757,TRUE,310292423,0,31.77475996,FALSE,507.9473977,1264.459463,510.1709122,1264.330805,-37.90904664,145.132401,2.227233643,
441,-37.90904256,145.1323883,TRUE,310292423,0,32.14028654,FALSE,509.0495522,1264.761288,510.1922045,1264.695711,-37.90904336,145.1324013,1.144532438,
442,-37.90902794,145.1323769,TRUE,310292423,0,33.67957036,FALSE,508.0147938,1266.363516,510.2818693,1266.232381,-37.90902953,145.1324026,2.27086498,
443,-37.90901498,145.132185,TRUE,28533357#0,0,16.9270889,FALSE,491.1146624,1267.463595,491.4787822,1270.398917,-37.9089886,145.1321898,2.957819721,
444,-37.90900477,145.1321067,TRUE,28533357#0,0,9.951200803,FALSE,484.2080404,1268.458614,484.5565036,1271.262093,-37.90897958,145.1321113,2.825052523,
445,-37.90895601,145.1320656,TRUE,28533357#0,0,2.983981857,FALSE,480.4862231,1273.796861,478.7738571,1273.387809,-37.90895939,145.132046,1.760545468,
446,-37.90898464,145.1320664,TRUE,28533357#0,0,6.123765122,FALSE,480.6202157,1270.621344,480.7584816,1271.735689,-37.90897463,145.1320682,1.122890373,
447,-37.90899024,145.1320871,TRUE,28533357#0,0,8.014190666,FALSE,482.452555,1270.036406,482.6343793,1271.501773,-37.90897707,145.1320895,1.476604116,
448,-37.90903236,145.132075,TRUE,28533357#0,0,7.632508527,FALSE,481.4824094,1265.341247,482.2556304,1271.549001,-37.90897658,145.1320852,6.255724394,
449,-37.90903494,145.1320486,TRUE,28533357#0,0,5.376454106,FALSE,479.1671313,1265.008449,480.0169137,1271.828159,-37.90897366,145.1320598,6.87245051,
450,-37.90903346,145.132035,TRUE,28533357#0,0,4.472095888,FALSE,477.9681661,1265.148718,479.1198841,1271.940485,-37.90897249,145.1320496,6.888726371,
451,-37.90903322,145.1320244,TRUE,28533357#0,0,4.472095888,FALSE,477.0357099,1265.156675,479.1198841,1271.940485,-37.90897249,145.1320496,7.096749384,
452,-37.90904089,145.1320257,TRUE,28533357#0,0,4.472095888,FALSE,477.1670569,1264.307864,479.1198841,1271.940485,-37.90897249,145.1320496,7.878478695,
453,-37.90906293,145.1320231,TRUE,28533357#0,0,4.472095888,FALSE,476.9874793,1261.857617,479.1198841,1271.940485,-37.90897249,145.1320496,10.30589061,
